Transaction ID,Date,Type,Category,Subcategory,Amount,Payment Mode,Account,Recurring,Necessity,Merchant,Budget Limit,Description,Tags,Year,Month,MonthName,Quarter,Weekday,Is_Outlier
TXN100576,2024-05-31,Expense,Healthcare,Pharmacy,1328.28,Net Banking,Credit Card A/C,Yes,Essential,Swiggy,3000.0,Healthcare transaction #576,review,2024,5,May,Q2,Friday,False
TXN100431,2025-05-03,Expense,Uncategorized,General,2378.73,Credit Card,Primary Savings,No,Discretionary,BESCOM,0.0,Misc transaction #431,one-time,2025,5,May,Q2,Saturday,False
TXN101277,2025-05-31,Expense,Uncategorized,General,5620.14,UPI,Credit Card A/C,No,Discretionary,BESCOM,0.0,Misc transaction #1277,review,2025,5,May,Q2,Saturday,False
TXN102473,2025-09-19,Expense,Utilities,Internet,2317.81,Net Banking,Credit Card A/C,Yes,Essential,Employer,3000.0,Utilities transaction #2473,review,2025,9,Sep,Q3,Friday,False
TXN100934,2025-10-18,Expense,Food,Dining Out,866.81,Credit Card,Primary Savings,Yes,Discretionary,Swiggy,0.0,food transaction #934,review,2025,10,Oct,Q4,Saturday,False
TXN100810,2024-02-23,Expense,Uncategorized,General,3925.66,Cash,Credit Card A/C,Yes,Discretionary,Amazon,0.0,Misc transaction #810,review,2024,2,Feb,Q1,Friday,False
TXN100368,2024-12-05,Income,Salary,General,23798.76,Bank Transfer,Salary Account,Yes,N/A,Employer,0.0,Salary transaction #368,reimbursable,2024,12,Dec,Q4,Thursday,False
TXN100209,2024-10-08,Expense,Utilities,Electricity,5597.98,Cash,Salary Account,Yes,Essential,Zomato,3000.0,Utilities transaction #209,reimbursable,2024,10,Oct,Q4,Tuesday,False
TXN101348,2024-06-11,Income,Gift,General,23504.56,Bank Transfer,Salary Account,No,N/A,Zomato,0.0,Gift transaction #1348,None,2024,6,Jun,Q2,Tuesday,False
TXN102062,2024-11-11,Income,Investment,General,35561.41,Bank Transfer,Salary Account,No,N/A,Local Store,0.0,Investment transaction #2062,review,2024,11,Nov,Q4,Monday,False
TXN102211,2024-11-23,Expense,Groceries,Groceries,1450.0,Debit Card,Cash Wallet,Yes,Essential,Freelance Client,6000.0,Groceries transaction #2211,review,2024,11,Nov,Q4,Saturday,False
TXN101804,2024-07-18,Expense,Food,Groceries,6094.25,UPI,Primary Savings,No,Discretionary,Employer,0.0,food transaction #1804,review,2024,7,Jul,Q3,Thursday,False
TXN101118,2025-10-24,Expense,Subscriptions,Streaming,6630.64,UPI,Credit Card A/C,Yes,Discretionary,Local Store,1500.0,Subscriptions transaction #1118,None,2025,10,Oct,Q4,Friday,False
TXN101380,2024-08-28,Expense,Utilities,Internet,1963.42,Credit Card,Salary Account,Yes,Essential,Zomato,3000.0,Utilities transaction #1380,None,2024,8,Aug,Q3,Wednesday,False
TXN100520,2025-03-18,Expense,Shopping,Home Goods,3093.18,Cash,Cash Wallet,Yes,Discretionary,Freelance Client,5000.0,Shopping transaction #520,reimbursable,2025,3,Mar,Q1,Tuesday,False
TXN102496,2025-08-24,Expense,Food,Groceries,2549.44,Cash,Salary Account,No,Discretionary,Zomato,0.0,food transaction #2496,one-time,2025,8,Aug,Q3,Sunday,False
TXN100785,2024-12-22,Expense,Healthcare,Insurance Premium,5586.82,Unknown,Cash Wallet,No,Essential,Unknown Merchant,3000.0,Healthcare transaction #785,None,2024,12,Dec,Q4,Sunday,False
TXN100137,2025-12-23,Expense,Groceries,Groceries,201.08,Credit Card,Salary Account,No,Essential,Zomato,6000.0,Groceries transaction #137,None,2025,12,Dec,Q4,Tuesday,False
TXN100649,2025-04-26,Expense,Subscriptions,SaaS Tools,7961.85,Cash,Primary Savings,Yes,Discretionary,Apollo Pharmacy,1500.0,Subscriptions transaction #649,one-time,2025,4,Apr,Q2,Saturday,False
TXN102420,2024-08-16,Expense,Food,Dining Out,5955.47,Unknown,Salary Account,Yes,Discretionary,Zomato,8000.0,Food transaction #2420,reimbursable,2024,8,Aug,Q3,Friday,False
TXN100990,2025-05-23,Expense,Insurance,Health,2462.18,Credit Card,Primary Savings,Yes,Essential,Amazon,2000.0,Insurance transaction #990,None,2025,5,May,Q2,Friday,False
TXN100606,2025-02-09,Expense,Insurance,Vehicle,1189.77,Cash,Primary Savings,Yes,Essential,Unknown Merchant,2000.0,Insurance transaction #606,None,2025,2,Feb,Q1,Sunday,False
TXN100347,2024-10-25,Expense,Entertainment,Events,7180.17,Cash,Salary Account,No,Discretionary,Zomato,2500.0,Entertainment transaction #347,None,2024,10,Oct,Q4,Friday,False
TXN101200,2025-10-22,Expense,Transport,Cab,6701.08,Cash,Cash Wallet,No,Discretionary,Employer,4000.0,Transport transaction #1200,None,2025,10,Oct,Q4,Wednesday,False
TXN100286,2025-07-09,Expense,Healthcare,Pharmacy,1899.36,Credit Card,Primary Savings,No,Essential,Amazon,3000.0,Healthcare transaction #286,None,2025,7,Jul,Q3,Wednesday,False
TXN100263,2024-12-09,Expense,Utilities,Internet,5712.97,Net Banking,Primary Savings,No,Essential,Apollo Pharmacy,3000.0,Utilities transaction #263,reimbursable,2024,12,Dec,Q4,Monday,False
TXN101519,2025-01-25,Expense,Entertainment,Events,354.61,Unknown,Primary Savings,Yes,Discretionary,Netflix,2500.0,Entertainment transaction #1519,review,2025,1,Jan,Q1,Saturday,False
TXN101566,2025-11-01,Income,Freelance,General,70097.13,Bank Transfer,Salary Account,No,N/A,Employer,0.0,Freelance transaction #1566,review,2025,11,Nov,Q4,Saturday,False
TXN102262,2024-09-25,Expense,Education,Books,2338.3,Unknown,Salary Account,Yes,Discretionary,Swiggy,4000.0,Education transaction #2262,reimbursable,2024,9,Sep,Q3,Wednesday,False
TXN101967,2024-02-07,Expense,Healthcare,Pharmacy,1668.41,Net Banking,Cash Wallet,Yes,Essential,Uber,3000.0,Healthcare transaction #1967,review,2024,2,Feb,Q1,Wednesday,False
TXN101626,2024-06-28,Expense,Food,Snacks,6021.87,Net Banking,Credit Card A/C,No,Discretionary,Uber,0.0,food transaction #1626,None,2024,6,Jun,Q2,Friday,False
TXN101596,2024-04-30,Expense,Uncategorized,General,4668.75,UPI,Credit Card A/C,No,Discretionary,Amazon,0.0,Misc transaction #1596,None,2024,4,Apr,Q2,Tuesday,False
TXN102239,2025-03-03,Expense,Shopping,Home Goods,5996.52,UPI,Primary Savings,Yes,Discretionary,Netflix,5000.0,Shopping transaction #2239,None,2025,3,Mar,Q1,Monday,False
TXN102342,2025-11-13,Expense,Uncategorized,General,733.83,UPI,Credit Card A/C,No,Discretionary,BESCOM,0.0,Misc transaction #2342,None,2025,11,Nov,Q4,Thursday,False
TXN101994,2025-09-25,Expense,Transport,Cab,6379.91,Unknown,Primary Savings,Yes,Discretionary,Local Store,4000.0,Transport transaction #1994,reimbursable,2025,9,Sep,Q3,Thursday,False
TXN101075,2024-05-15,Expense,Shopping,Home Goods,2267.76,Net Banking,Credit Card A/C,No,Discretionary,BESCOM,5000.0,Shopping transaction #1075,None,2024,5,May,Q2,Wednesday,False
TXN100904,2025-09-03,Expense,Subscriptions,Memberships,1199.71,Unknown,Credit Card A/C,Yes,Discretionary,Amazon,1500.0,Subscriptions transaction #904,None,2025,9,Sep,Q3,Wednesday,False
TXN100018,2025-08-07,Expense,Transport,Cab,1563.76,UPI,Cash Wallet,No,Discretionary,Local Store,4000.0,Transport transaction #18,None,2025,8,Aug,Q3,Thursday,False
TXN101637,2025-05-07,Expense,Rent,Housing,6725.98,Unknown,Salary Account,Yes,Essential,Netflix,15000.0,Rent transaction #1637,None,2025,5,May,Q2,Wednesday,False
TXN100140,2025-07-21,Income,Bonus,General,23047.41,Bank Transfer,Salary Account,No,N/A,Local Store,0.0,Bonus transaction #140,None,2025,7,Jul,Q3,Monday,False
TXN101460,2025-06-01,Expense,Food,Groceries,2978.56,Net Banking,Salary Account,No,Discretionary,Uber,8000.0,Food transaction #1460,reimbursable,2025,6,Jun,Q2,Sunday,False
TXN101924,2025-12-06,Expense,Rent,Housing,4791.88,Debit Card,Primary Savings,Yes,Essential,Swiggy,15000.0,Rent transaction #1924,None,2025,12,Dec,Q4,Saturday,False
TXN102022,2024-04-02,Expense,Shopping,Home Goods,1822.3,UPI,Salary Account,Yes,Discretionary,Local Store,5000.0,Shopping transaction #2022,reimbursable,2024,4,Apr,Q2,Tuesday,False
TXN100184,2024-11-05,Expense,Groceries,Groceries,2908.44,Credit Card,Primary Savings,Yes,Essential,Apollo Pharmacy,6000.0,Groceries transaction #184,reimbursable,2024,11,Nov,Q4,Tuesday,False
TXN100062,2024-05-02,Expense,Uncategorized,General,1572.75,Unknown,Cash Wallet,No,Discretionary,Unknown Merchant,0.0,Misc transaction #62,reimbursable,2024,5,May,Q2,Thursday,False
TXN101335,2024-09-15,Income,Bonus,General,76918.02,Bank Transfer,Salary Account,No,N/A,Local Store,0.0,Bonus transaction #1335,None,2024,9,Sep,Q3,Sunday,False
TXN102326,2025-04-28,Income,Salary,General,64723.6,Bank Transfer,Salary Account,Yes,N/A,Employer,0.0,Salary transaction #2326,review,2025,4,Apr,Q2,Monday,False
TXN100426,2024-02-25,Income,Bonus,General,56678.8,Bank Transfer,Salary Account,No,N/A,Zomato,0.0,Bonus transaction #426,None,2024,2,Feb,Q1,Sunday,False
TXN101381,2024-04-20,Expense,Rent,Housing,2295.68,Debit Card,Credit Card A/C,Yes,Essential,Employer,15000.0,Rent transaction #1381,one-time,2024,4,Apr,Q2,Saturday,False
TXN101805,2024-06-09,Income,Salary,General,32374.62,Bank Transfer,Salary Account,Yes,N/A,Employer,0.0,Salary transaction #1805,None,2024,6,Jun,Q2,Sunday,False
TXN101950,2025-10-05,Income,Freelance,General,87074.31,Bank Transfer,Salary Account,No,N/A,Uber,0.0,Freelance transaction #1950,review,2025,10,Oct,Q4,Sunday,False
TXN102097,2024-05-02,Income,Bonus,General,22264.4,Bank Transfer,Salary Account,No,N/A,Apollo Pharmacy,0.0,Bonus transaction #2097,None,2024,5,May,Q2,Thursday,False
TXN102145,2025-04-05,Expense,Shopping,Electronics,5340.8,Net Banking,Cash Wallet,No,Discretionary,Uber,5000.0,Shopping transaction #2145,one-time,2025,4,Apr,Q2,Saturday,False
TXN100232,2024-12-04,Expense,Healthcare,Pharmacy,5056.59,Credit Card,Cash Wallet,No,Essential,Amazon,3000.0,Healthcare transaction #232,one-time,2024,12,Dec,Q4,Wednesday,False
TXN100916,2024-11-26,Expense,Food,Groceries,5049.71,Net Banking,Salary Account,Yes,Discretionary,Employer,0.0,food transaction #916,None,2024,11,Nov,Q4,Tuesday,False
TXN102203,2025-10-28,Expense,Food,Snacks,5602.0,Debit Card,Primary Savings,Yes,Discretionary,Zomato,0.0,food transaction #2203,None,2025,10,Oct,Q4,Tuesday,False
TXN102034,2024-05-14,Expense,Shopping,Clothing,7400.7,UPI,Credit Card A/C,No,Discretionary,Unknown Merchant,5000.0,Shopping transaction #2034,reimbursable,2024,5,May,Q2,Tuesday,False
TXN100112,2025-04-09,Expense,Entertainment,Streaming,6225.84,Net Banking,Primary Savings,Yes,Discretionary,Swiggy,2500.0,Entertainment transaction #112,review,2025,4,Apr,Q2,Wednesday,False
TXN101812,2025-08-04,Expense,Subscriptions,Streaming,6908.47,Cash,Salary Account,Yes,Discretionary,Local Store,1500.0,Subscriptions transaction #1812,reimbursable,2025,8,Aug,Q3,Monday,False
TXN100748,2025-07-10,Expense,Food,Dining Out,2805.73,Cash,Cash Wallet,Yes,Discretionary,Apollo Pharmacy,8000.0,Food transaction #748,None,2025,7,Jul,Q3,Thursday,False
TXN102069,2025-07-15,Expense,Entertainment,Events,6928.03,Cash,Cash Wallet,No,Discretionary,Apollo Pharmacy,2500.0,Entertainment transaction #2069,one-time,2025,7,Jul,Q3,Tuesday,False
TXN100886,2024-07-11,Expense,Insurance,Life,726.06,Net Banking,Primary Savings,Yes,Essential,Employer,2000.0,Insurance transaction #886,None,2024,7,Jul,Q3,Thursday,False
TXN102489,2025-07-04,Expense,Insurance,Vehicle,3279.98,Debit Card,Cash Wallet,Yes,Essential,Apollo Pharmacy,2000.0,Insurance transaction #2489,None,2025,7,Jul,Q3,Friday,False
TXN102005,2024-04-12,Expense,Food,Dining Out,6738.46,Net Banking,Cash Wallet,No,Discretionary,Employer,0.0,food transaction #2005,one-time,2024,4,Apr,Q2,Friday,False
TXN100418,2025-01-08,Expense,Utilities,Water,1092.56,Net Banking,Salary Account,Yes,Essential,Unknown Merchant,3000.0,Utilities transaction #418,one-time,2025,1,Jan,Q1,Wednesday,False
TXN101452,2025-02-20,Expense,Shopping,Home Goods,4488.19,Net Banking,Credit Card A/C,Yes,Discretionary,Employer,5000.0,Shopping transaction #1452,reimbursable,2025,2,Feb,Q1,Thursday,False
TXN100515,2024-12-16,Expense,Transport,Fuel,669.26,Unknown,Cash Wallet,Yes,Discretionary,Employer,4000.0,Transport transaction #515,None,2024,12,Dec,Q4,Monday,False
TXN101857,2024-08-02,Expense,Rent,Housing,5051.38,Cash,Credit Card A/C,Yes,Essential,Uber,15000.0,Rent transaction #1857,reimbursable,2024,8,Aug,Q3,Friday,False
TXN100079,2024-05-19,Expense,Utilities,Water,6312.35,Debit Card,Primary Savings,No,Essential,Unknown Merchant,3000.0,Utilities transaction #79,review,2024,5,May,Q2,Sunday,False
TXN102048,2025-03-25,Expense,Entertainment,Streaming,4267.49,Debit Card,Salary Account,No,Discretionary,Freelance Client,2500.0,Entertainment transaction #2048,review,2025,3,Mar,Q1,Tuesday,False
TXN100776,2025-06-17,Expense,Shopping,Home Goods,6016.88,Credit Card,Credit Card A/C,No,Discretionary,BESCOM,5000.0,Shopping transaction #776,review,2025,6,Jun,Q2,Tuesday,False
TXN100463,2025-12-02,Expense,Food,Groceries,3417.15,Debit Card,Salary Account,No,Discretionary,Uber,0.0,food transaction #463,None,2025,12,Dec,Q4,Tuesday,False
TXN101850,2025-01-09,Expense,Entertainment,Movies,6997.07,Unknown,Credit Card A/C,Yes,Discretionary,Apollo Pharmacy,2500.0,Entertainment transaction #1850,review,2025,1,Jan,Q1,Thursday,False
TXN102411,2024-05-25,Expense,Entertainment,Streaming,963.33,Credit Card,Cash Wallet,No,Discretionary,Apollo Pharmacy,2500.0,Entertainment transaction #2411,review,2024,5,May,Q2,Saturday,False
TXN101062,2025-11-11,Expense,Utilities,Internet,1964.14,Cash,Cash Wallet,No,Essential,Unknown Merchant,3000.0,Utilities transaction #1062,reimbursable,2025,11,Nov,Q4,Tuesday,False
TXN101560,2025-04-22,Expense,Rent,Housing,6182.45,Unknown,Primary Savings,Yes,Essential,Zomato,15000.0,Rent transaction #1560,None,2025,4,Apr,Q2,Tuesday,False
TXN100131,2024-07-04,Expense,Uncategorized,General,7226.12,Unknown,Cash Wallet,Yes,Discretionary,Local Store,0.0,Misc transaction #131,one-time,2024,7,Jul,Q3,Thursday,False
TXN102432,2025-09-10,Expense,Rent,Housing,7141.21,UPI,Cash Wallet,Yes,Essential,Netflix,15000.0,Rent transaction #2432,review,2025,9,Sep,Q3,Wednesday,False
TXN101152,2025-06-29,Expense,Insurance,Life,4616.79,Debit Card,Salary Account,Yes,Essential,BESCOM,2000.0,Insurance transaction #1152,None,2025,6,Jun,Q2,Sunday,False
TXN100273,2024-04-21,Expense,Rent,Housing,3281.77,Net Banking,Credit Card A/C,Yes,Essential,BESCOM,15000.0,Rent transaction #273,None,2024,4,Apr,Q2,Sunday,False
TXN102205,2024-01-16,Expense,Education,Courses,823.68,Net Banking,Cash Wallet,No,Discretionary,Local Store,4000.0,Education transaction #2205,one-time,2024,1,Jan,Q1,Tuesday,False
TXN101464,2024-02-19,Expense,Transport,Fuel,5065.45,Credit Card,Cash Wallet,Yes,Discretionary,Swiggy,4000.0,Transport transaction #1464,None,2024,2,Feb,Q1,Monday,False
TXN100611,2025-11-07,Expense,Uncategorized,General,3754.87,Debit Card,Cash Wallet,No,Discretionary,Landlord,0.0,Misc transaction #611,reimbursable,2025,11,Nov,Q4,Friday,False
TXN100111,2024-12-13,Expense,Rent,Housing,3236.24,Credit Card,Primary Savings,Yes,Essential,Zomato,15000.0,Rent transaction #111,one-time,2024,12,Dec,Q4,Friday,False
TXN100048,2025-08-21,Expense,Food,Snacks,96.87,Debit Card,Credit Card A/C,No,Discretionary,Local Store,8000.0,Food transaction #48,reimbursable,2025,8,Aug,Q3,Thursday,False
TXN101843,2025-11-06,Expense,Uncategorized,General,4016.29,Cash,Cash Wallet,No,Discretionary,Landlord,0.0,Misc transaction #1843,None,2025,11,Nov,Q4,Thursday,False
TXN101354,2024-09-04,Expense,Entertainment,Events,3726.12,Cash,Salary Account,Yes,Discretionary,Unknown Merchant,2500.0,Entertainment transaction #1354,None,2024,9,Sep,Q3,Wednesday,False
TXN100278,2025-03-30,Expense,Food,Dining Out,7541.13,UPI,Salary Account,No,Discretionary,Unknown Merchant,0.0,food transaction #278,review,2025,3,Mar,Q1,Sunday,False
TXN102207,2025-12-24,Expense,Food,Dining Out,1518.26,UPI,Salary Account,No,Discretionary,Uber,8000.0,Food transaction #2207,None,2025,12,Dec,Q4,Wednesday,False
TXN101915,2025-02-16,Expense,Groceries,Groceries,76.7,Net Banking,Primary Savings,Yes,Essential,Netflix,6000.0,Groceries transaction #1915,None,2025,2,Feb,Q1,Sunday,False
TXN101794,2024-08-13,Expense,Rent,Housing,6864.38,Credit Card,Salary Account,Yes,Essential,Zomato,15000.0,Rent transaction #1794,None,2024,8,Aug,Q3,Tuesday,False
TXN101573,2025-01-15,Expense,Rent,Housing,6740.55,Credit Card,Credit Card A/C,Yes,Essential,Apollo Pharmacy,15000.0,Rent transaction #1573,reimbursable,2025,1,Jan,Q1,Wednesday,False
TXN100363,2024-12-05,Expense,Utilities,Electricity,4965.33,Cash,Primary Savings,Yes,Essential,Freelance Client,3000.0,Utilities transaction #363,review,2024,12,Dec,Q4,Thursday,False
TXN102084,2024-05-11,Expense,Entertainment,Movies,7084.6,Unknown,Cash Wallet,No,Discretionary,Uber,2500.0,Entertainment transaction #2084,None,2024,5,May,Q2,Saturday,False
TXN101406,2025-09-09,Expense,Food,Dining Out,7798.38,Debit Card,Credit Card A/C,Yes,Discretionary,Swiggy,0.0,food transaction #1406,None,2025,9,Sep,Q3,Tuesday,False
TXN102442,2024-01-15,Income,Gift,General,26991.46,Bank Transfer,Salary Account,No,N/A,Netflix,0.0,Gift transaction #2442,reimbursable,2024,1,Jan,Q1,Monday,False
TXN101711,2025-01-10,Expense,Entertainment,Streaming,7263.92,Cash,Primary Savings,No,Discretionary,BESCOM,2500.0,Entertainment transaction #1711,None,2025,1,Jan,Q1,Friday,False
TXN101935,2024-07-06,Expense,Food,Snacks,3375.53,Cash,Credit Card A/C,No,Discretionary,Swiggy,8000.0,Food transaction #1935,None,2024,7,Jul,Q3,Saturday,False
TXN101250,2024-10-13,Expense,Food,Dining Out,1376.71,Unknown,Salary Account,No,Discretionary,Netflix,8000.0,Food transaction #1250,None,2024,10,Oct,Q4,Sunday,False
TXN101199,2024-04-08,Expense,Uncategorized,General,5681.41,Net Banking,Credit Card A/C,Yes,Discretionary,Employer,0.0,Misc transaction #1199,review,2024,4,Apr,Q2,Monday,False
TXN101314,2025-08-01,Expense,Education,Tuition,2062.97,UPI,Cash Wallet,Yes,Discretionary,Apollo Pharmacy,4000.0,Education transaction #1314,None,2025,8,Aug,Q3,Friday,False
TXN100142,2024-06-28,Expense,Insurance,Health,3854.32,Credit Card,Salary Account,Yes,Essential,Zomato,2000.0,Insurance transaction #142,None,2024,6,Jun,Q2,Friday,False
TXN101146,2025-11-24,Expense,Utilities,Water,7464.82,Credit Card,Primary Savings,No,Essential,Local Store,3000.0,Utilities transaction #1146,None,2025,11,Nov,Q4,Monday,False
TXN101111,2024-10-20,Expense,Healthcare,Pharmacy,1462.13,Debit Card,Primary Savings,No,Essential,Apollo Pharmacy,3000.0,Healthcare transaction #1111,None,2024,10,Oct,Q4,Sunday,False
TXN101904,2024-07-03,Expense,Food,Groceries,3394.3,Unknown,Credit Card A/C,No,Discretionary,Zomato,8000.0,Food transaction #1904,one-time,2024,7,Jul,Q3,Wednesday,False
TXN102348,2024-05-23,Expense,Insurance,Vehicle,580.9,Net Banking,Credit Card A/C,Yes,Essential,Apollo Pharmacy,2000.0,Insurance transaction #2348,one-time,2024,5,May,Q2,Thursday,False
TXN100240,2025-07-16,Expense,Groceries,Groceries,4367.69,Debit Card,Primary Savings,No,Essential,Landlord,6000.0,Groceries transaction #240,review,2025,7,Jul,Q3,Wednesday,False
TXN101569,2024-02-25,Expense,Entertainment,Events,1884.91,Cash,Credit Card A/C,Yes,Discretionary,Swiggy,2500.0,Entertainment transaction #1569,review,2024,2,Feb,Q1,Sunday,False
TXN101462,2024-09-01,Expense,Transport,Fuel,6600.3,Credit Card,Credit Card A/C,No,Discretionary,Unknown Merchant,4000.0,Transport transaction #1462,None,2024,9,Sep,Q3,Sunday,False
TXN102477,2024-02-04,Expense,Entertainment,Streaming,4074.61,Credit Card,Credit Card A/C,No,Discretionary,Uber,2500.0,Entertainment transaction #2477,None,2024,2,Feb,Q1,Sunday,False
TXN100060,2025-10-23,Expense,Healthcare,Pharmacy,1811.69,Unknown,Salary Account,No,Essential,Freelance Client,3000.0,Healthcare transaction #60,reimbursable,2025,10,Oct,Q4,Thursday,False
TXN100842,2025-07-03,Expense,Food,Dining Out,3542.89,Credit Card,Credit Card A/C,No,Discretionary,Amazon,0.0,food transaction #842,None,2025,7,Jul,Q3,Thursday,False
TXN101405,2025-06-27,Expense,Healthcare,Doctor Visit,3284.62,UPI,Credit Card A/C,No,Essential,Swiggy,3000.0,Healthcare transaction #1405,reimbursable,2025,6,Jun,Q2,Friday,False
TXN101799,2025-04-30,Expense,Rent,Housing,4559.55,UPI,Cash Wallet,Yes,Essential,Zomato,15000.0,Rent transaction #1799,None,2025,4,Apr,Q2,Wednesday,False
TXN101887,2024-01-15,Expense,Food,Groceries,4860.09,Net Banking,Primary Savings,No,Discretionary,BESCOM,0.0,food transaction #1887,one-time,2024,1,Jan,Q1,Monday,False
TXN101731,2024-11-27,Expense,Transport,Cab,69506.01,UPI,Primary Savings,No,Discretionary,Swiggy,4000.0,Transport transaction #1731,None,2024,11,Nov,Q4,Wednesday,True
TXN101684,2025-09-20,Expense,Transport,Public Transit,4942.22,Credit Card,Credit Card A/C,No,Discretionary,BESCOM,4000.0,Transport transaction #1684,None,2025,9,Sep,Q3,Saturday,False
TXN101125,2025-06-04,Expense,Education,Books,7205.03,Debit Card,Salary Account,No,Discretionary,Landlord,4000.0,Education transaction #1125,one-time,2025,6,Jun,Q2,Wednesday,False
TXN101986,2025-02-11,Expense,Entertainment,Streaming,7053.76,Net Banking,Credit Card A/C,Yes,Discretionary,Unknown Merchant,2500.0,Entertainment transaction #1986,None,2025,2,Feb,Q1,Tuesday,False
TXN102139,2025-05-24,Expense,Insurance,Life,5735.3,Unknown,Cash Wallet,Yes,Essential,Zomato,2000.0,Insurance transaction #2139,reimbursable,2025,5,May,Q2,Saturday,False
TXN100529,2024-06-03,Expense,Entertainment,Movies,5621.16,Cash,Salary Account,Yes,Discretionary,Uber,2500.0,Entertainment transaction #529,reimbursable,2024,6,Jun,Q2,Monday,False
TXN100707,2025-01-29,Expense,Utilities,Electricity,4447.31,UPI,Cash Wallet,Yes,Essential,Local Store,3000.0,Utilities transaction #707,None,2025,1,Jan,Q1,Wednesday,False
TXN100014,2024-05-08,Income,Bonus,General,86279.41,Bank Transfer,Salary Account,No,N/A,Swiggy,0.0,Bonus transaction #14,one-time,2024,5,May,Q2,Wednesday,False
TXN102012,2025-01-17,Income,Gift,General,47425.31,Bank Transfer,Salary Account,No,N/A,Landlord,0.0,Gift transaction #2012,None,2025,1,Jan,Q1,Friday,False
TXN100204,2025-01-14,Expense,Food,Snacks,5942.96,UPI,Credit Card A/C,No,Discretionary,Netflix,8000.0,Food transaction #204,one-time,2025,1,Jan,Q1,Tuesday,False
TXN100827,2025-01-23,Income,Gift,General,37324.84,Bank Transfer,Salary Account,No,N/A,Netflix,0.0,Gift transaction #827,reimbursable,2025,1,Jan,Q1,Thursday,False
TXN101835,2025-07-18,Expense,Groceries,Groceries,6844.15,UPI,Credit Card A/C,No,Essential,BESCOM,6000.0,Groceries transaction #1835,one-time,2025,7,Jul,Q3,Friday,False
TXN100084,2025-06-30,Expense,Entertainment,Events,6087.24,Net Banking,Primary Savings,Yes,Discretionary,BESCOM,2500.0,Entertainment transaction #84,None,2025,6,Jun,Q2,Monday,False
TXN102160,2024-06-21,Expense,Shopping,Clothing,2916.73,Net Banking,Cash Wallet,No,Discretionary,Swiggy,5000.0,Shopping transaction #2160,None,2024,6,Jun,Q2,Friday,False
TXN100958,2024-12-21,Expense,Food,Dining Out,1219.69,Unknown,Salary Account,No,Discretionary,Employer,8000.0,Food transaction #958,one-time,2024,12,Dec,Q4,Saturday,False
TXN100504,2024-02-17,Income,Investment,General,21573.62,Bank Transfer,Salary Account,No,N/A,Netflix,0.0,Investment transaction #504,None,2024,2,Feb,Q1,Saturday,False
TXN101228,2025-12-11,Expense,Transport,Cab,3532.96,Credit Card,Cash Wallet,Yes,Discretionary,Freelance Client,4000.0,Transport transaction #1228,None,2025,12,Dec,Q4,Thursday,False
TXN100230,2025-06-17,Expense,Healthcare,Pharmacy,5589.27,Debit Card,Primary Savings,No,Essential,Amazon,3000.0,Healthcare transaction #230,None,2025,6,Jun,Q2,Tuesday,False
TXN101298,2024-01-25,Expense,Transport,Fuel,6492.31,Unknown,Primary Savings,No,Discretionary,Landlord,4000.0,Transport transaction #1298,None,2024,1,Jan,Q1,Thursday,False
TXN102389,2025-11-23,Expense,Rent,Housing,1871.76,Net Banking,Primary Savings,Yes,Essential,Netflix,15000.0,Rent transaction #2389,None,2025,11,Nov,Q4,Sunday,False
TXN102109,2024-01-17,Expense,Food,Snacks,3144.85,Unknown,Credit Card A/C,Yes,Discretionary,Netflix,0.0,food transaction #2109,None,2024,1,Jan,Q1,Wednesday,False
TXN101907,2025-07-03,Expense,Food,Groceries,4346.92,Cash,Credit Card A/C,No,Discretionary,Netflix,0.0,food transaction #1907,reimbursable,2025,7,Jul,Q3,Thursday,False
TXN101463,2024-04-14,Income,Gift,General,51832.07,Bank Transfer,Salary Account,No,N/A,Apollo Pharmacy,0.0,Gift transaction #1463,reimbursable,2024,4,Apr,Q2,Sunday,False
TXN102337,2024-09-24,Expense,Entertainment,Events,4472.63,Credit Card,Salary Account,No,Discretionary,Netflix,2500.0,Entertainment transaction #2337,None,2024,9,Sep,Q3,Tuesday,False
TXN100587,2025-05-01,Expense,Education,Books,7682.76,Cash,Primary Savings,Yes,Discretionary,Local Store,4000.0,Education transaction #587,None,2025,5,May,Q2,Thursday,False
TXN101991,2025-08-01,Expense,Rent,Housing,6184.6,Debit Card,Credit Card A/C,Yes,Essential,BESCOM,15000.0,Rent transaction #1991,reimbursable,2025,8,Aug,Q3,Friday,False
TXN100956,2025-11-26,Expense,Healthcare,Insurance Premium,7287.1,Debit Card,Credit Card A/C,No,Essential,Employer,3000.0,Healthcare transaction #956,None,2025,11,Nov,Q4,Wednesday,False
TXN100711,2024-08-05,Expense,Education,Books,5926.5,Net Banking,Primary Savings,No,Discretionary,Zomato,4000.0,Education transaction #711,None,2024,8,Aug,Q3,Monday,False
TXN101532,2025-03-14,Expense,Entertainment,Events,6348.75,Cash,Cash Wallet,No,Discretionary,Netflix,2500.0,Entertainment transaction #1532,review,2025,3,Mar,Q1,Friday,False
TXN102392,2025-09-16,Income,Investment,General,40496.32,Bank Transfer,Salary Account,No,N/A,Amazon,0.0,Investment transaction #2392,None,2025,9,Sep,Q3,Tuesday,False
TXN102094,2024-02-24,Expense,Shopping,Electronics,5772.68,Net Banking,Cash Wallet,Yes,Discretionary,Employer,5000.0,Shopping transaction #2094,review,2024,2,Feb,Q1,Saturday,False
TXN101454,2024-09-15,Expense,Food,Snacks,5921.12,Debit Card,Credit Card A/C,Yes,Discretionary,Landlord,0.0,food transaction #1454,None,2024,9,Sep,Q3,Sunday,False
TXN101664,2024-02-24,Expense,Rent,Housing,3725.88,Cash,Credit Card A/C,Yes,Essential,Freelance Client,15000.0,Rent transaction #1664,None,2024,2,Feb,Q1,Saturday,False
TXN101330,2025-09-11,Expense,Uncategorized,General,3781.16,UPI,Cash Wallet,No,Discretionary,Landlord,0.0,Misc transaction #1330,None,2025,9,Sep,Q3,Thursday,False
TXN101852,2024-05-07,Expense,Shopping,Clothing,595.75,Credit Card,Salary Account,Yes,Discretionary,Local Store,5000.0,Shopping transaction #1852,reimbursable,2024,5,May,Q2,Tuesday,False
TXN100646,2024-02-12,Expense,Utilities,Electricity,7446.1,Cash,Salary Account,Yes,Essential,Uber,3000.0,Utilities transaction #646,None,2024,2,Feb,Q1,Monday,False
TXN100004,2025-04-15,Expense,Shopping,Clothing,6643.77,Net Banking,Credit Card A/C,Yes,Discretionary,Unknown Merchant,5000.0,Shopping transaction #4,None,2025,4,Apr,Q2,Tuesday,False
TXN102289,2025-05-12,Income,Investment,General,61004.16,Bank Transfer,Salary Account,No,N/A,Zomato,0.0,Investment transaction #2289,review,2025,5,May,Q2,Monday,False
TXN101903,2024-08-07,Expense,Utilities,Electricity,5873.92,Unknown,Primary Savings,No,Essential,Netflix,3000.0,Utilities transaction #1903,one-time,2024,8,Aug,Q3,Wednesday,False
TXN101196,2025-12-12,Expense,Transport,Fuel,6501.63,Credit Card,Primary Savings,No,Discretionary,BESCOM,4000.0,Transport transaction #1196,one-time,2025,12,Dec,Q4,Friday,False
TXN101884,2025-05-17,Income,Investment,General,82178.62,Bank Transfer,Salary Account,No,N/A,Amazon,0.0,Investment transaction #1884,reimbursable,2025,5,May,Q2,Saturday,False
TXN100891,2025-06-19,Expense,Entertainment,Streaming,2745.21,Debit Card,Cash Wallet,Yes,Discretionary,Unknown Merchant,2500.0,Entertainment transaction #891,None,2025,6,Jun,Q2,Thursday,False
TXN100037,2025-03-22,Expense,Education,Courses,4633.87,Debit Card,Primary Savings,No,Discretionary,Amazon,4000.0,Education transaction #37,review,2025,3,Mar,Q1,Saturday,False
TXN101537,2024-11-27,Expense,Food,Snacks,5082.39,Net Banking,Salary Account,Yes,Discretionary,Netflix,8000.0,Food transaction #1537,reimbursable,2024,11,Nov,Q4,Wednesday,False
TXN102162,2025-04-24,Expense,Rent,Housing,7096.51,Debit Card,Credit Card A/C,Yes,Essential,Employer,15000.0,Rent transaction #2162,reimbursable,2025,4,Apr,Q2,Thursday,False
TXN101873,2024-05-23,Expense,Food,Groceries,4101.77,Net Banking,Cash Wallet,Yes,Discretionary,BESCOM,0.0,food transaction #1873,None,2024,5,May,Q2,Thursday,False
TXN101355,2024-03-09,Expense,Rent,Housing,4254.7,Cash,Cash Wallet,Yes,Essential,Landlord,15000.0,Rent transaction #1355,reimbursable,2024,3,Mar,Q1,Saturday,False
TXN102476,2024-07-31,Income,Gift,General,24073.22,Bank Transfer,Salary Account,No,N/A,Amazon,0.0,Gift transaction #2476,None,2024,7,Jul,Q3,Wednesday,False
TXN102321,2025-06-05,Expense,Rent,Housing,1179.11,Cash,Cash Wallet,Yes,Essential,Uber,15000.0,Rent transaction #2321,None,2025,6,Jun,Q2,Thursday,False
TXN100929,2025-04-21,Expense,Entertainment,Movies,3115.45,Net Banking,Salary Account,Yes,Discretionary,Zomato,2500.0,Entertainment transaction #929,review,2025,4,Apr,Q2,Monday,False
TXN100825,2024-09-18,Expense,Insurance,Life,711.87,Debit Card,Cash Wallet,Yes,Essential,Unknown Merchant,2000.0,Insurance transaction #825,review,2024,9,Sep,Q3,Wednesday,False
TXN101157,2025-01-01,Expense,Entertainment,Streaming,7881.96,Net Banking,Credit Card A/C,No,Discretionary,Netflix,2500.0,Entertainment transaction #1157,None,2025,1,Jan,Q1,Wednesday,False
TXN102152,2025-03-19,Expense,Groceries,Groceries,6950.65,Net Banking,Cash Wallet,Yes,Essential,Netflix,6000.0,Groceries transaction #2152,None,2025,3,Mar,Q1,Wednesday,False
TXN102497,2024-03-31,Expense,Food,Dining Out,2883.05,Credit Card,Primary Savings,Yes,Discretionary,Uber,0.0,food transaction #2497,None,2024,3,Mar,Q1,Sunday,False
TXN101142,2024-02-17,Expense,Shopping,Home Goods,5666.58,Credit Card,Credit Card A/C,No,Discretionary,Amazon,5000.0,Shopping transaction #1142,None,2024,2,Feb,Q1,Saturday,False
TXN101526,2024-07-17,Expense,Groceries,Groceries,7156.24,Net Banking,Primary Savings,Yes,Essential,Apollo Pharmacy,6000.0,Groceries transaction #1526,None,2024,7,Jul,Q3,Wednesday,False
TXN100615,2024-09-26,Expense,Shopping,Home Goods,6143.44,Debit Card,Credit Card A/C,Yes,Discretionary,Amazon,5000.0,Shopping transaction #615,None,2024,9,Sep,Q3,Thursday,False
TXN100069,2025-04-09,Income,Freelance,General,84673.77,Bank Transfer,Salary Account,No,N/A,Freelance Client,0.0,Freelance transaction #69,None,2025,4,Apr,Q2,Wednesday,False
TXN100586,2025-03-30,Expense,Shopping,Electronics,6455.1,Cash,Cash Wallet,Yes,Discretionary,Employer,5000.0,Shopping transaction #586,None,2025,3,Mar,Q1,Sunday,False
TXN100356,2024-04-14,Expense,Insurance,Vehicle,1833.24,Unknown,Cash Wallet,Yes,Essential,BESCOM,2000.0,Insurance transaction #356,review,2024,4,Apr,Q2,Sunday,False
TXN102049,2024-05-30,Expense,Subscriptions,Memberships,648.99,Unknown,Primary Savings,Yes,Discretionary,Local Store,1500.0,Subscriptions transaction #2049,None,2024,5,May,Q2,Thursday,False
TXN100585,2025-01-16,Income,Investment,General,44594.85,Bank Transfer,Salary Account,No,N/A,Apollo Pharmacy,0.0,Investment transaction #585,review,2025,1,Jan,Q1,Thursday,False
TXN101006,2025-03-30,Expense,Healthcare,Pharmacy,7728.79,Cash,Salary Account,No,Essential,Amazon,3000.0,Healthcare transaction #1006,reimbursable,2025,3,Mar,Q1,Sunday,False
TXN100601,2025-08-16,Expense,Rent,Housing,593.28,Net Banking,Primary Savings,Yes,Essential,Landlord,15000.0,Rent transaction #601,None,2025,8,Aug,Q3,Saturday,False
TXN102294,2025-05-23,Expense,Groceries,Groceries,2759.58,Credit Card,Salary Account,Yes,Essential,Zomato,6000.0,Groceries transaction #2294,None,2025,5,May,Q2,Friday,False
TXN102180,2025-04-02,Expense,Rent,Housing,2455.3,Unknown,Credit Card A/C,Yes,Essential,Uber,15000.0,Rent transaction #2180,one-time,2025,4,Apr,Q2,Wednesday,False
TXN101972,2024-07-30,Expense,Transport,Public Transit,7370.73,Cash,Cash Wallet,Yes,Discretionary,Uber,4000.0,Transport transaction #1972,reimbursable,2024,7,Jul,Q3,Tuesday,False
TXN102168,2024-02-29,Expense,Utilities,Water,4887.77,Unknown,Cash Wallet,Yes,Essential,Local Store,3000.0,Utilities transaction #2168,None,2024,2,Feb,Q1,Thursday,False
TXN100221,2025-08-31,Expense,Healthcare,Pharmacy,103.8,Cash,Credit Card A/C,No,Essential,Uber,3000.0,Healthcare transaction #221,review,2025,8,Aug,Q3,Sunday,False
TXN100614,2025-05-14,Expense,Groceries,Groceries,5498.72,Net Banking,Cash Wallet,No,Essential,Landlord,6000.0,Groceries transaction #614,one-time,2025,5,May,Q2,Wednesday,False
TXN100784,2025-01-17,Expense,Utilities,Internet,616.31,UPI,Primary Savings,No,Essential,Employer,3000.0,Utilities transaction #784,None,2025,1,Jan,Q1,Friday,False
TXN100556,2024-04-25,Expense,Insurance,Health,1320.09,UPI,Primary Savings,Yes,Essential,Freelance Client,2000.0,Insurance transaction #556,None,2024,4,Apr,Q2,Thursday,False
TXN101730,2024-01-26,Expense,Shopping,Electronics,6571.83,Credit Card,Cash Wallet,No,Discretionary,Apollo Pharmacy,5000.0,Shopping transaction #1730,review,2024,1,Jan,Q1,Friday,False
TXN100739,2024-10-28,Expense,Entertainment,Movies,6375.11,Credit Card,Cash Wallet,Yes,Discretionary,Unknown Merchant,2500.0,Entertainment transaction #739,review,2024,10,Oct,Q4,Monday,False
TXN102361,2024-01-05,Expense,Rent,Housing,5646.85,Credit Card,Cash Wallet,Yes,Essential,Landlord,15000.0,Rent transaction #2361,review,2024,1,Jan,Q1,Friday,False
TXN100501,2024-11-05,Expense,Entertainment,Movies,7311.16,Cash,Primary Savings,No,Discretionary,Landlord,2500.0,Entertainment transaction #501,one-time,2024,11,Nov,Q4,Tuesday,False
TXN100671,2025-09-18,Expense,Healthcare,Pharmacy,4250.06,Cash,Credit Card A/C,Yes,Essential,Netflix,3000.0,Healthcare transaction #671,one-time,2025,9,Sep,Q3,Thursday,False
TXN100598,2025-03-11,Expense,Uncategorized,General,199.51,Cash,Cash Wallet,Yes,Discretionary,BESCOM,0.0,Misc transaction #598,reimbursable,2025,3,Mar,Q1,Tuesday,False
TXN100265,2025-04-28,Expense,Rent,Housing,6867.01,Net Banking,Cash Wallet,Yes,Essential,BESCOM,15000.0,Rent transaction #265,review,2025,4,Apr,Q2,Monday,False
TXN101823,2025-09-28,Income,Gift,General,51121.63,Bank Transfer,Salary Account,No,N/A,Local Store,0.0,Gift transaction #1823,review,2025,9,Sep,Q3,Sunday,False
TXN100456,2024-09-28,Expense,Groceries,Groceries,6498.04,UPI,Cash Wallet,Yes,Essential,Unknown Merchant,6000.0,Groceries transaction #456,one-time,2024,9,Sep,Q3,Saturday,False
TXN101787,2025-10-19,Expense,Healthcare,Doctor Visit,3340.66,Net Banking,Salary Account,No,Essential,Amazon,3000.0,Healthcare transaction #1787,None,2025,10,Oct,Q4,Sunday,False
TXN101131,2025-05-03,Expense,Education,Courses,5089.55,Credit Card,Cash Wallet,Yes,Discretionary,Apollo Pharmacy,4000.0,Education transaction #1131,reimbursable,2025,5,May,Q2,Saturday,False
TXN100101,2024-01-03,Expense,Rent,Housing,6398.18,UPI,Primary Savings,Yes,Essential,Swiggy,15000.0,Rent transaction #101,None,2024,1,Jan,Q1,Wednesday,False
TXN101068,2025-04-10,Expense,Healthcare,Insurance Premium,6017.16,UPI,Primary Savings,No,Essential,Amazon,3000.0,Healthcare transaction #1068,review,2025,4,Apr,Q2,Thursday,False
TXN101279,2024-04-20,Expense,Healthcare,Doctor Visit,4872.01,Debit Card,Salary Account,Yes,Essential,Uber,3000.0,Healthcare transaction #1279,None,2024,4,Apr,Q2,Saturday,False
TXN101124,2024-08-21,Income,Freelance,General,60826.13,Bank Transfer,Salary Account,No,N/A,Swiggy,0.0,Freelance transaction #1124,review,2024,8,Aug,Q3,Wednesday,False
TXN100364,2025-09-20,Expense,Transport,Fuel,2601.45,UPI,Cash Wallet,No,Discretionary,Landlord,4000.0,Transport transaction #364,reimbursable,2025,9,Sep,Q3,Saturday,False
TXN101424,2025-09-20,Expense,Education,Courses,7820.74,UPI,Salary Account,Yes,Discretionary,Uber,4000.0,Education transaction #1424,one-time,2025,9,Sep,Q3,Saturday,False
TXN102233,2024-04-17,Expense,Food,Groceries,6198.19,UPI,Primary Savings,No,Discretionary,Unknown Merchant,0.0,food transaction #2233,review,2024,4,Apr,Q2,Wednesday,False
TXN101885,2025-07-27,Expense,Uncategorized,General,3100.79,Debit Card,Primary Savings,Yes,Discretionary,Netflix,0.0,Misc transaction #1885,reimbursable,2025,7,Jul,Q3,Sunday,False
TXN100095,2025-07-28,Expense,Groceries,Groceries,5101.46,Cash,Credit Card A/C,No,Essential,Zomato,6000.0,Groceries transaction #95,None,2025,7,Jul,Q3,Monday,False
TXN101867,2025-07-27,Expense,Shopping,Home Goods,6593.75,Debit Card,Primary Savings,No,Discretionary,Unknown Merchant,5000.0,Shopping transaction #1867,review,2025,7,Jul,Q3,Sunday,False
TXN100645,2025-04-27,Expense,Groceries,Groceries,85317.94,Cash,Credit Card A/C,No,Essential,Freelance Client,6000.0,Groceries transaction #645,reimbursable,2025,4,Apr,Q2,Sunday,True
TXN101322,2025-11-12,Expense,Education,Courses,6501.12,Debit Card,Salary Account,No,Discretionary,BESCOM,4000.0,Education transaction #1322,one-time,2025,11,Nov,Q4,Wednesday,False
TXN101011,2025-03-01,Income,Bonus,General,81309.72,Bank Transfer,Salary Account,No,N/A,Swiggy,0.0,Bonus transaction #1011,None,2025,3,Mar,Q1,Saturday,False
TXN101811,2024-03-17,Expense,Food,Dining Out,411.5,Credit Card,Credit Card A/C,Yes,Discretionary,Zomato,8000.0,Food transaction #1811,reimbursable,2024,3,Mar,Q1,Sunday,False
TXN101508,2024-08-29,Expense,Education,Courses,172.92,UPI,Cash Wallet,Yes,Discretionary,Zomato,4000.0,Education transaction #1508,None,2024,8,Aug,Q3,Thursday,False
TXN101476,2025-09-28,Expense,Education,Books,7706.88,UPI,Salary Account,No,Discretionary,Landlord,4000.0,Education transaction #1476,one-time,2025,9,Sep,Q3,Sunday,False
TXN100765,2025-11-24,Expense,Healthcare,Doctor Visit,5729.58,Unknown,Salary Account,No,Essential,Unknown Merchant,3000.0,Healthcare transaction #765,reimbursable,2025,11,Nov,Q4,Monday,False
TXN100236,2025-06-07,Expense,Groceries,Groceries,3413.16,Cash,Salary Account,Yes,Essential,Apollo Pharmacy,6000.0,Groceries transaction #236,one-time,2025,6,Jun,Q2,Saturday,False
TXN101310,2024-12-25,Income,Bonus,General,80282.24,Bank Transfer,Salary Account,No,N/A,Local Store,0.0,Bonus transaction #1310,one-time,2024,12,Dec,Q4,Wednesday,False
TXN102317,2025-09-12,Expense,Education,Tuition,3895.68,UPI,Cash Wallet,Yes,Discretionary,Zomato,4000.0,Education transaction #2317,one-time,2025,9,Sep,Q3,Friday,False
TXN100940,2025-05-14,Income,Freelance,General,76979.68,Bank Transfer,Salary Account,No,N/A,Landlord,0.0,Freelance transaction #940,None,2025,5,May,Q2,Wednesday,False
TXN102310,2025-03-21,Expense,Groceries,Groceries,7883.7,Cash,Credit Card A/C,Yes,Essential,Zomato,6000.0,Groceries transaction #2310,reimbursable,2025,3,Mar,Q1,Friday,False
TXN102184,2024-12-05,Expense,Subscriptions,Memberships,1351.24,Credit Card,Salary Account,Yes,Discretionary,Swiggy,1500.0,Subscriptions transaction #2184,review,2024,12,Dec,Q4,Thursday,False
TXN102130,2024-12-09,Expense,Rent,Housing,2336.93,Unknown,Primary Savings,Yes,Essential,Freelance Client,15000.0,Rent transaction #2130,review,2024,12,Dec,Q4,Monday,False
TXN101494,2024-11-25,Income,Bonus,General,74155.8,Bank Transfer,Salary Account,No,N/A,Freelance Client,0.0,Bonus transaction #1494,one-time,2024,11,Nov,Q4,Monday,False
TXN102183,2025-12-21,Expense,Insurance,Health,4096.9,Net Banking,Salary Account,Yes,Essential,Unknown Merchant,2000.0,Insurance transaction #2183,None,2025,12,Dec,Q4,Sunday,False
TXN101266,2025-01-25,Expense,Insurance,Life,160.9,Unknown,Salary Account,Yes,Essential,Swiggy,2000.0,Insurance transaction #1266,None,2025,1,Jan,Q1,Saturday,False
TXN100068,2024-09-02,Expense,Food,Groceries,81535.26,Net Banking,Cash Wallet,No,Discretionary,Amazon,0.0,food transaction #68,review,2024,9,Sep,Q3,Monday,True
TXN101453,2024-07-08,Income,Salary,General,38746.75,Bank Transfer,Salary Account,Yes,N/A,Employer,0.0,Salary transaction #1453,one-time,2024,7,Jul,Q3,Monday,False
TXN101076,2024-06-30,Expense,Utilities,Internet,784.68,Debit Card,Credit Card A/C,No,Essential,Freelance Client,3000.0,Utilities transaction #1076,review,2024,6,Jun,Q2,Sunday,False
TXN102272,2024-11-11,Income,Investment,General,43940.56,Bank Transfer,Salary Account,No,N/A,Local Store,0.0,Investment transaction #2272,None,2024,11,Nov,Q4,Monday,False
TXN101080,2024-11-26,Expense,Insurance,Health,112.79,Cash,Cash Wallet,Yes,Essential,Uber,2000.0,Insurance transaction #1080,None,2024,11,Nov,Q4,Tuesday,False
TXN101851,2025-08-07,Expense,Utilities,Water,4844.12,UPI,Credit Card A/C,Yes,Essential,Apollo Pharmacy,3000.0,Utilities transaction #1851,None,2025,8,Aug,Q3,Thursday,False
TXN102273,2024-11-18,Expense,Groceries,Groceries,6681.07,Net Banking,Cash Wallet,Yes,Essential,Swiggy,6000.0,Groceries transaction #2273,None,2024,11,Nov,Q4,Monday,False
TXN100477,2025-04-25,Expense,Entertainment,Movies,3956.99,Credit Card,Salary Account,Yes,Discretionary,BESCOM,2500.0,Entertainment transaction #477,None,2025,4,Apr,Q2,Friday,False
TXN102004,2024-06-19,Expense,Food,Dining Out,6887.48,Debit Card,Primary Savings,No,Discretionary,Zomato,0.0,food transaction #2004,None,2024,6,Jun,Q2,Wednesday,False
TXN102367,2024-01-26,Expense,Entertainment,Streaming,5538.52,Unknown,Credit Card A/C,No,Discretionary,Local Store,2500.0,Entertainment transaction #2367,None,2024,1,Jan,Q1,Friday,False
TXN102290,2025-06-13,Expense,Insurance,Vehicle,1804.33,Cash,Primary Savings,Yes,Essential,Zomato,2000.0,Insurance transaction #2290,None,2025,6,Jun,Q2,Friday,False
TXN102161,2025-06-12,Expense,Healthcare,Pharmacy,3102.4,Credit Card,Salary Account,Yes,Essential,Uber,3000.0,Healthcare transaction #2161,None,2025,6,Jun,Q2,Thursday,False
TXN101488,2024-04-05,Expense,Shopping,Home Goods,3285.05,UPI,Salary Account,Yes,Discretionary,Landlord,5000.0,Shopping transaction #1488,review,2024,4,Apr,Q2,Friday,False
TXN102471,2024-02-18,Expense,Transport,Fuel,2446.55,Debit Card,Cash Wallet,No,Discretionary,Local Store,4000.0,Transport transaction #2471,None,2024,2,Feb,Q1,Sunday,False
TXN100503,2024-04-28,Income,Salary,General,68093.66,Bank Transfer,Salary Account,Yes,N/A,Employer,0.0,Salary transaction #503,one-time,2024,4,Apr,Q2,Sunday,False
TXN101751,2025-11-13,Income,Gift,General,80681.41,Bank Transfer,Salary Account,No,N/A,Apollo Pharmacy,0.0,Gift transaction #1751,None,2025,11,Nov,Q4,Thursday,False
TXN100360,2024-09-27,Income,Gift,General,79220.99,Bank Transfer,Salary Account,No,N/A,Amazon,0.0,Gift transaction #360,None,2024,9,Sep,Q3,Friday,False
TXN102394,2025-12-03,Expense,Rent,Housing,5441.72,UPI,Credit Card A/C,Yes,Essential,Amazon,15000.0,Rent transaction #2394,None,2025,12,Dec,Q4,Wednesday,False
TXN100341,2025-08-13,Expense,Transport,Public Transit,4176.84,Unknown,Primary Savings,No,Discretionary,Freelance Client,4000.0,Transport transaction #341,review,2025,8,Aug,Q3,Wednesday,False
TXN100199,2025-04-29,Expense,Transport,Cab,1197.6,Cash,Primary Savings,No,Discretionary,Local Store,4000.0,Transport transaction #199,None,2025,4,Apr,Q2,Tuesday,False
TXN100677,2025-07-29,Expense,Utilities,Water,6166.52,Net Banking,Credit Card A/C,Yes,Essential,Unknown Merchant,3000.0,Utilities transaction #677,None,2025,7,Jul,Q3,Tuesday,False
TXN101174,2024-07-05,Expense,Education,Courses,5460.57,UPI,Salary Account,No,Discretionary,Landlord,4000.0,Education transaction #1174,reimbursable,2024,7,Jul,Q3,Friday,False
TXN101236,2024-09-20,Expense,Entertainment,Events,6453.33,Credit Card,Primary Savings,No,Discretionary,Local Store,2500.0,Entertainment transaction #1236,None,2024,9,Sep,Q3,Friday,False
TXN100098,2025-12-07,Expense,Healthcare,Doctor Visit,6850.83,UPI,Credit Card A/C,No,Essential,Amazon,3000.0,Healthcare transaction #98,None,2025,12,Dec,Q4,Sunday,False
TXN100728,2025-06-13,Expense,Transport,Fuel,4781.64,UPI,Salary Account,Yes,Discretionary,Freelance Client,4000.0,Transport transaction #728,one-time,2025,6,Jun,Q2,Friday,False
TXN100280,2025-05-05,Income,Investment,General,46811.07,Bank Transfer,Salary Account,No,N/A,Local Store,0.0,Investment transaction #280,reimbursable,2025,5,May,Q2,Monday,False
TXN101004,2024-05-15,Expense,Utilities,Internet,730.02,Credit Card,Credit Card A/C,No,Essential,Employer,3000.0,Utilities transaction #1004,None,2024,5,May,Q2,Wednesday,False
TXN101268,2024-08-21,Expense,Groceries,Groceries,7581.28,Credit Card,Cash Wallet,Yes,Essential,Uber,6000.0,Groceries transaction #1268,None,2024,8,Aug,Q3,Wednesday,False
TXN101707,2025-02-09,Expense,Insurance,Life,6354.73,Credit Card,Cash Wallet,Yes,Essential,Apollo Pharmacy,2000.0,Insurance transaction #1707,reimbursable,2025,2,Feb,Q1,Sunday,False
TXN101207,2025-05-26,Income,Investment,General,48099.94,Bank Transfer,Salary Account,No,N/A,BESCOM,0.0,Investment transaction #1207,None,2025,5,May,Q2,Monday,False
TXN101102,2025-05-28,Expense,Groceries,Groceries,5441.76,Debit Card,Primary Savings,No,Essential,BESCOM,6000.0,Groceries transaction #1102,None,2025,5,May,Q2,Wednesday,False
TXN100874,2025-02-03,Expense,Uncategorized,General,3853.53,UPI,Primary Savings,No,Discretionary,Unknown Merchant,0.0,Misc transaction #874,None,2025,2,Feb,Q1,Monday,False
TXN100076,2024-07-27,Expense,Rent,Housing,5601.09,UPI,Primary Savings,Yes,Essential,Freelance Client,15000.0,Rent transaction #76,None,2024,7,Jul,Q3,Saturday,False
TXN101237,2025-02-15,Income,Investment,General,34567.06,Bank Transfer,Salary Account,No,N/A,Local Store,0.0,Investment transaction #1237,review,2025,2,Feb,Q1,Saturday,False
TXN100494,2025-09-16,Expense,Utilities,Electricity,51679.08,Unknown,Primary Savings,Yes,Essential,Employer,3000.0,Utilities transaction #494,None,2025,9,Sep,Q3,Tuesday,True
TXN101760,2024-08-13,Expense,Food,Snacks,7801.66,Net Banking,Cash Wallet,Yes,Discretionary,Apollo Pharmacy,8000.0,Food transaction #1760,review,2024,8,Aug,Q3,Tuesday,False
TXN102431,2025-01-15,Expense,Entertainment,Events,5574.01,Credit Card,Primary Savings,Yes,Discretionary,Apollo Pharmacy,2500.0,Entertainment transaction #2431,None,2025,1,Jan,Q1,Wednesday,False
TXN101701,2025-06-05,Expense,Utilities,Electricity,7963.66,Credit Card,Salary Account,No,Essential,Swiggy,3000.0,Utilities transaction #1701,None,2025,6,Jun,Q2,Thursday,False
TXN102222,2025-10-02,Expense,Transport,Cab,7524.48,Debit Card,Cash Wallet,No,Discretionary,Landlord,4000.0,Transport transaction #2222,reimbursable,2025,10,Oct,Q4,Thursday,False
TXN102284,2024-03-18,Expense,Shopping,Electronics,2339.12,Credit Card,Cash Wallet,Yes,Discretionary,Unknown Merchant,5000.0,Shopping transaction #2284,None,2024,3,Mar,Q1,Monday,False
TXN101514,2025-04-13,Expense,Uncategorized,General,5577.48,Cash,Primary Savings,No,Discretionary,Swiggy,0.0,Misc transaction #1514,one-time,2025,4,Apr,Q2,Sunday,False
TXN102227,2025-12-29,Income,Freelance,General,47061.82,Bank Transfer,Salary Account,No,N/A,Netflix,0.0,Freelance transaction #2227,None,2025,12,Dec,Q4,Monday,False
TXN100103,2025-06-09,Expense,Healthcare,Insurance Premium,4940.1,Unknown,Credit Card A/C,No,Essential,Freelance Client,3000.0,Healthcare transaction #103,one-time,2025,6,Jun,Q2,Monday,False
TXN100781,2025-03-19,Expense,Uncategorized,General,6107.34,Cash,Primary Savings,No,Discretionary,Employer,0.0,Misc transaction #781,None,2025,3,Mar,Q1,Wednesday,False
TXN101784,2024-05-14,Income,Gift,General,40720.36,Bank Transfer,Salary Account,No,N/A,Zomato,0.0,Gift transaction #1784,review,2024,5,May,Q2,Tuesday,False
TXN100355,2024-09-30,Expense,Rent,Housing,1214.11,UPI,Credit Card A/C,Yes,Essential,BESCOM,15000.0,Rent transaction #355,one-time,2024,9,Sep,Q3,Monday,False
TXN100798,2024-01-18,Expense,Food,Snacks,3582.23,Net Banking,Cash Wallet,No,Discretionary,Unknown Merchant,8000.0,Food transaction #798,one-time,2024,1,Jan,Q1,Thursday,False
TXN100622,2024-12-21,Expense,Insurance,Health,2434.28,Unknown,Credit Card A/C,Yes,Essential,BESCOM,2000.0,Insurance transaction #622,reimbursable,2024,12,Dec,Q4,Saturday,False
TXN102030,2025-10-30,Income,Salary,General,61693.41,Bank Transfer,Salary Account,Yes,N/A,Employer,0.0,Salary transaction #2030,review,2025,10,Oct,Q4,Thursday,False
TXN101561,2024-07-04,Income,Gift,General,70516.95,Bank Transfer,Salary Account,No,N/A,Apollo Pharmacy,0.0,Gift transaction #1561,review,2024,7,Jul,Q3,Thursday,False
TXN102056,2024-01-16,Expense,Education,Courses,1958.86,UPI,Cash Wallet,Yes,Discretionary,Freelance Client,4000.0,Education transaction #2056,one-time,2024,1,Jan,Q1,Tuesday,False
TXN100897,2025-08-06,Expense,Food,Groceries,3725.11,UPI,Credit Card A/C,No,Discretionary,Apollo Pharmacy,0.0,food transaction #897,one-time,2025,8,Aug,Q3,Wednesday,False
TXN100110,2025-09-28,Expense,Insurance,Vehicle,7436.22,Unknown,Credit Card A/C,Yes,Essential,Amazon,2000.0,Insurance transaction #110,None,2025,9,Sep,Q3,Sunday,False
TXN101556,2024-11-24,Income,Salary,General,44282.12,Bank Transfer,Salary Account,Yes,N/A,Employer,0.0,Salary transaction #1556,review,2024,11,Nov,Q4,Sunday,False
TXN101296,2025-04-11,Expense,Groceries,Groceries,5637.87,Cash,Primary Savings,Yes,Essential,BESCOM,6000.0,Groceries transaction #1296,None,2025,4,Apr,Q2,Friday,False
TXN102296,2024-10-13,Expense,Entertainment,Movies,7281.22,Cash,Credit Card A/C,No,Discretionary,Uber,2500.0,Entertainment transaction #2296,one-time,2024,10,Oct,Q4,Sunday,False
TXN102114,2024-11-19,Expense,Entertainment,Events,541.62,Credit Card,Salary Account,No,Discretionary,Netflix,2500.0,Entertainment transaction #2114,None,2024,11,Nov,Q4,Tuesday,False
TXN100643,2024-10-24,Expense,Transport,Public Transit,2024.13,Net Banking,Cash Wallet,Yes,Discretionary,Amazon,4000.0,Transport transaction #643,review,2024,10,Oct,Q4,Thursday,False
TXN100312,2024-10-07,Expense,Healthcare,Insurance Premium,7388.43,Unknown,Primary Savings,Yes,Essential,Uber,3000.0,Healthcare transaction #312,one-time,2024,10,Oct,Q4,Monday,False
TXN101470,2024-07-18,Expense,Subscriptions,Streaming,4872.22,Net Banking,Salary Account,Yes,Discretionary,Zomato,1500.0,Subscriptions transaction #1470,None,2024,7,Jul,Q3,Thursday,False
TXN102459,2025-03-26,Expense,Food,Groceries,1758.4,Net Banking,Credit Card A/C,No,Discretionary,Zomato,0.0,food transaction #2459,None,2025,3,Mar,Q1,Wednesday,False
TXN100600,2024-04-08,Expense,Groceries,Groceries,1640.19,Unknown,Credit Card A/C,Yes,Essential,Zomato,6000.0,Groceries transaction #600,None,2024,4,Apr,Q2,Monday,False
TXN100063,2024-10-16,Expense,Transport,Cab,1476.56,UPI,Salary Account,No,Discretionary,Amazon,4000.0,Transport transaction #63,review,2024,10,Oct,Q4,Wednesday,False
TXN100354,2025-11-21,Expense,Education,Books,3407.97,UPI,Primary Savings,Yes,Discretionary,Local Store,4000.0,Education transaction #354,None,2025,11,Nov,Q4,Friday,False
TXN100816,2024-05-01,Expense,Healthcare,Doctor Visit,7638.72,Unknown,Cash Wallet,Yes,Essential,Apollo Pharmacy,3000.0,Healthcare transaction #816,None,2024,5,May,Q2,Wednesday,False
TXN102282,2024-11-12,Income,Bonus,General,60555.7,Bank Transfer,Salary Account,No,N/A,Employer,0.0,Bonus transaction #2282,None,2024,11,Nov,Q4,Tuesday,False
TXN101267,2024-01-17,Expense,Rent,Housing,222.36,Cash,Salary Account,Yes,Essential,Netflix,15000.0,Rent transaction #1267,None,2024,1,Jan,Q1,Wednesday,False
TXN102453,2025-09-27,Expense,Education,Books,3625.65,Credit Card,Credit Card A/C,Yes,Discretionary,Employer,4000.0,Education transaction #2453,reimbursable,2025,9,Sep,Q3,Saturday,False
TXN102285,2024-07-19,Expense,Subscriptions,Streaming,5377.14,Cash,Cash Wallet,Yes,Discretionary,Local Store,1500.0,Subscriptions transaction #2285,None,2024,7,Jul,Q3,Friday,False
TXN100362,2024-11-21,Expense,Rent,Housing,1317.0,Net Banking,Cash Wallet,Yes,Essential,Zomato,15000.0,Rent transaction #362,review,2024,11,Nov,Q4,Thursday,False
TXN100584,2025-02-07,Expense,Entertainment,Events,7550.05,Unknown,Credit Card A/C,No,Discretionary,Swiggy,2500.0,Entertainment transaction #584,one-time,2025,2,Feb,Q1,Friday,False
TXN100903,2024-12-23,Expense,Healthcare,Doctor Visit,6281.67,Unknown,Cash Wallet,No,Essential,Unknown Merchant,3000.0,Healthcare transaction #903,reimbursable,2024,12,Dec,Q4,Monday,False
TXN101515,2025-02-03,Expense,Education,Tuition,7474.54,Cash,Credit Card A/C,No,Discretionary,Zomato,4000.0,Education transaction #1515,review,2025,2,Feb,Q1,Monday,False
TXN101817,2024-06-16,Expense,Uncategorized,General,1990.32,Credit Card,Salary Account,Yes,Discretionary,Landlord,0.0,Misc transaction #1817,None,2024,6,Jun,Q2,Sunday,False
TXN100952,2025-06-21,Expense,Uncategorized,General,796.59,Debit Card,Credit Card A/C,No,Discretionary,Apollo Pharmacy,0.0,Misc transaction #952,None,2025,6,Jun,Q2,Saturday,False
TXN101849,2024-02-26,Expense,Food,Snacks,424.95,Debit Card,Primary Savings,No,Discretionary,Apollo Pharmacy,8000.0,Food transaction #1849,None,2024,2,Feb,Q1,Monday,False
TXN102319,2024-07-22,Expense,Food,Dining Out,5769.37,UPI,Credit Card A/C,Yes,Discretionary,Uber,0.0,food transaction #2319,reimbursable,2024,7,Jul,Q3,Monday,False
TXN101987,2024-05-10,Expense,Rent,Housing,6896.37,Credit Card,Primary Savings,Yes,Essential,Local Store,15000.0,Rent transaction #1987,None,2024,5,May,Q2,Friday,False
TXN100054,2024-04-27,Expense,Rent,Housing,254.14,Debit Card,Cash Wallet,Yes,Essential,Local Store,15000.0,Rent transaction #54,reimbursable,2024,4,Apr,Q2,Saturday,False
TXN102468,2024-05-30,Expense,Subscriptions,SaaS Tools,4217.24,Cash,Primary Savings,Yes,Discretionary,BESCOM,1500.0,Subscriptions transaction #2468,None,2024,5,May,Q2,Thursday,False
TXN101815,2025-02-09,Expense,Food,Groceries,418.99,Credit Card,Credit Card A/C,Yes,Discretionary,Landlord,0.0,food transaction #1815,None,2025,2,Feb,Q1,Sunday,False
TXN102374,2025-06-28,Expense,Healthcare,Pharmacy,115.11,Cash,Salary Account,No,Essential,Swiggy,3000.0,Healthcare transaction #2374,None,2025,6,Jun,Q2,Saturday,False
TXN101143,2025-07-04,Expense,Utilities,Electricity,7052.76,UPI,Credit Card A/C,No,Essential,Swiggy,3000.0,Utilities transaction #1143,reimbursable,2025,7,Jul,Q3,Friday,False
TXN101606,2024-10-23,Expense,Uncategorized,General,3246.41,UPI,Cash Wallet,No,Discretionary,Unknown Merchant,0.0,Misc transaction #1606,review,2024,10,Oct,Q4,Wednesday,False
TXN101383,2024-07-15,Expense,Food,Groceries,6438.84,Cash,Salary Account,No,Discretionary,Apollo Pharmacy,8000.0,Food transaction #1383,review,2024,7,Jul,Q3,Monday,False
TXN101356,2025-04-22,Expense,Education,Books,4640.9,Unknown,Cash Wallet,No,Discretionary,Landlord,4000.0,Education transaction #1356,one-time,2025,4,Apr,Q2,Tuesday,False
TXN101694,2024-06-20,Expense,Transport,Fuel,6442.65,Credit Card,Primary Savings,Yes,Discretionary,Apollo Pharmacy,4000.0,Transport transaction #1694,None,2024,6,Jun,Q2,Thursday,False
TXN102032,2024-03-20,Expense,Shopping,Clothing,6779.12,Unknown,Cash Wallet,Yes,Discretionary,Netflix,5000.0,Shopping transaction #2032,reimbursable,2024,3,Mar,Q1,Wednesday,False
TXN101536,2024-08-30,Income,Salary,General,75951.85,Bank Transfer,Salary Account,Yes,N/A,Employer,0.0,Salary transaction #1536,None,2024,8,Aug,Q3,Friday,False
TXN100129,2024-08-07,Expense,Uncategorized,General,1851.02,Credit Card,Salary Account,Yes,Discretionary,Netflix,0.0,Misc transaction #129,reimbursable,2024,8,Aug,Q3,Wednesday,False
TXN100679,2024-04-14,Expense,Food,Snacks,5057.91,Credit Card,Credit Card A/C,Yes,Discretionary,Unknown Merchant,8000.0,Food transaction #679,reimbursable,2024,4,Apr,Q2,Sunday,False
TXN102036,2025-10-27,Expense,Education,Books,7811.53,Debit Card,Cash Wallet,No,Discretionary,Amazon,4000.0,Education transaction #2036,review,2025,10,Oct,Q4,Monday,False
TXN100216,2025-05-17,Expense,Education,Books,5453.57,Unknown,Cash Wallet,Yes,Discretionary,Employer,4000.0,Education transaction #216,None,2025,5,May,Q2,Saturday,False
TXN101342,2025-01-30,Expense,Transport,Fuel,3297.85,Cash,Cash Wallet,Yes,Discretionary,Unknown Merchant,4000.0,Transport transaction #1342,one-time,2025,1,Jan,Q1,Thursday,False
TXN102217,2024-04-04,Expense,Rent,Housing,3264.06,Debit Card,Primary Savings,Yes,Essential,Netflix,15000.0,Rent transaction #2217,None,2024,4,Apr,Q2,Thursday,False
TXN102043,2024-07-29,Expense,Food,Groceries,1344.73,Unknown,Primary Savings,No,Discretionary,BESCOM,8000.0,Food transaction #2043,None,2024,7,Jul,Q3,Monday,False
TXN101208,2024-12-13,Expense,Food,Snacks,7040.45,UPI,Primary Savings,No,Discretionary,Zomato,0.0,food transaction #1208,reimbursable,2024,12,Dec,Q4,Friday,False
TXN101571,2025-10-08,Expense,Transport,Public Transit,2319.37,Credit Card,Primary Savings,Yes,Discretionary,Amazon,4000.0,Transport transaction #1571,one-time,2025,10,Oct,Q4,Wednesday,False
TXN100829,2024-10-07,Income,Bonus,General,88563.96,Bank Transfer,Salary Account,No,N/A,BESCOM,0.0,Bonus transaction #829,None,2024,10,Oct,Q4,Monday,False
TXN100652,2024-10-18,Expense,Insurance,Life,4743.19,UPI,Credit Card A/C,Yes,Essential,Swiggy,2000.0,Insurance transaction #652,review,2024,10,Oct,Q4,Friday,False
TXN101505,2024-04-14,Expense,Utilities,Internet,3387.95,Net Banking,Credit Card A/C,No,Essential,Unknown Merchant,3000.0,Utilities transaction #1505,one-time,2024,4,Apr,Q2,Sunday,False
TXN100323,2025-08-06,Expense,Healthcare,Pharmacy,5739.56,UPI,Cash Wallet,No,Essential,Freelance Client,3000.0,Healthcare transaction #323,None,2025,8,Aug,Q3,Wednesday,False
TXN102415,2024-06-29,Expense,Transport,Public Transit,2410.01,Unknown,Primary Savings,Yes,Discretionary,Apollo Pharmacy,4000.0,Transport transaction #2415,None,2024,6,Jun,Q2,Saturday,False
TXN102376,2024-11-18,Expense,Uncategorized,General,5352.29,Unknown,Primary Savings,Yes,Discretionary,Landlord,0.0,Misc transaction #2376,None,2024,11,Nov,Q4,Monday,False
TXN100241,2025-10-31,Expense,Utilities,Electricity,2821.19,UPI,Cash Wallet,Yes,Essential,BESCOM,3000.0,Utilities transaction #241,review,2025,10,Oct,Q4,Friday,False
TXN101329,2024-11-06,Expense,Groceries,Groceries,6850.26,Cash,Cash Wallet,No,Essential,Unknown Merchant,6000.0,Groceries transaction #1329,review,2024,11,Nov,Q4,Wednesday,False
TXN101065,2025-11-17,Expense,Shopping,Clothing,7016.54,Credit Card,Cash Wallet,No,Discretionary,Swiggy,5000.0,Shopping transaction #1065,None,2025,11,Nov,Q4,Monday,False
TXN100530,2024-06-06,Expense,Uncategorized,General,6174.42,Credit Card,Cash Wallet,Yes,Discretionary,BESCOM,0.0,Misc transaction #530,None,2024,6,Jun,Q2,Thursday,False
TXN100476,2025-09-23,Expense,Groceries,Groceries,1885.75,UPI,Credit Card A/C,Yes,Essential,Unknown Merchant,6000.0,Groceries transaction #476,reimbursable,2025,9,Sep,Q3,Tuesday,False
TXN101431,2024-02-15,Expense,Utilities,Internet,6070.74,Unknown,Primary Savings,No,Essential,BESCOM,3000.0,Utilities transaction #1431,None,2024,2,Feb,Q1,Thursday,False
TXN101975,2025-09-10,Expense,Healthcare,Pharmacy,5950.52,Debit Card,Cash Wallet,No,Essential,Netflix,3000.0,Healthcare transaction #1975,review,2025,9,Sep,Q3,Wednesday,False
TXN101306,2024-07-11,Expense,Uncategorized,General,6409.48,Cash,Salary Account,Yes,Discretionary,Unknown Merchant,0.0,Misc transaction #1306,one-time,2024,7,Jul,Q3,Thursday,False
TXN102406,2025-07-17,Expense,Insurance,Vehicle,6030.47,Cash,Primary Savings,Yes,Essential,Unknown Merchant,2000.0,Insurance transaction #2406,one-time,2025,7,Jul,Q3,Thursday,False
TXN101427,2025-06-29,Expense,Transport,Cab,180.63,UPI,Primary Savings,Yes,Discretionary,BESCOM,4000.0,Transport transaction #1427,one-time,2025,6,Jun,Q2,Sunday,False
TXN102057,2024-07-18,Expense,Utilities,Water,2642.21,Net Banking,Cash Wallet,Yes,Essential,Freelance Client,3000.0,Utilities transaction #2057,review,2024,7,Jul,Q3,Thursday,False
TXN102179,2025-09-08,Income,Salary,General,60794.55,Bank Transfer,Salary Account,Yes,N/A,Employer,0.0,Salary transaction #2179,reimbursable,2025,9,Sep,Q3,Monday,False
TXN100848,2024-05-29,Expense,Groceries,Groceries,455.1,Cash,Credit Card A/C,Yes,Essential,BESCOM,6000.0,Groceries transaction #848,reimbursable,2024,5,May,Q2,Wednesday,False
TXN100157,2025-10-18,Expense,Groceries,Groceries,5014.61,Net Banking,Credit Card A/C,Yes,Essential,Amazon,6000.0,Groceries transaction #157,reimbursable,2025,10,Oct,Q4,Saturday,False
TXN102118,2024-08-28,Expense,Entertainment,Events,2147.55,Unknown,Cash Wallet,No,Discretionary,Landlord,2500.0,Entertainment transaction #2118,one-time,2024,8,Aug,Q3,Wednesday,False
TXN101161,2025-04-26,Expense,Food,Snacks,6937.44,Unknown,Credit Card A/C,No,Discretionary,Employer,8000.0,Food transaction #1161,None,2025,4,Apr,Q2,Saturday,False
TXN101145,2025-12-17,Expense,Entertainment,Streaming,3594.43,Credit Card,Salary Account,No,Discretionary,Apollo Pharmacy,2500.0,Entertainment transaction #1145,None,2025,12,Dec,Q4,Wednesday,False
TXN101827,2025-10-13,Income,Bonus,General,71672.19,Bank Transfer,Salary Account,No,N/A,Swiggy,0.0,Bonus transaction #1827,one-time,2025,10,Oct,Q4,Monday,False
TXN101501,2024-08-12,Expense,Transport,Public Transit,2576.16,Cash,Cash Wallet,No,Discretionary,Local Store,4000.0,Transport transaction #1501,None,2024,8,Aug,Q3,Monday,False
TXN101387,2024-07-25,Expense,Entertainment,Events,5905.54,Net Banking,Credit Card A/C,No,Discretionary,Landlord,2500.0,Entertainment transaction #1387,reimbursable,2024,7,Jul,Q3,Thursday,False
TXN100180,2025-02-10,Expense,Rent,Housing,123.67,Net Banking,Primary Savings,Yes,Essential,Uber,15000.0,Rent transaction #180,reimbursable,2025,2,Feb,Q1,Monday,False
TXN100349,2024-05-17,Expense,Food,Snacks,4448.15,Cash,Cash Wallet,Yes,Discretionary,Unknown Merchant,8000.0,Food transaction #349,None,2024,5,May,Q2,Friday,False
TXN102299,2024-05-26,Expense,Food,Dining Out,6018.02,Cash,Cash Wallet,Yes,Discretionary,Employer,8000.0,Food transaction #2299,review,2024,5,May,Q2,Sunday,False
TXN100683,2025-06-13,Expense,Food,Dining Out,7856.46,Credit Card,Cash Wallet,Yes,Discretionary,Local Store,0.0,food transaction #683,review,2025,6,Jun,Q2,Friday,False
TXN101956,2024-08-06,Expense,Rent,Housing,1016.26,Net Banking,Primary Savings,Yes,Essential,Local Store,15000.0,Rent transaction #1956,reimbursable,2024,8,Aug,Q3,Tuesday,False
TXN102333,2025-11-21,Expense,Subscriptions,SaaS Tools,3698.2,Credit Card,Salary Account,Yes,Discretionary,Swiggy,1500.0,Subscriptions transaction #2333,None,2025,11,Nov,Q4,Friday,False
TXN101003,2024-10-21,Expense,Education,Books,5767.8,Net Banking,Credit Card A/C,Yes,Discretionary,Local Store,4000.0,Education transaction #1003,None,2024,10,Oct,Q4,Monday,False
TXN102121,2025-11-29,Income,Gift,General,89880.4,Bank Transfer,Salary Account,No,N/A,Local Store,0.0,Gift transaction #2121,reimbursable,2025,11,Nov,Q4,Saturday,False
TXN100329,2024-01-20,Expense,Subscriptions,Streaming,224.21,Net Banking,Salary Account,Yes,Discretionary,Zomato,1500.0,Subscriptions transaction #329,None,2024,1,Jan,Q1,Saturday,False
TXN101012,2024-12-09,Expense,Insurance,Health,7789.33,Net Banking,Primary Savings,Yes,Essential,Swiggy,2000.0,Insurance transaction #1012,None,2024,12,Dec,Q4,Monday,False
TXN100344,2024-03-31,Expense,Healthcare,Doctor Visit,4004.12,Unknown,Primary Savings,Yes,Essential,Local Store,3000.0,Healthcare transaction #344,None,2024,3,Mar,Q1,Sunday,False
TXN100259,2025-07-04,Expense,Utilities,Electricity,4114.87,Credit Card,Salary Account,No,Essential,Local Store,3000.0,Utilities transaction #259,review,2025,7,Jul,Q3,Friday,False
TXN101466,2025-07-19,Expense,Education,Courses,1519.39,UPI,Primary Savings,Yes,Discretionary,Uber,4000.0,Education transaction #1466,None,2025,7,Jul,Q3,Saturday,False
TXN100218,2025-01-03,Expense,Food,Groceries,3476.29,Net Banking,Cash Wallet,Yes,Discretionary,Amazon,0.0,food transaction #218,reimbursable,2025,1,Jan,Q1,Friday,False
TXN100468,2025-01-03,Expense,Food,Dining Out,5212.82,Credit Card,Cash Wallet,Yes,Discretionary,Uber,8000.0,Food transaction #468,None,2025,1,Jan,Q1,Friday,False
TXN101948,2025-02-28,Income,Salary,General,81923.83,Bank Transfer,Salary Account,Yes,N/A,Employer,0.0,Salary transaction #1948,None,2025,2,Feb,Q1,Friday,False
TXN101261,2024-09-03,Expense,Insurance,Vehicle,6046.66,UPI,Primary Savings,Yes,Essential,Zomato,2000.0,Insurance transaction #1261,None,2024,9,Sep,Q3,Tuesday,False
TXN102381,2025-11-14,Expense,Subscriptions,Streaming,3992.49,Net Banking,Salary Account,Yes,Discretionary,Landlord,1500.0,Subscriptions transaction #2381,None,2025,11,Nov,Q4,Friday,False
TXN100372,2025-07-12,Expense,Insurance,Life,7101.48,Unknown,Credit Card A/C,Yes,Essential,Amazon,2000.0,Insurance transaction #372,None,2025,7,Jul,Q3,Saturday,False
TXN100294,2025-10-28,Expense,Transport,Fuel,6403.6,UPI,Credit Card A/C,Yes,Discretionary,Uber,4000.0,Transport transaction #294,None,2025,10,Oct,Q4,Tuesday,False
TXN100790,2025-02-11,Expense,Food,Groceries,62.55,UPI,Cash Wallet,No,Discretionary,Freelance Client,8000.0,Food transaction #790,None,2025,2,Feb,Q1,Tuesday,False
TXN101411,2024-06-21,Expense,Groceries,Groceries,183.92,Credit Card,Salary Account,Yes,Essential,Unknown Merchant,6000.0,Groceries transaction #1411,reimbursable,2024,6,Jun,Q2,Friday,False
TXN102283,2024-10-19,Expense,Entertainment,Events,1776.7,Unknown,Salary Account,Yes,Discretionary,Local Store,2500.0,Entertainment transaction #2283,reimbursable,2024,10,Oct,Q4,Saturday,False
TXN100969,2025-11-22,Expense,Rent,Housing,5767.18,UPI,Cash Wallet,Yes,Essential,Employer,15000.0,Rent transaction #969,None,2025,11,Nov,Q4,Saturday,False
TXN100665,2024-06-24,Expense,Healthcare,Insurance Premium,5278.85,Unknown,Cash Wallet,No,Essential,Employer,3000.0,Healthcare transaction #665,review,2024,6,Jun,Q2,Monday,False
TXN102369,2024-09-17,Expense,Food,Dining Out,3461.64,Net Banking,Cash Wallet,No,Discretionary,Landlord,0.0,food transaction #2369,None,2024,9,Sep,Q3,Tuesday,False
TXN101636,2025-05-29,Expense,Utilities,Internet,6441.05,Net Banking,Cash Wallet,Yes,Essential,Unknown Merchant,3000.0,Utilities transaction #1636,None,2025,5,May,Q2,Thursday,False
TXN102423,2025-05-17,Income,Investment,General,58239.97,Bank Transfer,Salary Account,No,N/A,Local Store,0.0,Investment transaction #2423,None,2025,5,May,Q2,Saturday,False
TXN100316,2025-04-22,Expense,Education,Tuition,863.38,Net Banking,Credit Card A/C,No,Discretionary,Netflix,4000.0,Education transaction #316,None,2025,4,Apr,Q2,Tuesday,False
TXN101549,2025-04-19,Expense,Healthcare,Pharmacy,3175.0,Credit Card,Primary Savings,No,Essential,Netflix,3000.0,Healthcare transaction #1549,one-time,2025,4,Apr,Q2,Saturday,False
TXN100270,2024-08-31,Expense,Food,Groceries,789.56,Credit Card,Cash Wallet,No,Discretionary,Apollo Pharmacy,8000.0,Food transaction #270,None,2024,8,Aug,Q3,Saturday,False
TXN101305,2025-07-15,Expense,Education,Tuition,1791.62,Debit Card,Cash Wallet,Yes,Discretionary,BESCOM,4000.0,Education transaction #1305,review,2025,7,Jul,Q3,Tuesday,False
TXN101846,2024-04-03,Expense,Food,Snacks,1932.79,Unknown,Salary Account,No,Discretionary,Apollo Pharmacy,0.0,food transaction #1846,reimbursable,2024,4,Apr,Q2,Wednesday,False
TXN100953,2025-11-10,Expense,Entertainment,Streaming,2853.38,Unknown,Credit Card A/C,No,Discretionary,Zomato,2500.0,Entertainment transaction #953,review,2025,11,Nov,Q4,Monday,False
TXN101246,2024-10-14,Expense,Transport,Fuel,1215.84,Cash,Primary Savings,Yes,Discretionary,Swiggy,4000.0,Transport transaction #1246,one-time,2024,10,Oct,Q4,Monday,False
TXN101742,2024-05-28,Expense,Transport,Public Transit,1175.99,Credit Card,Primary Savings,Yes,Discretionary,Employer,4000.0,Transport transaction #1742,None,2024,5,May,Q2,Tuesday,False
TXN102311,2025-01-13,Expense,Food,Snacks,3024.89,Unknown,Primary Savings,Yes,Discretionary,Zomato,0.0,food transaction #2311,None,2025,1,Jan,Q1,Monday,False
TXN100472,2025-12-03,Expense,Transport,Public Transit,7765.77,Net Banking,Credit Card A/C,No,Discretionary,Landlord,4000.0,Transport transaction #472,reimbursable,2025,12,Dec,Q4,Wednesday,False
TXN101265,2024-11-28,Expense,Shopping,Electronics,3741.92,Credit Card,Salary Account,No,Discretionary,Local Store,5000.0,Shopping transaction #1265,None,2024,11,Nov,Q4,Thursday,False
TXN102035,2025-09-15,Expense,Food,Groceries,7399.8,Credit Card,Primary Savings,Yes,Discretionary,Landlord,8000.0,Food transaction #2035,one-time,2025,9,Sep,Q3,Monday,False
TXN100861,2024-02-28,Expense,Food,Dining Out,7723.56,Credit Card,Credit Card A/C,Yes,Discretionary,Landlord,8000.0,Food transaction #861,reimbursable,2024,2,Feb,Q1,Wednesday,False
TXN100944,2024-09-28,Income,Gift,General,25884.67,Bank Transfer,Salary Account,No,N/A,Local Store,0.0,Gift transaction #944,one-time,2024,9,Sep,Q3,Saturday,False
TXN101965,2024-05-17,Expense,Entertainment,Events,832.78,Debit Card,Credit Card A/C,Yes,Discretionary,Local Store,2500.0,Entertainment transaction #1965,review,2024,5,May,Q2,Friday,False
TXN100185,2025-12-21,Expense,Subscriptions,Streaming,7528.05,Debit Card,Salary Account,Yes,Discretionary,BESCOM,1500.0,Subscriptions transaction #185,one-time,2025,12,Dec,Q4,Sunday,False
TXN101542,2025-04-19,Expense,Education,Courses,3262.0,Unknown,Primary Savings,No,Discretionary,Swiggy,4000.0,Education transaction #1542,one-time,2025,4,Apr,Q2,Saturday,False
TXN101108,2025-07-04,Income,Gift,General,86417.34,Bank Transfer,Salary Account,No,N/A,Zomato,0.0,Gift transaction #1108,None,2025,7,Jul,Q3,Friday,False
TXN102202,2025-04-22,Expense,Entertainment,Movies,7005.05,UPI,Credit Card A/C,Yes,Discretionary,Employer,2500.0,Entertainment transaction #2202,one-time,2025,4,Apr,Q2,Tuesday,False
TXN101881,2024-04-14,Expense,Utilities,Internet,972.67,Net Banking,Salary Account,No,Essential,BESCOM,3000.0,Utilities transaction #1881,reimbursable,2024,4,Apr,Q2,Sunday,False
TXN101946,2025-08-31,Expense,Groceries,Groceries,6470.32,UPI,Primary Savings,Yes,Essential,Netflix,6000.0,Groceries transaction #1946,None,2025,8,Aug,Q3,Sunday,False
TXN101088,2025-02-13,Expense,Utilities,Internet,3425.51,Cash,Primary Savings,No,Essential,Apollo Pharmacy,3000.0,Utilities transaction #1088,None,2025,2,Feb,Q1,Thursday,False
TXN101343,2024-01-24,Expense,Utilities,Electricity,3957.58,Net Banking,Credit Card A/C,No,Essential,Amazon,3000.0,Utilities transaction #1343,one-time,2024,1,Jan,Q1,Wednesday,False
TXN101559,2024-05-28,Expense,Insurance,Life,968.7,Credit Card,Primary Savings,Yes,Essential,Freelance Client,2000.0,Insurance transaction #1559,one-time,2024,5,May,Q2,Tuesday,False
TXN101527,2025-06-18,Expense,Entertainment,Events,6357.94,UPI,Credit Card A/C,Yes,Discretionary,Local Store,2500.0,Entertainment transaction #1527,one-time,2025,6,Jun,Q2,Wednesday,False
TXN101170,2024-06-14,Expense,Food,Snacks,6868.56,Credit Card,Cash Wallet,No,Discretionary,BESCOM,8000.0,Food transaction #1170,one-time,2024,6,Jun,Q2,Friday,False
TXN102338,2025-05-18,Expense,Groceries,Groceries,4585.12,Cash,Primary Savings,No,Essential,Local Store,6000.0,Groceries transaction #2338,reimbursable,2025,5,May,Q2,Sunday,False
TXN102016,2025-03-30,Income,Bonus,General,47895.13,Bank Transfer,Salary Account,No,N/A,Netflix,0.0,Bonus transaction #2016,None,2025,3,Mar,Q1,Sunday,False
TXN100833,2025-12-24,Expense,Healthcare,Doctor Visit,4042.72,Debit Card,Cash Wallet,Yes,Essential,Netflix,3000.0,Healthcare transaction #833,None,2025,12,Dec,Q4,Wednesday,False
TXN101263,2025-12-15,Expense,Insurance,Life,5830.83,Debit Card,Cash Wallet,Yes,Essential,Uber,2000.0,Insurance transaction #1263,one-time,2025,12,Dec,Q4,Monday,False
TXN100925,2024-10-14,Expense,Food,Snacks,4721.25,Credit Card,Salary Account,No,Discretionary,Local Store,0.0,food transaction #925,review,2024,10,Oct,Q4,Monday,False
TXN101564,2024-06-02,Expense,Utilities,Electricity,2311.38,Net Banking,Cash Wallet,Yes,Essential,Uber,3000.0,Utilities transaction #1564,None,2024,6,Jun,Q2,Sunday,False
TXN101435,2025-12-04,Expense,Subscriptions,Streaming,1314.6,Cash,Primary Savings,Yes,Discretionary,Swiggy,1500.0,Subscriptions transaction #1435,review,2025,12,Dec,Q4,Thursday,False
TXN101061,2024-04-03,Expense,Groceries,Groceries,3829.94,UPI,Credit Card A/C,Yes,Essential,Amazon,6000.0,Groceries transaction #1061,one-time,2024,4,Apr,Q2,Wednesday,False
TXN100909,2025-03-22,Expense,Insurance,Vehicle,5091.15,Unknown,Primary Savings,Yes,Essential,Zomato,2000.0,Insurance transaction #909,review,2025,3,Mar,Q1,Saturday,False
TXN100749,2025-02-11,Expense,Subscriptions,Memberships,1908.1,Net Banking,Cash Wallet,Yes,Discretionary,Unknown Merchant,1500.0,Subscriptions transaction #749,None,2025,2,Feb,Q1,Tuesday,False
TXN101591,2025-08-24,Expense,Insurance,Vehicle,6571.77,UPI,Cash Wallet,Yes,Essential,Netflix,2000.0,Insurance transaction #1591,None,2025,8,Aug,Q3,Sunday,False
TXN100736,2024-09-08,Expense,Food,Groceries,7289.66,UPI,Salary Account,No,Discretionary,Freelance Client,8000.0,Food transaction #736,None,2024,9,Sep,Q3,Sunday,False
TXN101964,2024-05-05,Expense,Transport,Public Transit,5968.46,UPI,Salary Account,Yes,Discretionary,Apollo Pharmacy,4000.0,Transport transaction #1964,None,2024,5,May,Q2,Sunday,False
TXN102303,2025-11-02,Income,Salary,General,34252.83,Bank Transfer,Salary Account,Yes,N/A,Employer,0.0,Salary transaction #2303,None,2025,11,Nov,Q4,Sunday,False
TXN100981,2025-10-14,Expense,Transport,Fuel,3528.24,Debit Card,Salary Account,Yes,Discretionary,Unknown Merchant,4000.0,Transport transaction #981,None,2025,10,Oct,Q4,Tuesday,False
TXN101940,2024-03-31,Expense,Food,Snacks,3969.81,Credit Card,Primary Savings,Yes,Discretionary,Apollo Pharmacy,0.0,food transaction #1940,one-time,2024,3,Mar,Q1,Sunday,False
TXN102132,2025-06-02,Expense,Healthcare,Doctor Visit,4574.94,UPI,Cash Wallet,Yes,Essential,Amazon,3000.0,Healthcare transaction #2132,one-time,2025,6,Jun,Q2,Monday,False
TXN101597,2024-06-30,Expense,Insurance,Vehicle,1831.84,Unknown,Cash Wallet,Yes,Essential,Uber,2000.0,Insurance transaction #1597,reimbursable,2024,6,Jun,Q2,Sunday,False
TXN100659,2025-04-19,Expense,Insurance,Vehicle,7448.81,Net Banking,Primary Savings,Yes,Essential,Netflix,2000.0,Insurance transaction #659,one-time,2025,4,Apr,Q2,Saturday,False
TXN100551,2024-06-21,Expense,Education,Courses,7409.12,UPI,Salary Account,Yes,Discretionary,Freelance Client,4000.0,Education transaction #551,None,2024,6,Jun,Q2,Friday,False
TXN100310,2024-04-01,Expense,Transport,Cab,6087.97,Debit Card,Primary Savings,Yes,Discretionary,Zomato,4000.0,Transport transaction #310,None,2024,4,Apr,Q2,Monday,False
TXN101166,2024-05-11,Expense,Education,Books,5364.03,UPI,Cash Wallet,No,Discretionary,Unknown Merchant,4000.0,Education transaction #1166,None,2024,5,May,Q2,Saturday,False
TXN101242,2025-02-15,Expense,Uncategorized,General,3319.75,Cash,Salary Account,Yes,Discretionary,Apollo Pharmacy,0.0,Misc transaction #1242,reimbursable,2025,2,Feb,Q1,Saturday,False
TXN100287,2024-12-14,Expense,Uncategorized,General,2622.53,UPI,Salary Account,Yes,Discretionary,Zomato,0.0,Misc transaction #287,None,2024,12,Dec,Q4,Saturday,False
TXN101818,2024-08-07,Expense,Shopping,Home Goods,2722.97,UPI,Cash Wallet,Yes,Discretionary,Local Store,5000.0,Shopping transaction #1818,reimbursable,2024,8,Aug,Q3,Wednesday,False
TXN101324,2025-11-14,Income,Gift,General,30178.18,Bank Transfer,Salary Account,No,N/A,Zomato,0.0,Gift transaction #1324,None,2025,11,Nov,Q4,Friday,False
TXN100732,2024-12-05,Expense,Groceries,Groceries,3378.63,Credit Card,Primary Savings,No,Essential,Amazon,6000.0,Groceries transaction #732,review,2024,12,Dec,Q4,Thursday,False
TXN101610,2025-12-06,Expense,Food,Dining Out,2126.69,Debit Card,Primary Savings,Yes,Discretionary,Zomato,0.0,food transaction #1610,review,2025,12,Dec,Q4,Saturday,False
TXN101459,2025-11-30,Expense,Transport,Public Transit,722.62,Cash,Credit Card A/C,No,Discretionary,Netflix,4000.0,Transport transaction #1459,reimbursable,2025,11,Nov,Q4,Sunday,False
TXN101807,2024-11-01,Expense,Food,Snacks,2647.4,Net Banking,Primary Savings,No,Discretionary,Netflix,0.0,food transaction #1807,review,2024,11,Nov,Q4,Friday,False
TXN102397,2024-03-18,Expense,Healthcare,Pharmacy,3509.44,Cash,Primary Savings,Yes,Essential,Uber,3000.0,Healthcare transaction #2397,one-time,2024,3,Mar,Q1,Monday,False
TXN101448,2025-05-17,Expense,Uncategorized,General,1447.01,Debit Card,Primary Savings,No,Discretionary,Local Store,0.0,Misc transaction #1448,one-time,2025,5,May,Q2,Saturday,False
TXN100315,2024-06-26,Expense,Food,Groceries,6450.43,Debit Card,Credit Card A/C,No,Discretionary,Local Store,8000.0,Food transaction #315,None,2024,6,Jun,Q2,Wednesday,False
TXN100911,2025-03-06,Expense,Uncategorized,General,3079.58,Credit Card,Cash Wallet,Yes,Discretionary,Uber,0.0,Misc transaction #911,one-time,2025,3,Mar,Q1,Thursday,False
TXN100071,2024-11-10,Expense,Groceries,Groceries,3776.15,Debit Card,Cash Wallet,No,Essential,Landlord,6000.0,Groceries transaction #71,reimbursable,2024,11,Nov,Q4,Sunday,False
TXN100308,2025-02-09,Expense,Entertainment,Events,5978.71,Debit Card,Credit Card A/C,Yes,Discretionary,Uber,2500.0,Entertainment transaction #308,None,2025,2,Feb,Q1,Sunday,False
TXN102251,2024-08-01,Expense,Uncategorized,General,7097.78,Credit Card,Cash Wallet,Yes,Discretionary,Apollo Pharmacy,0.0,Misc transaction #2251,review,2024,8,Aug,Q3,Thursday,False
TXN102177,2025-01-11,Expense,Education,Courses,656.98,UPI,Credit Card A/C,No,Discretionary,Amazon,4000.0,Education transaction #2177,None,2025,1,Jan,Q1,Saturday,False
TXN100541,2024-01-01,Expense,Insurance,Health,5615.44,Cash,Primary Savings,Yes,Essential,Landlord,2000.0,Insurance transaction #541,one-time,2024,1,Jan,Q1,Monday,False
TXN101550,2025-09-17,Expense,Food,Groceries,4848.68,Net Banking,Cash Wallet,Yes,Discretionary,Swiggy,0.0,food transaction #1550,None,2025,9,Sep,Q3,Wednesday,False
TXN101008,2025-11-02,Income,Salary,General,65822.06,Bank Transfer,Salary Account,Yes,N/A,Employer,0.0,Salary transaction #1008,one-time,2025,11,Nov,Q4,Sunday,False
TXN102295,2025-02-01,Expense,Rent,Housing,1512.71,Cash,Salary Account,Yes,Essential,Uber,15000.0,Rent transaction #2295,None,2025,2,Feb,Q1,Saturday,False
TXN101792,2024-02-06,Expense,Transport,Public Transit,873.37,Net Banking,Credit Card A/C,No,Discretionary,Swiggy,4000.0,Transport transaction #1792,None,2024,2,Feb,Q1,Tuesday,False
TXN100691,2025-08-19,Expense,Uncategorized,General,829.0,Unknown,Cash Wallet,No,Discretionary,Zomato,0.0,Misc transaction #691,None,2025,8,Aug,Q3,Tuesday,False
TXN100914,2025-07-23,Expense,Transport,Public Transit,6636.97,Net Banking,Cash Wallet,Yes,Discretionary,Freelance Client,4000.0,Transport transaction #914,one-time,2025,7,Jul,Q3,Wednesday,False
TXN102478,2025-11-01,Expense,Entertainment,Movies,1483.33,Credit Card,Salary Account,No,Discretionary,Local Store,2500.0,Entertainment transaction #2478,review,2025,11,Nov,Q4,Saturday,False
TXN101256,2025-10-08,Expense,Uncategorized,General,4919.89,UPI,Salary Account,Yes,Discretionary,Unknown Merchant,0.0,Misc transaction #1256,review,2025,10,Oct,Q4,Wednesday,False
TXN100334,2025-05-07,Expense,Food,Groceries,7259.7,Net Banking,Cash Wallet,Yes,Discretionary,Zomato,8000.0,Food transaction #334,review,2025,5,May,Q2,Wednesday,False
TXN100123,2024-03-19,Expense,Food,Snacks,3106.64,Net Banking,Primary Savings,No,Discretionary,Employer,0.0,food transaction #123,one-time,2024,3,Mar,Q1,Tuesday,False
TXN101749,2024-12-16,Expense,Utilities,Electricity,5380.68,Net Banking,Cash Wallet,Yes,Essential,Employer,3000.0,Utilities transaction #1749,None,2024,12,Dec,Q4,Monday,False
TXN102189,2024-04-11,Expense,Uncategorized,General,2223.99,Cash,Cash Wallet,Yes,Discretionary,Unknown Merchant,0.0,Misc transaction #2189,None,2024,4,Apr,Q2,Thursday,False
TXN100200,2024-09-18,Expense,Insurance,Life,6784.71,UPI,Salary Account,Yes,Essential,Amazon,2000.0,Insurance transaction #200,reimbursable,2024,9,Sep,Q3,Wednesday,False
TXN100599,2025-08-30,Income,Salary,General,83597.05,Bank Transfer,Salary Account,Yes,N/A,Employer,0.0,Salary transaction #599,None,2025,8,Aug,Q3,Saturday,False
TXN101697,2025-06-18,Expense,Healthcare,Insurance Premium,75622.95,UPI,Cash Wallet,Yes,Essential,Zomato,3000.0,Healthcare transaction #1697,None,2025,6,Jun,Q2,Wednesday,True
TXN100977,2025-04-28,Expense,Rent,Housing,2626.41,Net Banking,Credit Card A/C,Yes,Essential,Employer,15000.0,Rent transaction #977,None,2025,4,Apr,Q2,Monday,False
TXN100756,2025-02-02,Expense,Transport,Fuel,2512.57,Unknown,Cash Wallet,Yes,Discretionary,Employer,4000.0,Transport transaction #756,None,2025,2,Feb,Q1,Sunday,False
TXN101026,2024-02-12,Expense,Subscriptions,Memberships,4177.12,Net Banking,Credit Card A/C,Yes,Discretionary,Zomato,1500.0,Subscriptions transaction #1026,None,2024,2,Feb,Q1,Monday,False
TXN102037,2024-09-10,Expense,Shopping,Home Goods,1729.63,Cash,Cash Wallet,No,Discretionary,Freelance Client,5000.0,Shopping transaction #2037,one-time,2024,9,Sep,Q3,Tuesday,False
TXN101130,2025-09-15,Expense,Utilities,Electricity,5880.03,UPI,Salary Account,No,Essential,Amazon,3000.0,Utilities transaction #1130,reimbursable,2025,9,Sep,Q3,Monday,False
TXN101589,2025-11-07,Expense,Food,Snacks,5040.77,UPI,Primary Savings,Yes,Discretionary,Uber,8000.0,Food transaction #1589,reimbursable,2025,11,Nov,Q4,Friday,False
TXN102140,2024-05-24,Expense,Rent,Housing,5161.53,Unknown,Cash Wallet,Yes,Essential,Amazon,15000.0,Rent transaction #2140,None,2024,5,May,Q2,Friday,False
TXN100920,2024-07-31,Expense,Healthcare,Pharmacy,3917.81,Unknown,Primary Savings,Yes,Essential,Freelance Client,3000.0,Healthcare transaction #920,review,2024,7,Jul,Q3,Wednesday,False
TXN100557,2024-12-08,Expense,Uncategorized,General,880.15,UPI,Salary Account,Yes,Discretionary,Amazon,0.0,Misc transaction #557,None,2024,12,Dec,Q4,Sunday,False
TXN100856,2024-02-16,Expense,Food,Snacks,6525.54,Cash,Primary Savings,Yes,Discretionary,Apollo Pharmacy,8000.0,Food transaction #856,one-time,2024,2,Feb,Q1,Friday,False
TXN100488,2024-03-22,Expense,Food,Groceries,2261.0,Unknown,Salary Account,Yes,Discretionary,Swiggy,8000.0,Food transaction #488,None,2024,3,Mar,Q1,Friday,False
TXN102206,2024-02-24,Expense,Education,Tuition,1185.16,Cash,Salary Account,Yes,Discretionary,Unknown Merchant,4000.0,Education transaction #2206,None,2024,2,Feb,Q1,Saturday,False
TXN101545,2025-03-26,Expense,Insurance,Health,3684.48,Credit Card,Salary Account,Yes,Essential,Apollo Pharmacy,2000.0,Insurance transaction #1545,reimbursable,2025,3,Mar,Q1,Wednesday,False
TXN101104,2025-04-16,Expense,Insurance,Vehicle,3142.86,Net Banking,Primary Savings,Yes,Essential,Uber,2000.0,Insurance transaction #1104,one-time,2025,4,Apr,Q2,Wednesday,False
TXN101090,2024-02-15,Expense,Shopping,Clothing,5249.66,Cash,Salary Account,No,Discretionary,Netflix,5000.0,Shopping transaction #1090,None,2024,2,Feb,Q1,Thursday,False
TXN101181,2024-07-29,Expense,Insurance,Health,135.61,UPI,Credit Card A/C,Yes,Essential,Landlord,2000.0,Insurance transaction #1181,one-time,2024,7,Jul,Q3,Monday,False
TXN102485,2025-03-08,Expense,Food,Dining Out,3875.37,Credit Card,Cash Wallet,Yes,Discretionary,Swiggy,8000.0,Food transaction #2485,None,2025,3,Mar,Q1,Saturday,False
TXN101395,2025-03-12,Expense,Rent,Housing,7457.34,Debit Card,Primary Savings,Yes,Essential,Zomato,15000.0,Rent transaction #1395,None,2025,3,Mar,Q1,Wednesday,False
TXN100036,2024-12-05,Expense,Food,Dining Out,7702.15,Debit Card,Primary Savings,Yes,Discretionary,Employer,0.0,food transaction #36,None,2024,12,Dec,Q4,Thursday,False
TXN101176,2025-01-18,Expense,Insurance,Life,6878.58,Credit Card,Salary Account,Yes,Essential,Landlord,2000.0,Insurance transaction #1176,None,2025,1,Jan,Q1,Saturday,False
TXN101123,2025-08-04,Expense,Healthcare,Insurance Premium,2394.29,Unknown,Salary Account,Yes,Essential,Employer,3000.0,Healthcare transaction #1123,review,2025,8,Aug,Q3,Monday,False
TXN100510,2025-04-24,Income,Investment,General,67913.46,Bank Transfer,Salary Account,No,N/A,Unknown Merchant,0.0,Investment transaction #510,None,2025,4,Apr,Q2,Thursday,False
TXN102006,2025-09-11,Expense,Entertainment,Events,6886.76,Credit Card,Primary Savings,Yes,Discretionary,Unknown Merchant,2500.0,Entertainment transaction #2006,review,2025,9,Sep,Q3,Thursday,False
TXN102484,2024-01-18,Expense,Groceries,Groceries,1354.37,Credit Card,Salary Account,Yes,Essential,Unknown Merchant,6000.0,Groceries transaction #2484,one-time,2024,1,Jan,Q1,Thursday,False
TXN100994,2024-03-19,Income,Bonus,General,32641.54,Bank Transfer,Salary Account,No,N/A,Amazon,0.0,Bonus transaction #994,None,2024,3,Mar,Q1,Tuesday,False
TXN101795,2025-12-02,Expense,Groceries,Groceries,1579.24,Credit Card,Primary Savings,Yes,Essential,BESCOM,6000.0,Groceries transaction #1795,one-time,2025,12,Dec,Q4,Tuesday,False
TXN100526,2025-04-25,Expense,Healthcare,Insurance Premium,3397.08,Debit Card,Credit Card A/C,Yes,Essential,Amazon,3000.0,Healthcare transaction #526,None,2025,4,Apr,Q2,Friday,False
TXN101699,2025-06-13,Income,Salary,General,72528.87,Bank Transfer,Salary Account,Yes,N/A,Employer,0.0,Salary transaction #1699,one-time,2025,6,Jun,Q2,Friday,False
TXN101521,2024-07-09,Expense,Insurance,Life,5927.92,Debit Card,Cash Wallet,Yes,Essential,BESCOM,2000.0,Insurance transaction #1521,reimbursable,2024,7,Jul,Q3,Tuesday,False
TXN101092,2024-01-13,Expense,Rent,Housing,142.13,Unknown,Cash Wallet,Yes,Essential,Local Store,15000.0,Rent transaction #1092,None,2024,1,Jan,Q1,Saturday,False
TXN100102,2025-08-25,Expense,Rent,Housing,5946.66,Net Banking,Primary Savings,Yes,Essential,Unknown Merchant,15000.0,Rent transaction #102,None,2025,8,Aug,Q3,Monday,False
TXN102383,2024-12-18,Expense,Entertainment,Events,3657.36,UPI,Cash Wallet,Yes,Discretionary,Apollo Pharmacy,2500.0,Entertainment transaction #2383,one-time,2024,12,Dec,Q4,Wednesday,False
TXN101025,2024-04-09,Expense,Healthcare,Doctor Visit,4165.54,Net Banking,Cash Wallet,No,Essential,Uber,3000.0,Healthcare transaction #1025,None,2024,4,Apr,Q2,Tuesday,False
TXN100770,2024-08-13,Income,Investment,General,65496.15,Bank Transfer,Salary Account,No,N/A,Uber,0.0,Investment transaction #770,one-time,2024,8,Aug,Q3,Tuesday,False
TXN101297,2024-02-08,Expense,Healthcare,Doctor Visit,155.49,UPI,Primary Savings,No,Essential,Unknown Merchant,3000.0,Healthcare transaction #1297,None,2024,2,Feb,Q1,Thursday,False
TXN101747,2025-11-10,Expense,Groceries,Groceries,3119.62,Debit Card,Credit Card A/C,No,Essential,Amazon,6000.0,Groceries transaction #1747,None,2025,11,Nov,Q4,Monday,False
TXN101467,2025-09-03,Expense,Food,Groceries,2704.12,Unknown,Cash Wallet,No,Discretionary,Unknown Merchant,8000.0,Food transaction #1467,None,2025,9,Sep,Q3,Wednesday,False
TXN102360,2024-12-25,Expense,Education,Tuition,5203.88,Debit Card,Cash Wallet,Yes,Discretionary,Amazon,4000.0,Education transaction #2360,None,2024,12,Dec,Q4,Wednesday,False
TXN101528,2024-04-20,Expense,Entertainment,Movies,5845.01,Debit Card,Salary Account,No,Discretionary,Apollo Pharmacy,2500.0,Entertainment transaction #1528,None,2024,4,Apr,Q2,Saturday,False
TXN100695,2024-05-01,Expense,Shopping,Clothing,4595.53,UPI,Salary Account,Yes,Discretionary,Uber,5000.0,Shopping transaction #695,None,2024,5,May,Q2,Wednesday,False
TXN102225,2024-04-13,Expense,Uncategorized,General,1614.04,Cash,Primary Savings,Yes,Discretionary,BESCOM,0.0,Misc transaction #2225,one-time,2024,4,Apr,Q2,Saturday,False
TXN101317,2024-04-13,Expense,Rent,Housing,2965.07,Unknown,Cash Wallet,Yes,Essential,Amazon,15000.0,Rent transaction #1317,None,2024,4,Apr,Q2,Saturday,False
TXN100272,2024-08-30,Expense,Entertainment,Streaming,5896.06,Debit Card,Cash Wallet,No,Discretionary,BESCOM,2500.0,Entertainment transaction #272,reimbursable,2024,8,Aug,Q3,Friday,False
TXN102275,2025-10-17,Expense,Uncategorized,General,3125.66,UPI,Credit Card A/C,Yes,Discretionary,Swiggy,0.0,Misc transaction #2275,review,2025,10,Oct,Q4,Friday,False
TXN100753,2025-01-30,Expense,Food,Dining Out,3639.71,Debit Card,Primary Savings,Yes,Discretionary,Zomato,0.0,food transaction #753,review,2025,1,Jan,Q1,Thursday,False
TXN100166,2025-07-25,Expense,Uncategorized,General,4839.58,Cash,Primary Savings,Yes,Discretionary,Amazon,0.0,Misc transaction #166,one-time,2025,7,Jul,Q3,Friday,False
TXN101230,2025-01-24,Expense,Utilities,Internet,1512.51,Credit Card,Credit Card A/C,No,Essential,Amazon,3000.0,Utilities transaction #1230,None,2025,1,Jan,Q1,Friday,False
TXN101156,2025-01-24,Expense,Food,Groceries,4078.29,Net Banking,Primary Savings,Yes,Discretionary,BESCOM,0.0,food transaction #1156,reimbursable,2025,1,Jan,Q1,Friday,False
TXN101066,2025-03-28,Expense,Transport,Fuel,2661.19,Debit Card,Credit Card A/C,Yes,Discretionary,Employer,4000.0,Transport transaction #1066,review,2025,3,Mar,Q1,Friday,False
TXN101171,2024-04-30,Expense,Insurance,Vehicle,2731.17,Credit Card,Credit Card A/C,Yes,Essential,Uber,2000.0,Insurance transaction #1171,reimbursable,2024,4,Apr,Q2,Tuesday,False
TXN100993,2024-12-17,Expense,Food,Groceries,4729.51,Credit Card,Cash Wallet,Yes,Discretionary,Amazon,8000.0,Food transaction #993,None,2024,12,Dec,Q4,Tuesday,False
TXN101116,2025-09-10,Expense,Rent,Housing,7701.67,UPI,Primary Savings,Yes,Essential,Freelance Client,15000.0,Rent transaction #1116,one-time,2025,9,Sep,Q3,Wednesday,False
TXN100663,2024-07-02,Expense,Shopping,Clothing,7020.21,Debit Card,Credit Card A/C,No,Discretionary,Freelance Client,5000.0,Shopping transaction #663,None,2024,7,Jul,Q3,Tuesday,False
TXN101209,2024-01-13,Income,Bonus,General,41438.47,Bank Transfer,Salary Account,No,N/A,Employer,0.0,Bonus transaction #1209,None,2024,1,Jan,Q1,Saturday,False
TXN101927,2025-07-18,Expense,Food,Snacks,3378.45,UPI,Salary Account,No,Discretionary,Uber,0.0,food transaction #1927,one-time,2025,7,Jul,Q3,Friday,False
TXN101247,2024-06-23,Expense,Groceries,Groceries,4699.89,Credit Card,Cash Wallet,Yes,Essential,Apollo Pharmacy,6000.0,Groceries transaction #1247,None,2024,6,Jun,Q2,Sunday,False
TXN101221,2024-06-08,Income,Freelance,General,63523.46,Bank Transfer,Salary Account,No,N/A,Netflix,0.0,Freelance transaction #1221,reimbursable,2024,6,Jun,Q2,Saturday,False
TXN102123,2025-09-28,Expense,Rent,Housing,6946.36,Unknown,Salary Account,Yes,Essential,Amazon,15000.0,Rent transaction #2123,None,2025,9,Sep,Q3,Sunday,False
TXN101816,2024-12-29,Expense,Rent,Housing,4946.76,Unknown,Primary Savings,Yes,Essential,Amazon,15000.0,Rent transaction #1816,one-time,2024,12,Dec,Q4,Sunday,False
TXN101890,2025-05-21,Expense,Subscriptions,SaaS Tools,1759.98,Debit Card,Credit Card A/C,Yes,Discretionary,BESCOM,1500.0,Subscriptions transaction #1890,None,2025,5,May,Q2,Wednesday,False
TXN101716,2025-09-29,Expense,Rent,Housing,7264.15,Unknown,Primary Savings,Yes,Essential,Freelance Client,15000.0,Rent transaction #1716,None,2025,9,Sep,Q3,Monday,False
TXN100537,2025-08-02,Expense,Rent,Housing,2064.02,Cash,Primary Savings,Yes,Essential,Freelance Client,15000.0,Rent transaction #537,one-time,2025,8,Aug,Q3,Saturday,False
TXN101426,2025-02-15,Expense,Groceries,Groceries,3801.24,Credit Card,Salary Account,No,Essential,Amazon,6000.0,Groceries transaction #1426,None,2025,2,Feb,Q1,Saturday,False
TXN101441,2024-02-21,Expense,Groceries,Groceries,4440.6,Debit Card,Primary Savings,No,Essential,Netflix,6000.0,Groceries transaction #1441,None,2024,2,Feb,Q1,Wednesday,False
TXN100215,2024-03-21,Expense,Entertainment,Movies,1895.54,UPI,Credit Card A/C,No,Discretionary,Uber,2500.0,Entertainment transaction #215,one-time,2024,3,Mar,Q1,Thursday,False
TXN100809,2025-10-08,Expense,Healthcare,Doctor Visit,3044.83,Debit Card,Salary Account,Yes,Essential,Unknown Merchant,3000.0,Healthcare transaction #809,review,2025,10,Oct,Q4,Wednesday,False
TXN102440,2024-11-08,Income,Freelance,General,65243.75,Bank Transfer,Salary Account,No,N/A,Unknown Merchant,0.0,Freelance transaction #2440,review,2024,11,Nov,Q4,Friday,False
TXN101797,2025-09-20,Expense,Uncategorized,General,2827.42,Net Banking,Credit Card A/C,Yes,Discretionary,Freelance Client,0.0,Misc transaction #1797,review,2025,9,Sep,Q3,Saturday,False
TXN101632,2024-08-23,Expense,Education,Tuition,2170.78,Credit Card,Credit Card A/C,Yes,Discretionary,Netflix,4000.0,Education transaction #1632,review,2024,8,Aug,Q3,Friday,False
TXN101594,2024-04-03,Expense,Insurance,Life,4111.64,Cash,Credit Card A/C,Yes,Essential,Swiggy,2000.0,Insurance transaction #1594,reimbursable,2024,4,Apr,Q2,Wednesday,False
TXN100459,2025-06-20,Income,Gift,General,59543.9,Bank Transfer,Salary Account,No,N/A,Uber,0.0,Gift transaction #459,None,2025,6,Jun,Q2,Friday,False
TXN102352,2024-08-26,Expense,Shopping,Home Goods,5198.73,Unknown,Primary Savings,No,Discretionary,Apollo Pharmacy,5000.0,Shopping transaction #2352,None,2024,8,Aug,Q3,Monday,False
TXN102003,2024-05-03,Expense,Uncategorized,General,85.85,Net Banking,Salary Account,No,Discretionary,Uber,0.0,Misc transaction #2003,None,2024,5,May,Q2,Friday,False
TXN100542,2025-03-22,Expense,Subscriptions,Streaming,76.29,Unknown,Cash Wallet,Yes,Discretionary,Zomato,1500.0,Subscriptions transaction #542,None,2025,3,Mar,Q1,Saturday,False
TXN101530,2024-12-28,Expense,Shopping,Home Goods,7980.87,Unknown,Cash Wallet,Yes,Discretionary,Employer,5000.0,Shopping transaction #1530,one-time,2024,12,Dec,Q4,Saturday,False
TXN100269,2024-12-20,Expense,Subscriptions,Streaming,61.62,Unknown,Cash Wallet,Yes,Discretionary,Unknown Merchant,1500.0,Subscriptions transaction #269,reimbursable,2024,12,Dec,Q4,Friday,False
TXN100256,2025-10-23,Income,Freelance,General,54642.14,Bank Transfer,Salary Account,No,N/A,Zomato,0.0,Freelance transaction #256,None,2025,10,Oct,Q4,Thursday,False
TXN100370,2025-09-25,Income,Gift,General,23186.18,Bank Transfer,Salary Account,No,N/A,Zomato,0.0,Gift transaction #370,None,2025,9,Sep,Q3,Thursday,False
TXN100080,2025-05-16,Expense,Healthcare,Insurance Premium,2692.9,Net Banking,Cash Wallet,No,Essential,Uber,3000.0,Healthcare transaction #80,None,2025,5,May,Q2,Friday,False
TXN100868,2024-03-28,Expense,Healthcare,Insurance Premium,6532.95,Debit Card,Credit Card A/C,No,Essential,Swiggy,3000.0,Healthcare transaction #868,None,2024,3,Mar,Q1,Thursday,False
TXN100496,2024-01-07,Income,Investment,General,43895.31,Bank Transfer,Salary Account,No,N/A,Unknown Merchant,0.0,Investment transaction #496,None,2024,1,Jan,Q1,Sunday,False
TXN101702,2025-09-21,Expense,Rent,Housing,7566.84,UPI,Credit Card A/C,Yes,Essential,Zomato,15000.0,Rent transaction #1702,None,2025,9,Sep,Q3,Sunday,False
TXN100996,2024-07-29,Expense,Subscriptions,SaaS Tools,6877.14,Cash,Credit Card A/C,Yes,Discretionary,Uber,1500.0,Subscriptions transaction #996,review,2024,7,Jul,Q3,Monday,False
TXN100445,2025-07-21,Expense,Education,Courses,6564.38,Net Banking,Credit Card A/C,No,Discretionary,Amazon,4000.0,Education transaction #445,review,2025,7,Jul,Q3,Monday,False
TXN100539,2024-09-28,Expense,Food,Dining Out,1645.32,Cash,Salary Account,No,Discretionary,Zomato,0.0,food transaction #539,None,2024,9,Sep,Q3,Saturday,False
TXN100122,2025-08-28,Income,Gift,General,25193.35,Bank Transfer,Salary Account,No,N/A,Apollo Pharmacy,0.0,Gift transaction #122,None,2025,8,Aug,Q3,Thursday,False
TXN102318,2025-06-13,Expense,Food,Groceries,3786.68,Cash,Cash Wallet,No,Discretionary,Employer,0.0,food transaction #2318,review,2025,6,Jun,Q2,Friday,False
TXN100840,2024-11-01,Expense,Food,Dining Out,1529.95,Debit Card,Primary Savings,Yes,Discretionary,Local Store,8000.0,Food transaction #840,reimbursable,2024,11,Nov,Q4,Friday,False
TXN101332,2025-06-14,Expense,Utilities,Water,5373.99,Credit Card,Salary Account,No,Essential,BESCOM,3000.0,Utilities transaction #1332,reimbursable,2025,6,Jun,Q2,Saturday,False
TXN102261,2024-04-14,Expense,Subscriptions,SaaS Tools,663.75,Debit Card,Salary Account,Yes,Discretionary,Landlord,1500.0,Subscriptions transaction #2261,review,2024,4,Apr,Q2,Sunday,False
TXN101289,2025-06-08,Expense,Transport,Fuel,3130.24,UPI,Salary Account,Yes,Discretionary,Employer,4000.0,Transport transaction #1289,review,2025,6,Jun,Q2,Sunday,False
TXN102147,2025-06-20,Expense,Education,Books,6853.9,Debit Card,Primary Savings,No,Discretionary,Zomato,4000.0,Education transaction #2147,None,2025,6,Jun,Q2,Friday,False
TXN101218,2025-01-29,Expense,Education,Courses,5489.11,Cash,Salary Account,No,Discretionary,Freelance Client,4000.0,Education transaction #1218,None,2025,1,Jan,Q1,Wednesday,False
TXN101089,2024-08-15,Expense,Rent,Housing,2751.82,UPI,Cash Wallet,Yes,Essential,Zomato,15000.0,Rent transaction #1089,None,2024,8,Aug,Q3,Thursday,False
TXN102120,2025-07-31,Expense,Food,Snacks,3936.51,Credit Card,Salary Account,Yes,Discretionary,Unknown Merchant,8000.0,Food transaction #2120,None,2025,7,Jul,Q3,Thursday,False
TXN100432,2024-09-12,Expense,Subscriptions,Memberships,3057.95,Debit Card,Primary Savings,Yes,Discretionary,Local Store,1500.0,Subscriptions transaction #432,reimbursable,2024,9,Sep,Q3,Thursday,False
TXN100061,2024-12-18,Expense,Subscriptions,Memberships,5637.7,Debit Card,Credit Card A/C,Yes,Discretionary,Netflix,1500.0,Subscriptions transaction #61,None,2024,12,Dec,Q4,Wednesday,False
TXN101988,2025-07-30,Expense,Food,Groceries,5762.28,Cash,Cash Wallet,No,Discretionary,Swiggy,8000.0,Food transaction #1988,review,2025,7,Jul,Q3,Wednesday,False
TXN100972,2025-11-04,Expense,Education,Tuition,1642.79,Cash,Credit Card A/C,No,Discretionary,Freelance Client,4000.0,Education transaction #972,None,2025,11,Nov,Q4,Tuesday,False
TXN101376,2025-11-26,Expense,Subscriptions,SaaS Tools,745.79,Credit Card,Credit Card A/C,Yes,Discretionary,Uber,1500.0,Subscriptions transaction #1376,None,2025,11,Nov,Q4,Wednesday,False
TXN100960,2024-02-24,Expense,Food,Dining Out,6681.17,UPI,Credit Card A/C,Yes,Discretionary,Uber,8000.0,Food transaction #960,reimbursable,2024,2,Feb,Q1,Saturday,False
TXN101599,2024-09-28,Expense,Shopping,Clothing,4118.02,Credit Card,Primary Savings,No,Discretionary,Amazon,5000.0,Shopping transaction #1599,one-time,2024,9,Sep,Q3,Saturday,False
TXN100143,2024-10-27,Expense,Uncategorized,General,383.15,Debit Card,Cash Wallet,No,Discretionary,Netflix,0.0,Misc transaction #143,None,2024,10,Oct,Q4,Sunday,False
TXN102167,2025-07-11,Expense,Insurance,Life,6004.13,Cash,Primary Savings,Yes,Essential,Uber,2000.0,Insurance transaction #2167,reimbursable,2025,7,Jul,Q3,Friday,False
TXN101344,2025-09-13,Expense,Rent,Housing,5606.48,Cash,Salary Account,Yes,Essential,Local Store,15000.0,Rent transaction #1344,one-time,2025,9,Sep,Q3,Saturday,False
TXN102287,2025-05-03,Expense,Shopping,Home Goods,5784.82,UPI,Salary Account,Yes,Discretionary,BESCOM,5000.0,Shopping transaction #2287,one-time,2025,5,May,Q2,Saturday,False
TXN101190,2024-02-18,Expense,Subscriptions,Memberships,6359.45,Credit Card,Credit Card A/C,Yes,Discretionary,Unknown Merchant,1500.0,Subscriptions transaction #1190,None,2024,2,Feb,Q1,Sunday,False
TXN101966,2025-09-04,Expense,Transport,Public Transit,1270.39,Debit Card,Cash Wallet,No,Discretionary,Netflix,4000.0,Transport transaction #1966,None,2025,9,Sep,Q3,Thursday,False
TXN100173,2025-11-28,Expense,Subscriptions,SaaS Tools,1578.5,Credit Card,Credit Card A/C,Yes,Discretionary,Landlord,1500.0,Subscriptions transaction #173,None,2025,11,Nov,Q4,Friday,False
TXN100502,2025-06-20,Expense,Entertainment,Movies,831.1,Net Banking,Salary Account,Yes,Discretionary,Unknown Merchant,2500.0,Entertainment transaction #502,reimbursable,2025,6,Jun,Q2,Friday,False
TXN101820,2025-07-07,Expense,Subscriptions,Streaming,1535.34,Unknown,Primary Savings,Yes,Discretionary,Landlord,1500.0,Subscriptions transaction #1820,review,2025,7,Jul,Q3,Monday,False
TXN102250,2024-08-14,Expense,Food,Dining Out,7923.75,Unknown,Credit Card A/C,No,Discretionary,Apollo Pharmacy,8000.0,Food transaction #2250,one-time,2024,8,Aug,Q3,Wednesday,False
TXN101215,2025-08-11,Expense,Education,Books,5163.43,Debit Card,Credit Card A/C,Yes,Discretionary,Apollo Pharmacy,4000.0,Education transaction #1215,review,2025,8,Aug,Q3,Monday,False
TXN100851,2024-11-07,Income,Salary,General,67807.31,Bank Transfer,Salary Account,Yes,N/A,Employer,0.0,Salary transaction #851,None,2024,11,Nov,Q4,Thursday,False
TXN100335,2024-04-13,Expense,Insurance,Life,7819.46,Debit Card,Cash Wallet,Yes,Essential,Amazon,2000.0,Insurance transaction #335,None,2024,4,Apr,Q2,Saturday,False
TXN101512,2024-02-08,Expense,Uncategorized,General,4861.07,Unknown,Salary Account,No,Discretionary,Unknown Merchant,0.0,Misc transaction #1512,reimbursable,2024,2,Feb,Q1,Thursday,False
TXN100642,2024-10-21,Expense,Shopping,Clothing,1692.52,Credit Card,Credit Card A/C,Yes,Discretionary,Local Store,5000.0,Shopping transaction #642,None,2024,10,Oct,Q4,Monday,False
TXN100540,2025-09-20,Expense,Healthcare,Insurance Premium,327.14,UPI,Credit Card A/C,No,Essential,Amazon,3000.0,Healthcare transaction #540,review,2025,9,Sep,Q3,Saturday,False
TXN100787,2024-06-14,Income,Salary,General,65107.82,Bank Transfer,Salary Account,Yes,N/A,Employer,0.0,Salary transaction #787,reimbursable,2024,6,Jun,Q2,Friday,False
TXN101781,2024-07-28,Expense,Transport,Fuel,2066.43,Cash,Cash Wallet,Yes,Discretionary,Unknown Merchant,4000.0,Transport transaction #1781,one-time,2024,7,Jul,Q3,Sunday,False
TXN100681,2024-09-08,Expense,Healthcare,Doctor Visit,1411.53,Debit Card,Credit Card A/C,No,Essential,Uber,3000.0,Healthcare transaction #681,reimbursable,2024,9,Sep,Q3,Sunday,False
TXN101997,2024-08-24,Income,Investment,General,72686.1,Bank Transfer,Salary Account,No,N/A,Zomato,0.0,Investment transaction #1997,one-time,2024,8,Aug,Q3,Saturday,False
TXN101027,2024-10-07,Expense,Transport,Fuel,7345.66,Net Banking,Primary Savings,Yes,Discretionary,Freelance Client,4000.0,Transport transaction #1027,reimbursable,2024,10,Oct,Q4,Monday,False
TXN102405,2024-01-03,Income,Gift,General,66027.38,Bank Transfer,Salary Account,No,N/A,Swiggy,0.0,Gift transaction #2405,None,2024,1,Jan,Q1,Wednesday,False
TXN102061,2024-03-01,Expense,Shopping,Home Goods,56.11,Debit Card,Salary Account,No,Discretionary,Uber,5000.0,Shopping transaction #2061,review,2024,3,Mar,Q1,Friday,False
TXN100942,2024-07-11,Income,Bonus,General,31493.74,Bank Transfer,Salary Account,No,N/A,Netflix,0.0,Bonus transaction #942,None,2024,7,Jul,Q3,Thursday,False
TXN100006,2025-10-25,Income,Freelance,General,57389.79,Bank Transfer,Salary Account,No,N/A,BESCOM,0.0,Freelance transaction #6,review,2025,10,Oct,Q4,Saturday,False
TXN101928,2024-04-27,Expense,Food,Dining Out,1791.55,Debit Card,Cash Wallet,No,Discretionary,Amazon,8000.0,Food transaction #1928,None,2024,4,Apr,Q2,Saturday,False
TXN101678,2025-08-02,Expense,Food,Groceries,3370.56,Unknown,Primary Savings,Yes,Discretionary,Uber,8000.0,Food transaction #1678,review,2025,8,Aug,Q3,Saturday,False
TXN100242,2024-12-25,Expense,Groceries,Groceries,1156.92,Credit Card,Salary Account,Yes,Essential,Employer,6000.0,Groceries transaction #242,reimbursable,2024,12,Dec,Q4,Wednesday,False
TXN101960,2024-08-15,Expense,Utilities,Internet,4051.94,Credit Card,Primary Savings,Yes,Essential,Netflix,3000.0,Utilities transaction #1960,reimbursable,2024,8,Aug,Q3,Thursday,False
TXN100568,2025-07-09,Expense,Transport,Public Transit,7052.74,Unknown,Primary Savings,No,Discretionary,Amazon,4000.0,Transport transaction #568,reimbursable,2025,7,Jul,Q3,Wednesday,False
TXN101687,2024-02-15,Expense,Transport,Cab,5570.39,Credit Card,Salary Account,Yes,Discretionary,Employer,4000.0,Transport transaction #1687,review,2024,2,Feb,Q1,Thursday,False
TXN100826,2024-10-02,Expense,Subscriptions,Memberships,3008.53,Unknown,Salary Account,Yes,Discretionary,Local Store,1500.0,Subscriptions transaction #826,one-time,2024,10,Oct,Q4,Wednesday,False
TXN101288,2025-09-14,Expense,Transport,Cab,3171.43,Unknown,Credit Card A/C,No,Discretionary,Amazon,4000.0,Transport transaction #1288,review,2025,9,Sep,Q3,Sunday,False
TXN100391,2025-09-05,Expense,Insurance,Life,5837.4,Debit Card,Primary Savings,Yes,Essential,BESCOM,2000.0,Insurance transaction #391,one-time,2025,9,Sep,Q3,Friday,False
TXN101379,2024-12-12,Expense,Subscriptions,SaaS Tools,2902.08,Net Banking,Credit Card A/C,Yes,Discretionary,Netflix,1500.0,Subscriptions transaction #1379,one-time,2024,12,Dec,Q4,Thursday,False
TXN102437,2024-02-02,Expense,Subscriptions,Memberships,1447.94,UPI,Cash Wallet,Yes,Discretionary,Apollo Pharmacy,1500.0,Subscriptions transaction #2437,None,2024,2,Feb,Q1,Friday,False
TXN100619,2024-04-10,Expense,Food,Snacks,2720.94,Net Banking,Credit Card A/C,Yes,Discretionary,Employer,0.0,food transaction #619,None,2024,4,Apr,Q2,Wednesday,False
TXN101194,2024-04-02,Expense,Insurance,Health,1208.84,Debit Card,Credit Card A/C,Yes,Essential,Local Store,2000.0,Insurance transaction #1194,review,2024,4,Apr,Q2,Tuesday,False
TXN100145,2024-07-10,Expense,Healthcare,Doctor Visit,4178.24,UPI,Cash Wallet,Yes,Essential,Local Store,3000.0,Healthcare transaction #145,reimbursable,2024,7,Jul,Q3,Wednesday,False
TXN102105,2024-08-30,Expense,Rent,Housing,4886.06,Debit Card,Salary Account,Yes,Essential,Unknown Merchant,15000.0,Rent transaction #2105,None,2024,8,Aug,Q3,Friday,False
TXN101825,2024-06-03,Expense,Shopping,Electronics,6584.7,Net Banking,Cash Wallet,Yes,Discretionary,Employer,5000.0,Shopping transaction #1825,None,2024,6,Jun,Q2,Monday,False
TXN100288,2025-01-17,Expense,Insurance,Health,2725.66,Debit Card,Salary Account,Yes,Essential,Swiggy,2000.0,Insurance transaction #288,review,2025,1,Jan,Q1,Friday,False
TXN100033,2025-02-26,Income,Investment,General,74767.05,Bank Transfer,Salary Account,No,N/A,Local Store,0.0,Investment transaction #33,None,2025,2,Feb,Q1,Wednesday,False
TXN101778,2024-11-05,Expense,Entertainment,Movies,4315.66,Debit Card,Primary Savings,Yes,Discretionary,Swiggy,2500.0,Entertainment transaction #1778,None,2024,11,Nov,Q4,Tuesday,False
TXN102481,2025-05-29,Expense,Healthcare,Doctor Visit,658.18,Unknown,Credit Card A/C,No,Essential,Apollo Pharmacy,3000.0,Healthcare transaction #2481,review,2025,5,May,Q2,Thursday,False
TXN100559,2024-07-23,Expense,Transport,Fuel,3901.04,Cash,Salary Account,Yes,Discretionary,Employer,4000.0,Transport transaction #559,None,2024,7,Jul,Q3,Tuesday,False
TXN101415,2025-10-18,Expense,Insurance,Life,369.64,Credit Card,Primary Savings,Yes,Essential,Unknown Merchant,2000.0,Insurance transaction #1415,None,2025,10,Oct,Q4,Saturday,False
TXN100058,2024-09-06,Expense,Groceries,Groceries,3979.74,Debit Card,Salary Account,No,Essential,BESCOM,6000.0,Groceries transaction #58,None,2024,9,Sep,Q3,Friday,False
TXN101735,2024-05-04,Expense,Groceries,Groceries,1275.69,Cash,Salary Account,Yes,Essential,Employer,6000.0,Groceries transaction #1735,review,2024,5,May,Q2,Saturday,False
TXN100220,2024-10-01,Expense,Food,Groceries,3397.76,Cash,Primary Savings,No,Discretionary,Netflix,0.0,food transaction #220,one-time,2024,10,Oct,Q4,Tuesday,False
TXN100758,2025-05-17,Expense,Groceries,Groceries,2338.9,Cash,Credit Card A/C,No,Essential,Local Store,6000.0,Groceries transaction #758,None,2025,5,May,Q2,Saturday,False
TXN102115,2024-11-10,Expense,Utilities,Electricity,7750.6,Unknown,Credit Card A/C,Yes,Essential,Zomato,3000.0,Utilities transaction #2115,one-time,2024,11,Nov,Q4,Sunday,False
TXN100231,2025-10-25,Income,Freelance,General,85094.57,Bank Transfer,Salary Account,No,N/A,Unknown Merchant,0.0,Freelance transaction #231,None,2025,10,Oct,Q4,Saturday,False
TXN101294,2025-01-16,Income,Bonus,General,65753.82,Bank Transfer,Salary Account,No,N/A,Netflix,0.0,Bonus transaction #1294,None,2025,1,Jan,Q1,Thursday,False
TXN101287,2025-08-18,Expense,Education,Courses,1260.43,UPI,Credit Card A/C,No,Discretionary,Landlord,4000.0,Education transaction #1287,None,2025,8,Aug,Q3,Monday,False
TXN100146,2024-10-27,Expense,Food,Dining Out,2486.64,Net Banking,Cash Wallet,Yes,Discretionary,Unknown Merchant,0.0,food transaction #146,review,2024,10,Oct,Q4,Sunday,False
TXN102133,2024-07-14,Expense,Insurance,Health,6361.19,Cash,Credit Card A/C,Yes,Essential,Local Store,2000.0,Insurance transaction #2133,one-time,2024,7,Jul,Q3,Sunday,False
TXN100648,2024-09-27,Expense,Shopping,Clothing,7956.79,Credit Card,Cash Wallet,Yes,Discretionary,BESCOM,5000.0,Shopping transaction #648,None,2024,9,Sep,Q3,Friday,False
TXN100535,2025-12-02,Expense,Transport,Public Transit,1584.98,UPI,Primary Savings,Yes,Discretionary,Employer,4000.0,Transport transaction #535,reimbursable,2025,12,Dec,Q4,Tuesday,False
TXN101072,2024-10-09,Expense,Subscriptions,Memberships,5100.63,UPI,Credit Card A/C,Yes,Discretionary,Netflix,1500.0,Subscriptions transaction #1072,one-time,2024,10,Oct,Q4,Wednesday,False
TXN100083,2025-02-23,Expense,Rent,Housing,7755.17,Debit Card,Cash Wallet,Yes,Essential,Freelance Client,15000.0,Rent transaction #83,review,2025,2,Feb,Q1,Sunday,False
TXN101970,2024-06-25,Expense,Uncategorized,General,5497.75,Cash,Salary Account,No,Discretionary,Swiggy,0.0,Misc transaction #1970,None,2024,6,Jun,Q2,Tuesday,False
TXN100807,2025-06-16,Expense,Groceries,Groceries,123.05,Cash,Credit Card A/C,Yes,Essential,Netflix,6000.0,Groceries transaction #807,one-time,2025,6,Jun,Q2,Monday,False
TXN100243,2024-06-21,Expense,Subscriptions,SaaS Tools,2175.38,Net Banking,Primary Savings,Yes,Discretionary,Swiggy,1500.0,Subscriptions transaction #243,None,2024,6,Jun,Q2,Friday,False
TXN102020,2025-02-13,Income,Bonus,General,78166.74,Bank Transfer,Salary Account,No,N/A,Amazon,0.0,Bonus transaction #2020,None,2025,2,Feb,Q1,Thursday,False
TXN101913,2024-06-21,Income,Freelance,General,33951.13,Bank Transfer,Salary Account,No,N/A,Unknown Merchant,0.0,Freelance transaction #1913,None,2024,6,Jun,Q2,Friday,False
TXN101896,2024-02-05,Income,Investment,General,74560.3,Bank Transfer,Salary Account,No,N/A,BESCOM,0.0,Investment transaction #1896,review,2024,2,Feb,Q1,Monday,False
TXN101074,2024-06-22,Expense,Transport,Public Transit,696.14,Unknown,Salary Account,No,Discretionary,Freelance Client,4000.0,Transport transaction #1074,None,2024,6,Jun,Q2,Saturday,False
TXN100284,2025-08-12,Expense,Uncategorized,General,7484.89,Credit Card,Salary Account,Yes,Discretionary,Employer,0.0,Misc transaction #284,None,2025,8,Aug,Q3,Tuesday,False
TXN100181,2025-06-20,Expense,Rent,Housing,6480.07,Debit Card,Salary Account,Yes,Essential,Unknown Merchant,15000.0,Rent transaction #181,None,2025,6,Jun,Q2,Friday,False
TXN101167,2024-08-12,Expense,Uncategorized,General,1843.14,UPI,Primary Savings,No,Discretionary,Netflix,0.0,Misc transaction #1167,None,2024,8,Aug,Q3,Monday,False
TXN100008,2024-11-18,Expense,Healthcare,Doctor Visit,5160.67,Credit Card,Credit Card A/C,Yes,Essential,BESCOM,3000.0,Healthcare transaction #8,review,2024,11,Nov,Q4,Monday,False
TXN100575,2025-11-12,Expense,Education,Books,4559.65,Debit Card,Salary Account,No,Discretionary,BESCOM,4000.0,Education transaction #575,None,2025,11,Nov,Q4,Wednesday,False
TXN100268,2025-09-29,Expense,Entertainment,Events,7982.41,Credit Card,Salary Account,Yes,Discretionary,Amazon,2500.0,Entertainment transaction #268,reimbursable,2025,9,Sep,Q3,Monday,False
TXN102448,2024-09-30,Expense,Groceries,Groceries,7656.64,Credit Card,Cash Wallet,No,Essential,Unknown Merchant,6000.0,Groceries transaction #2448,one-time,2024,9,Sep,Q3,Monday,False
TXN102040,2024-12-03,Expense,Uncategorized,General,3128.33,Credit Card,Cash Wallet,Yes,Discretionary,Netflix,0.0,Misc transaction #2040,reimbursable,2024,12,Dec,Q4,Tuesday,False
TXN100454,2025-04-03,Expense,Food,Snacks,2311.63,UPI,Salary Account,No,Discretionary,Amazon,8000.0,Food transaction #454,None,2025,4,Apr,Q2,Thursday,False
TXN101423,2024-11-13,Expense,Food,Groceries,7084.23,Credit Card,Credit Card A/C,No,Discretionary,BESCOM,8000.0,Food transaction #1423,reimbursable,2024,11,Nov,Q4,Wednesday,False
TXN101307,2024-11-06,Expense,Education,Tuition,6525.23,UPI,Primary Savings,Yes,Discretionary,Netflix,4000.0,Education transaction #1307,review,2024,11,Nov,Q4,Wednesday,False
TXN102241,2025-12-13,Expense,Insurance,Life,7516.73,Net Banking,Primary Savings,Yes,Essential,BESCOM,2000.0,Insurance transaction #2241,None,2025,12,Dec,Q4,Saturday,False
TXN102331,2025-01-20,Expense,Groceries,Groceries,3220.15,Cash,Cash Wallet,No,Essential,Amazon,6000.0,Groceries transaction #2331,one-time,2025,1,Jan,Q1,Monday,False
TXN101603,2024-09-11,Expense,Uncategorized,General,5138.77,Credit Card,Salary Account,No,Discretionary,Zomato,0.0,Misc transaction #1603,one-time,2024,9,Sep,Q3,Wednesday,False
TXN101672,2025-01-26,Expense,Uncategorized,General,7753.93,Debit Card,Cash Wallet,Yes,Discretionary,Landlord,0.0,Misc transaction #1672,one-time,2025,1,Jan,Q1,Sunday,False
TXN101888,2024-01-24,Expense,Rent,Housing,2152.83,Credit Card,Primary Savings,Yes,Essential,Netflix,15000.0,Rent transaction #1888,None,2024,1,Jan,Q1,Wednesday,False
TXN101098,2024-05-28,Expense,Shopping,Electronics,3691.35,Net Banking,Salary Account,No,Discretionary,Amazon,5000.0,Shopping transaction #1098,None,2024,5,May,Q2,Tuesday,False
TXN100799,2025-05-02,Expense,Subscriptions,Streaming,2386.21,Credit Card,Salary Account,Yes,Discretionary,Landlord,1500.0,Subscriptions transaction #799,review,2025,5,May,Q2,Friday,False
TXN102098,2024-05-30,Income,Freelance,General,62043.38,Bank Transfer,Salary Account,No,N/A,Apollo Pharmacy,0.0,Freelance transaction #2098,None,2024,5,May,Q2,Thursday,False
TXN102490,2025-01-10,Income,Freelance,General,20606.39,Bank Transfer,Salary Account,No,N/A,Uber,0.0,Freelance transaction #2490,one-time,2025,1,Jan,Q1,Friday,False
TXN101718,2024-08-18,Expense,Transport,Fuel,1965.04,UPI,Credit Card A/C,No,Discretionary,Local Store,4000.0,Transport transaction #1718,None,2024,8,Aug,Q3,Sunday,False
TXN101642,2024-07-12,Expense,Uncategorized,General,540.61,Unknown,Salary Account,No,Discretionary,Uber,0.0,Misc transaction #1642,None,2024,7,Jul,Q3,Friday,False
TXN102089,2024-11-14,Expense,Utilities,Electricity,7878.46,Credit Card,Salary Account,Yes,Essential,Zomato,3000.0,Utilities transaction #2089,None,2024,11,Nov,Q4,Thursday,False
TXN101313,2024-08-09,Expense,Food,Groceries,4767.76,Unknown,Primary Savings,No,Discretionary,Zomato,0.0,food transaction #1313,review,2024,8,Aug,Q3,Friday,False
TXN101223,2025-01-21,Expense,Transport,Cab,132.92,Unknown,Cash Wallet,Yes,Discretionary,Unknown Merchant,4000.0,Transport transaction #1223,review,2025,1,Jan,Q1,Tuesday,False
TXN101290,2025-11-21,Expense,Groceries,Groceries,482.22,Unknown,Salary Account,No,Essential,BESCOM,6000.0,Groceries transaction #1290,None,2025,11,Nov,Q4,Friday,False
TXN100464,2024-06-22,Expense,Groceries,Groceries,3551.68,Credit Card,Salary Account,No,Essential,Swiggy,6000.0,Groceries transaction #464,None,2024,6,Jun,Q2,Saturday,False
TXN102106,2025-08-05,Expense,Groceries,Groceries,941.31,Unknown,Salary Account,No,Essential,Amazon,6000.0,Groceries transaction #2106,one-time,2025,8,Aug,Q3,Tuesday,False
TXN100260,2025-11-28,Expense,Utilities,Internet,7629.75,Credit Card,Primary Savings,Yes,Essential,Zomato,3000.0,Utilities transaction #260,reimbursable,2025,11,Nov,Q4,Friday,False
TXN100660,2024-11-03,Income,Freelance,General,67901.98,Bank Transfer,Salary Account,No,N/A,Netflix,0.0,Freelance transaction #660,None,2024,11,Nov,Q4,Sunday,False
TXN100928,2024-07-09,Expense,Food,Groceries,3007.12,Debit Card,Primary Savings,Yes,Discretionary,Uber,0.0,food transaction #928,None,2024,7,Jul,Q3,Tuesday,False
TXN102221,2025-02-01,Expense,Groceries,Groceries,2743.1,UPI,Salary Account,No,Essential,Freelance Client,6000.0,Groceries transaction #2221,None,2025,2,Feb,Q1,Saturday,False
TXN102280,2025-05-13,Income,Salary,General,20144.32,Bank Transfer,Salary Account,Yes,N/A,Employer,0.0,Salary transaction #2280,reimbursable,2025,5,May,Q2,Tuesday,False
TXN100984,2024-05-21,Expense,Healthcare,Doctor Visit,6998.12,Net Banking,Primary Savings,Yes,Essential,Landlord,3000.0,Healthcare transaction #984,None,2024,5,May,Q2,Tuesday,False
TXN100460,2025-11-20,Expense,Shopping,Electronics,4623.28,UPI,Salary Account,No,Discretionary,Netflix,5000.0,Shopping transaction #460,None,2025,11,Nov,Q4,Thursday,False
TXN102001,2024-05-15,Expense,Healthcare,Pharmacy,844.0,Debit Card,Salary Account,No,Essential,Swiggy,3000.0,Healthcare transaction #2001,None,2024,5,May,Q2,Wednesday,False
TXN101993,2024-03-09,Income,Investment,General,83410.77,Bank Transfer,Salary Account,No,N/A,Uber,0.0,Investment transaction #1993,None,2024,3,Mar,Q1,Saturday,False
TXN100744,2025-08-20,Income,Gift,General,63478.81,Bank Transfer,Salary Account,No,N/A,Local Store,0.0,Gift transaction #744,None,2025,8,Aug,Q3,Wednesday,False
TXN101929,2025-06-18,Income,Salary,General,22073.73,Bank Transfer,Salary Account,Yes,N/A,Employer,0.0,Salary transaction #1929,None,2025,6,Jun,Q2,Wednesday,False
TXN102009,2024-06-18,Expense,Subscriptions,Memberships,7682.28,Debit Card,Primary Savings,Yes,Discretionary,Landlord,1500.0,Subscriptions transaction #2009,None,2024,6,Jun,Q2,Tuesday,False
TXN102072,2024-02-20,Expense,Insurance,Vehicle,3221.22,Net Banking,Primary Savings,Yes,Essential,Netflix,2000.0,Insurance transaction #2072,None,2024,2,Feb,Q1,Tuesday,False
TXN100499,2024-03-08,Expense,Utilities,Electricity,3033.16,Net Banking,Salary Account,No,Essential,Swiggy,3000.0,Utilities transaction #499,None,2024,3,Mar,Q1,Friday,False
TXN100158,2024-09-28,Expense,Uncategorized,General,4963.96,UPI,Cash Wallet,No,Discretionary,Freelance Client,0.0,Misc transaction #158,review,2024,9,Sep,Q3,Saturday,False
TXN102345,2025-09-01,Expense,Food,Snacks,955.97,UPI,Credit Card A/C,Yes,Discretionary,Swiggy,0.0,food transaction #2345,None,2025,9,Sep,Q3,Monday,False
TXN100404,2025-09-20,Expense,Utilities,Internet,506.83,Credit Card,Cash Wallet,No,Essential,Amazon,3000.0,Utilities transaction #404,reimbursable,2025,9,Sep,Q3,Saturday,False
TXN100429,2025-10-08,Expense,Groceries,Groceries,5134.25,Debit Card,Credit Card A/C,No,Essential,Landlord,6000.0,Groceries transaction #429,None,2025,10,Oct,Q4,Wednesday,False
TXN100452,2024-06-19,Expense,Education,Books,5277.38,Net Banking,Cash Wallet,No,Discretionary,Uber,4000.0,Education transaction #452,None,2024,6,Jun,Q2,Wednesday,False
TXN100923,2024-08-09,Expense,Food,Groceries,1151.59,UPI,Salary Account,No,Discretionary,Netflix,0.0,food transaction #923,None,2024,8,Aug,Q3,Friday,False
TXN102315,2024-07-20,Income,Salary,General,27217.65,Bank Transfer,Salary Account,Yes,N/A,Employer,0.0,Salary transaction #2315,one-time,2024,7,Jul,Q3,Saturday,False
TXN100156,2025-12-27,Expense,Education,Books,2042.31,Unknown,Credit Card A/C,Yes,Discretionary,Freelance Client,4000.0,Education transaction #156,reimbursable,2025,12,Dec,Q4,Saturday,False
TXN100045,2025-09-19,Expense,Education,Books,4405.58,Credit Card,Cash Wallet,No,Discretionary,Netflix,4000.0,Education transaction #45,None,2025,9,Sep,Q3,Friday,False
TXN101874,2025-12-22,Income,Investment,General,58118.69,Bank Transfer,Salary Account,No,N/A,Local Store,0.0,Investment transaction #1874,None,2025,12,Dec,Q4,Monday,False
TXN100684,2024-06-03,Expense,Food,Snacks,6402.61,Net Banking,Credit Card A/C,No,Discretionary,Local Store,8000.0,Food transaction #684,None,2024,6,Jun,Q2,Monday,False
TXN100735,2025-08-22,Expense,Entertainment,Movies,1633.03,Debit Card,Salary Account,Yes,Discretionary,Netflix,2500.0,Entertainment transaction #735,reimbursable,2025,8,Aug,Q3,Friday,False
TXN101134,2024-12-15,Expense,Education,Tuition,3548.35,Credit Card,Cash Wallet,Yes,Discretionary,Uber,4000.0,Education transaction #1134,one-time,2024,12,Dec,Q4,Sunday,False
TXN102116,2025-08-20,Income,Bonus,General,28617.58,Bank Transfer,Salary Account,No,N/A,Unknown Merchant,0.0,Bonus transaction #2116,reimbursable,2025,8,Aug,Q3,Wednesday,False
TXN101722,2024-12-17,Expense,Food,Snacks,112.96,Debit Card,Credit Card A/C,Yes,Discretionary,Uber,8000.0,Food transaction #1722,None,2024,12,Dec,Q4,Tuesday,False
TXN102362,2025-04-19,Expense,Insurance,Life,6202.83,Net Banking,Salary Account,Yes,Essential,Amazon,2000.0,Insurance transaction #2362,None,2025,4,Apr,Q2,Saturday,False
TXN101177,2024-10-12,Income,Bonus,General,40754.75,Bank Transfer,Salary Account,No,N/A,Landlord,0.0,Bonus transaction #1177,one-time,2024,10,Oct,Q4,Saturday,False
TXN102199,2024-08-01,Expense,Uncategorized,General,6246.93,Unknown,Credit Card A/C,No,Discretionary,Apollo Pharmacy,0.0,Misc transaction #2199,reimbursable,2024,8,Aug,Q3,Thursday,False
TXN101726,2025-04-08,Expense,Transport,Public Transit,1846.74,Unknown,Primary Savings,Yes,Discretionary,Landlord,4000.0,Transport transaction #1726,one-time,2025,4,Apr,Q2,Tuesday,False
TXN101469,2025-06-22,Expense,Groceries,Groceries,2373.34,Credit Card,Cash Wallet,No,Essential,Uber,6000.0,Groceries transaction #1469,one-time,2025,6,Jun,Q2,Sunday,False
TXN100365,2025-01-18,Expense,Education,Books,2406.65,Unknown,Salary Account,No,Discretionary,Landlord,4000.0,Education transaction #365,reimbursable,2025,1,Jan,Q1,Saturday,False
TXN100527,2025-07-31,Expense,Insurance,Health,4604.24,Unknown,Credit Card A/C,Yes,Essential,Unknown Merchant,2000.0,Insurance transaction #527,None,2025,7,Jul,Q3,Thursday,False
TXN101069,2024-06-30,Expense,Rent,Housing,6774.13,UPI,Cash Wallet,Yes,Essential,Freelance Client,15000.0,Rent transaction #1069,reimbursable,2024,6,Jun,Q2,Sunday,False
TXN102424,2025-06-13,Expense,Education,Tuition,860.94,UPI,Cash Wallet,Yes,Discretionary,Apollo Pharmacy,4000.0,Education transaction #2424,review,2025,6,Jun,Q2,Friday,False
TXN101481,2025-11-23,Expense,Healthcare,Pharmacy,2399.6,Net Banking,Credit Card A/C,No,Essential,Freelance Client,3000.0,Healthcare transaction #1481,None,2025,11,Nov,Q4,Sunday,False
TXN100481,2025-07-25,Expense,Uncategorized,General,441.9,Debit Card,Cash Wallet,No,Discretionary,Netflix,0.0,Misc transaction #481,None,2025,7,Jul,Q3,Friday,False
TXN102080,2024-11-19,Expense,Food,Groceries,3947.03,Credit Card,Salary Account,Yes,Discretionary,Apollo Pharmacy,0.0,food transaction #2080,None,2024,11,Nov,Q4,Tuesday,False
TXN101624,2024-04-23,Expense,Food,Groceries,1869.02,Cash,Credit Card A/C,Yes,Discretionary,Local Store,8000.0,Food transaction #1624,one-time,2024,4,Apr,Q2,Tuesday,False
TXN102433,2024-07-07,Expense,Food,Snacks,7852.57,Debit Card,Cash Wallet,No,Discretionary,Swiggy,0.0,food transaction #2433,review,2024,7,Jul,Q3,Sunday,False
TXN100563,2025-08-16,Expense,Groceries,Groceries,7191.1,Cash,Primary Savings,Yes,Essential,Apollo Pharmacy,6000.0,Groceries transaction #563,one-time,2025,8,Aug,Q3,Saturday,False
TXN102213,2025-01-07,Expense,Shopping,Clothing,1308.67,Unknown,Credit Card A/C,No,Discretionary,Local Store,5000.0,Shopping transaction #2213,None,2025,1,Jan,Q1,Tuesday,False
TXN100976,2025-07-30,Expense,Subscriptions,Streaming,6112.73,Debit Card,Cash Wallet,Yes,Discretionary,Zomato,1500.0,Subscriptions transaction #976,one-time,2025,7,Jul,Q3,Wednesday,False
TXN100466,2025-07-04,Expense,Education,Tuition,4412.96,Net Banking,Salary Account,Yes,Discretionary,Local Store,4000.0,Education transaction #466,None,2025,7,Jul,Q3,Friday,False
TXN102026,2024-03-29,Expense,Healthcare,Insurance Premium,1550.85,Debit Card,Salary Account,Yes,Essential,Swiggy,3000.0,Healthcare transaction #2026,None,2024,3,Mar,Q1,Friday,False
TXN100448,2025-05-12,Expense,Food,Snacks,3139.36,Cash,Credit Card A/C,Yes,Discretionary,Uber,8000.0,Food transaction #448,None,2025,5,May,Q2,Monday,False
TXN101398,2024-09-13,Expense,Groceries,Groceries,1340.22,Debit Card,Salary Account,Yes,Essential,Apollo Pharmacy,6000.0,Groceries transaction #1398,None,2024,9,Sep,Q3,Friday,False
TXN100651,2025-11-10,Expense,Groceries,Groceries,4587.76,Cash,Primary Savings,Yes,Essential,Apollo Pharmacy,6000.0,Groceries transaction #651,None,2025,11,Nov,Q4,Monday,False
TXN100161,2024-05-24,Income,Investment,General,86176.94,Bank Transfer,Salary Account,No,N/A,Employer,0.0,Investment transaction #161,None,2024,5,May,Q2,Friday,False
TXN101461,2025-12-14,Income,Investment,General,22627.87,Bank Transfer,Salary Account,No,N/A,Freelance Client,0.0,Investment transaction #1461,None,2025,12,Dec,Q4,Sunday,False
TXN100505,2024-07-16,Expense,Education,Books,5385.44,Debit Card,Salary Account,Yes,Discretionary,Netflix,4000.0,Education transaction #505,reimbursable,2024,7,Jul,Q3,Tuesday,False
TXN101485,2024-11-12,Expense,Subscriptions,Streaming,1802.16,Unknown,Credit Card A/C,Yes,Discretionary,Freelance Client,1500.0,Subscriptions transaction #1485,None,2024,11,Nov,Q4,Tuesday,False
TXN101713,2024-07-20,Expense,Groceries,Groceries,4562.05,Debit Card,Primary Savings,No,Essential,Freelance Client,6000.0,Groceries transaction #1713,None,2024,7,Jul,Q3,Saturday,False
TXN100729,2025-09-27,Expense,Transport,Fuel,530.9,Debit Card,Cash Wallet,No,Discretionary,Netflix,4000.0,Transport transaction #729,None,2025,9,Sep,Q3,Saturday,False
TXN100176,2024-07-25,Expense,Utilities,Internet,1141.32,Net Banking,Salary Account,Yes,Essential,Amazon,3000.0,Utilities transaction #176,review,2024,7,Jul,Q3,Thursday,False
TXN100608,2025-08-30,Expense,Uncategorized,General,7548.64,Debit Card,Cash Wallet,No,Discretionary,Apollo Pharmacy,0.0,Misc transaction #608,one-time,2025,8,Aug,Q3,Saturday,False
TXN102204,2024-03-28,Expense,Groceries,Groceries,7509.63,Debit Card,Salary Account,No,Essential,Apollo Pharmacy,6000.0,Groceries transaction #2204,None,2024,3,Mar,Q1,Thursday,False
TXN102039,2025-09-21,Income,Gift,General,51648.54,Bank Transfer,Salary Account,No,N/A,Freelance Client,0.0,Gift transaction #2039,reimbursable,2025,9,Sep,Q3,Sunday,False
TXN101031,2024-06-09,Expense,Utilities,Water,4127.11,UPI,Credit Card A/C,Yes,Essential,Local Store,3000.0,Utilities transaction #1031,reimbursable,2024,6,Jun,Q2,Sunday,False
TXN101669,2024-08-15,Expense,Food,Dining Out,1746.02,Unknown,Credit Card A/C,No,Discretionary,Netflix,0.0,food transaction #1669,None,2024,8,Aug,Q3,Thursday,False
TXN100769,2025-02-08,Expense,Food,Groceries,2884.78,Credit Card,Primary Savings,No,Discretionary,Freelance Client,0.0,food transaction #769,one-time,2025,2,Feb,Q1,Saturday,False
TXN101955,2025-07-16,Expense,Entertainment,Streaming,4028.99,UPI,Salary Account,No,Discretionary,Freelance Client,2500.0,Entertainment transaction #1955,None,2025,7,Jul,Q3,Wednesday,False
TXN101724,2024-05-19,Expense,Uncategorized,General,7899.03,Debit Card,Salary Account,No,Discretionary,Zomato,0.0,Misc transaction #1724,review,2024,5,May,Q2,Sunday,False
TXN100039,2025-02-22,Expense,Subscriptions,SaaS Tools,1575.13,Unknown,Cash Wallet,Yes,Discretionary,Freelance Client,1500.0,Subscriptions transaction #39,reimbursable,2025,2,Feb,Q1,Saturday,False
TXN101934,2025-07-25,Expense,Food,Dining Out,4301.33,Credit Card,Credit Card A/C,Yes,Discretionary,Unknown Merchant,0.0,food transaction #1934,review,2025,7,Jul,Q3,Friday,False
TXN101359,2024-01-17,Expense,Healthcare,Doctor Visit,3757.47,Cash,Credit Card A/C,Yes,Essential,Apollo Pharmacy,3000.0,Healthcare transaction #1359,None,2024,1,Jan,Q1,Wednesday,False
TXN101436,2025-03-06,Income,Freelance,General,34824.96,Bank Transfer,Salary Account,No,N/A,Swiggy,0.0,Freelance transaction #1436,review,2025,3,Mar,Q1,Thursday,False
TXN100731,2025-03-08,Expense,Transport,Public Transit,6292.85,Debit Card,Salary Account,No,Discretionary,Unknown Merchant,4000.0,Transport transaction #731,review,2025,3,Mar,Q1,Saturday,False
TXN101106,2024-03-21,Expense,Education,Books,5996.69,Net Banking,Credit Card A/C,No,Discretionary,Netflix,4000.0,Education transaction #1106,one-time,2024,3,Mar,Q1,Thursday,False
TXN100401,2024-05-21,Expense,Insurance,Life,3600.43,Unknown,Salary Account,Yes,Essential,Zomato,2000.0,Insurance transaction #401,None,2024,5,May,Q2,Tuesday,False
TXN101834,2025-01-02,Expense,Uncategorized,General,4472.44,Net Banking,Salary Account,Yes,Discretionary,Uber,0.0,Misc transaction #1834,reimbursable,2025,1,Jan,Q1,Thursday,False
TXN100108,2024-12-03,Expense,Shopping,Electronics,7531.98,Cash,Primary Savings,No,Discretionary,Employer,5000.0,Shopping transaction #108,reimbursable,2024,12,Dec,Q4,Tuesday,False
TXN102219,2024-08-12,Expense,Groceries,Groceries,7031.35,Debit Card,Cash Wallet,No,Essential,Unknown Merchant,6000.0,Groceries transaction #2219,None,2024,8,Aug,Q3,Monday,False
TXN101845,2024-10-21,Expense,Entertainment,Movies,5627.06,Net Banking,Primary Savings,Yes,Discretionary,Unknown Merchant,2500.0,Entertainment transaction #1845,None,2024,10,Oct,Q4,Monday,False
TXN100387,2024-12-27,Expense,Entertainment,Streaming,7103.02,UPI,Salary Account,No,Discretionary,Swiggy,2500.0,Entertainment transaction #387,None,2024,12,Dec,Q4,Friday,False
TXN101477,2024-07-17,Expense,Transport,Cab,7306.16,Unknown,Salary Account,No,Discretionary,Amazon,4000.0,Transport transaction #1477,reimbursable,2024,7,Jul,Q3,Wednesday,False
TXN102046,2024-07-30,Expense,Groceries,Groceries,742.43,Credit Card,Credit Card A/C,No,Essential,Freelance Client,6000.0,Groceries transaction #2046,None,2024,7,Jul,Q3,Tuesday,False
TXN102429,2025-11-30,Expense,Food,Dining Out,7870.17,Credit Card,Cash Wallet,Yes,Discretionary,BESCOM,0.0,food transaction #2429,reimbursable,2025,11,Nov,Q4,Sunday,False
TXN100957,2024-07-14,Income,Gift,General,69128.49,Bank Transfer,Salary Account,No,N/A,Employer,0.0,Gift transaction #957,reimbursable,2024,7,Jul,Q3,Sunday,False
TXN100376,2024-12-31,Income,Freelance,General,27003.15,Bank Transfer,Salary Account,No,N/A,Employer,0.0,Freelance transaction #376,one-time,2024,12,Dec,Q4,Tuesday,False
TXN102230,2025-04-16,Income,Gift,General,80240.22,Bank Transfer,Salary Account,No,N/A,Employer,0.0,Gift transaction #2230,None,2025,4,Apr,Q2,Wednesday,False
TXN100313,2025-08-23,Expense,Entertainment,Movies,2106.35,Unknown,Primary Savings,No,Discretionary,Amazon,2500.0,Entertainment transaction #313,reimbursable,2025,8,Aug,Q3,Saturday,False
TXN100248,2024-05-07,Expense,Rent,Housing,7935.11,Cash,Salary Account,Yes,Essential,Unknown Merchant,15000.0,Rent transaction #248,None,2024,5,May,Q2,Tuesday,False
TXN101248,2024-03-28,Expense,Food,Groceries,2435.83,Cash,Salary Account,Yes,Discretionary,Freelance Client,0.0,food transaction #1248,None,2024,3,Mar,Q1,Thursday,False
TXN101650,2025-06-24,Expense,Shopping,Home Goods,7186.76,Net Banking,Primary Savings,No,Discretionary,Landlord,5000.0,Shopping transaction #1650,one-time,2025,6,Jun,Q2,Tuesday,False
TXN100239,2024-10-26,Income,Freelance,General,57632.6,Bank Transfer,Salary Account,No,N/A,Swiggy,0.0,Freelance transaction #239,one-time,2024,10,Oct,Q4,Saturday,False
TXN101442,2024-02-15,Expense,Transport,Fuel,1803.04,Unknown,Primary Savings,Yes,Discretionary,Employer,4000.0,Transport transaction #1442,review,2024,2,Feb,Q1,Thursday,False
TXN102002,2025-04-29,Expense,Insurance,Vehicle,3219.2,Cash,Primary Savings,Yes,Essential,Swiggy,2000.0,Insurance transaction #2002,one-time,2025,4,Apr,Q2,Tuesday,False
TXN100730,2024-05-30,Expense,Groceries,Groceries,7763.65,Net Banking,Salary Account,Yes,Essential,BESCOM,6000.0,Groceries transaction #730,None,2024,5,May,Q2,Thursday,False
TXN101211,2025-06-03,Income,Bonus,General,22123.92,Bank Transfer,Salary Account,No,N/A,Amazon,0.0,Bonus transaction #1211,None,2025,6,Jun,Q2,Tuesday,False
TXN100455,2024-01-23,Expense,Subscriptions,SaaS Tools,4114.61,Net Banking,Salary Account,Yes,Discretionary,Zomato,1500.0,Subscriptions transaction #455,None,2024,1,Jan,Q1,Tuesday,False
TXN102332,2025-06-20,Expense,Transport,Cab,177.82,Net Banking,Credit Card A/C,Yes,Discretionary,Swiggy,4000.0,Transport transaction #2332,None,2025,6,Jun,Q2,Friday,False
TXN100571,2024-03-05,Expense,Healthcare,Doctor Visit,6645.0,Cash,Credit Card A/C,No,Essential,Employer,3000.0,Healthcare transaction #571,review,2024,3,Mar,Q1,Tuesday,False
TXN101229,2024-08-03,Expense,Food,Snacks,1264.05,Debit Card,Salary Account,No,Discretionary,Apollo Pharmacy,8000.0,Food transaction #1229,one-time,2024,8,Aug,Q3,Saturday,False
TXN101050,2024-04-07,Expense,Transport,Cab,716.92,Cash,Cash Wallet,Yes,Discretionary,Amazon,4000.0,Transport transaction #1050,None,2024,4,Apr,Q2,Sunday,False
TXN101292,2025-07-28,Expense,Uncategorized,General,6866.0,Credit Card,Primary Savings,Yes,Discretionary,Amazon,0.0,Misc transaction #1292,None,2025,7,Jul,Q3,Monday,False
TXN102134,2024-09-30,Expense,Healthcare,Insurance Premium,880.67,Credit Card,Cash Wallet,No,Essential,Employer,3000.0,Healthcare transaction #2134,review,2024,9,Sep,Q3,Monday,False
TXN101746,2024-05-04,Expense,Entertainment,Movies,5296.93,Credit Card,Cash Wallet,Yes,Discretionary,Local Store,2500.0,Entertainment transaction #1746,None,2024,5,May,Q2,Saturday,False
TXN101878,2024-09-19,Income,Bonus,General,25358.04,Bank Transfer,Salary Account,No,N/A,Zomato,0.0,Bonus transaction #1878,None,2024,9,Sep,Q3,Thursday,False
TXN101916,2025-08-16,Expense,Food,Dining Out,5943.99,Credit Card,Salary Account,Yes,Discretionary,Freelance Client,0.0,food transaction #1916,review,2025,8,Aug,Q3,Saturday,False
TXN102226,2024-05-13,Expense,Healthcare,Insurance Premium,6649.28,UPI,Primary Savings,No,Essential,Landlord,3000.0,Healthcare transaction #2226,reimbursable,2024,5,May,Q2,Monday,False
TXN102263,2025-09-16,Expense,Shopping,Clothing,4006.89,Net Banking,Primary Savings,Yes,Discretionary,Apollo Pharmacy,5000.0,Shopping transaction #2263,review,2025,9,Sep,Q3,Tuesday,False
TXN100114,2025-11-25,Expense,Healthcare,Insurance Premium,411.07,Cash,Primary Savings,Yes,Essential,BESCOM,3000.0,Healthcare transaction #114,None,2025,11,Nov,Q4,Tuesday,False
TXN102054,2025-06-23,Expense,Food,Snacks,3688.26,Net Banking,Credit Card A/C,Yes,Discretionary,Freelance Client,8000.0,Food transaction #2054,None,2025,6,Jun,Q2,Monday,False
TXN101283,2025-02-14,Expense,Education,Books,3198.12,Credit Card,Primary Savings,Yes,Discretionary,Apollo Pharmacy,4000.0,Education transaction #1283,None,2025,2,Feb,Q1,Friday,False
TXN102190,2025-12-11,Expense,Healthcare,Doctor Visit,7969.98,Net Banking,Salary Account,No,Essential,Netflix,3000.0,Healthcare transaction #2190,None,2025,12,Dec,Q4,Thursday,False
TXN101686,2024-01-14,Expense,Shopping,Home Goods,7316.36,Net Banking,Primary Savings,Yes,Discretionary,Landlord,5000.0,Shopping transaction #1686,None,2024,1,Jan,Q1,Sunday,False
TXN102292,2025-08-06,Expense,Groceries,Groceries,5639.16,UPI,Salary Account,Yes,Essential,Netflix,6000.0,Groceries transaction #2292,review,2025,8,Aug,Q3,Wednesday,False
TXN100607,2025-01-07,Expense,Entertainment,Movies,7925.76,UPI,Salary Account,No,Discretionary,Unknown Merchant,2500.0,Entertainment transaction #607,reimbursable,2025,1,Jan,Q1,Tuesday,False
TXN101667,2025-02-27,Expense,Food,Snacks,4141.63,Credit Card,Cash Wallet,Yes,Discretionary,Netflix,0.0,food transaction #1667,review,2025,2,Feb,Q1,Thursday,False
TXN100169,2025-10-06,Income,Bonus,General,38587.13,Bank Transfer,Salary Account,No,N/A,Freelance Client,0.0,Bonus transaction #169,reimbursable,2025,10,Oct,Q4,Monday,False
TXN100795,2025-05-12,Expense,Entertainment,Events,2997.74,Debit Card,Credit Card A/C,Yes,Discretionary,Uber,2500.0,Entertainment transaction #795,None,2025,5,May,Q2,Monday,False
TXN102378,2024-04-06,Expense,Entertainment,Movies,1157.19,Cash,Credit Card A/C,Yes,Discretionary,BESCOM,2500.0,Entertainment transaction #2378,None,2024,4,Apr,Q2,Saturday,False
TXN100997,2024-09-07,Expense,Utilities,Water,4052.39,UPI,Credit Card A/C,No,Essential,Unknown Merchant,3000.0,Utilities transaction #997,None,2024,9,Sep,Q3,Saturday,False
TXN100522,2025-05-13,Expense,Rent,Housing,6457.24,Cash,Cash Wallet,Yes,Essential,Employer,15000.0,Rent transaction #522,reimbursable,2025,5,May,Q2,Tuesday,False
TXN100292,2025-11-17,Expense,Entertainment,Streaming,1716.99,Unknown,Primary Savings,No,Discretionary,Netflix,2500.0,Entertainment transaction #292,None,2025,11,Nov,Q4,Monday,False
TXN101998,2024-12-07,Expense,Shopping,Electronics,4913.24,Net Banking,Salary Account,Yes,Discretionary,Zomato,5000.0,Shopping transaction #1998,one-time,2024,12,Dec,Q4,Saturday,False
TXN101830,2025-12-03,Expense,Groceries,Groceries,648.38,Net Banking,Salary Account,No,Essential,Zomato,6000.0,Groceries transaction #1830,one-time,2025,12,Dec,Q4,Wednesday,False
TXN101347,2025-05-05,Expense,Transport,Public Transit,4812.89,Credit Card,Primary Savings,No,Discretionary,Uber,4000.0,Transport transaction #1347,review,2025,5,May,Q2,Monday,False
TXN100712,2025-07-23,Expense,Shopping,Clothing,7661.47,Debit Card,Credit Card A/C,No,Discretionary,Unknown Merchant,5000.0,Shopping transaction #712,None,2025,7,Jul,Q3,Wednesday,False
TXN100332,2025-09-29,Expense,Rent,Housing,884.07,Unknown,Primary Savings,Yes,Essential,Netflix,15000.0,Rent transaction #332,None,2025,9,Sep,Q3,Monday,False
TXN102223,2024-01-27,Expense,Food,Dining Out,1219.56,Net Banking,Cash Wallet,Yes,Discretionary,Employer,0.0,food transaction #2223,reimbursable,2024,1,Jan,Q1,Saturday,False
TXN100336,2024-10-24,Expense,Insurance,Health,971.41,UPI,Primary Savings,Yes,Essential,Swiggy,2000.0,Insurance transaction #336,None,2024,10,Oct,Q4,Thursday,False
TXN101866,2025-09-24,Expense,Subscriptions,Memberships,1377.05,UPI,Cash Wallet,Yes,Discretionary,Apollo Pharmacy,1500.0,Subscriptions transaction #1866,None,2025,9,Sep,Q3,Wednesday,False
TXN100570,2025-08-17,Expense,Subscriptions,Streaming,6099.04,Debit Card,Credit Card A/C,Yes,Discretionary,Netflix,1500.0,Subscriptions transaction #570,None,2025,8,Aug,Q3,Sunday,False
TXN100803,2025-05-18,Income,Investment,General,81035.84,Bank Transfer,Salary Account,No,N/A,Employer,0.0,Investment transaction #803,review,2025,5,May,Q2,Sunday,False
TXN100043,2024-01-06,Expense,Uncategorized,General,6238.44,Credit Card,Salary Account,No,Discretionary,Amazon,0.0,Misc transaction #43,None,2024,1,Jan,Q1,Saturday,False
TXN101235,2025-04-10,Expense,Rent,Housing,2913.07,Credit Card,Credit Card A/C,Yes,Essential,Freelance Client,15000.0,Rent transaction #1235,one-time,2025,4,Apr,Q2,Thursday,False
TXN100524,2024-02-08,Expense,Subscriptions,SaaS Tools,3878.19,Unknown,Primary Savings,Yes,Discretionary,Swiggy,1500.0,Subscriptions transaction #524,None,2024,2,Feb,Q1,Thursday,False
TXN100658,2025-05-02,Expense,Groceries,Groceries,3409.16,Debit Card,Salary Account,No,Essential,Freelance Client,6000.0,Groceries transaction #658,None,2025,5,May,Q2,Friday,False
TXN101187,2024-02-13,Expense,Groceries,Groceries,983.91,Credit Card,Credit Card A/C,No,Essential,Local Store,6000.0,Groceries transaction #1187,review,2024,2,Feb,Q1,Tuesday,False
TXN100015,2024-08-04,Expense,Uncategorized,General,1649.15,Debit Card,Cash Wallet,No,Discretionary,Apollo Pharmacy,0.0,Misc transaction #15,None,2024,8,Aug,Q3,Sunday,False
TXN100721,2025-06-13,Expense,Subscriptions,Streaming,7351.21,Net Banking,Cash Wallet,Yes,Discretionary,Uber,1500.0,Subscriptions transaction #721,None,2025,6,Jun,Q2,Friday,False
TXN101563,2025-07-03,Income,Freelance,General,51874.03,Bank Transfer,Salary Account,No,N/A,Freelance Client,0.0,Freelance transaction #1563,None,2025,7,Jul,Q3,Thursday,False
TXN100745,2025-05-24,Expense,Shopping,Clothing,1908.63,Unknown,Primary Savings,No,Discretionary,Zomato,5000.0,Shopping transaction #745,reimbursable,2025,5,May,Q2,Saturday,False
TXN101414,2025-12-24,Expense,Insurance,Vehicle,7823.64,Cash,Salary Account,Yes,Essential,Unknown Merchant,2000.0,Insurance transaction #1414,None,2025,12,Dec,Q4,Wednesday,False
TXN100470,2025-12-01,Expense,Insurance,Health,7827.04,Net Banking,Credit Card A/C,Yes,Essential,Amazon,2000.0,Insurance transaction #470,None,2025,12,Dec,Q4,Monday,False
TXN101291,2024-07-04,Expense,Transport,Cab,3139.15,Debit Card,Cash Wallet,No,Discretionary,Employer,4000.0,Transport transaction #1291,one-time,2024,7,Jul,Q3,Thursday,False
TXN100337,2025-03-24,Expense,Utilities,Internet,6528.97,Credit Card,Primary Savings,No,Essential,Local Store,3000.0,Utilities transaction #337,one-time,2025,3,Mar,Q1,Monday,False
TXN100566,2025-08-07,Expense,Food,Dining Out,1152.06,Unknown,Cash Wallet,Yes,Discretionary,Uber,8000.0,Food transaction #566,None,2025,8,Aug,Q3,Thursday,False
TXN102323,2024-06-10,Expense,Healthcare,Pharmacy,3104.78,Net Banking,Salary Account,No,Essential,Uber,3000.0,Healthcare transaction #2323,review,2024,6,Jun,Q2,Monday,False
TXN101422,2024-05-28,Income,Investment,General,56541.98,Bank Transfer,Salary Account,No,N/A,Unknown Merchant,0.0,Investment transaction #1422,reimbursable,2024,5,May,Q2,Tuesday,False
TXN101338,2024-02-12,Expense,Utilities,Electricity,2183.89,UPI,Cash Wallet,Yes,Essential,Amazon,3000.0,Utilities transaction #1338,None,2024,2,Feb,Q1,Monday,False
TXN102052,2024-04-27,Expense,Groceries,Groceries,2421.83,Cash,Primary Savings,Yes,Essential,Amazon,6000.0,Groceries transaction #2052,reimbursable,2024,4,Apr,Q2,Saturday,False
TXN101409,2024-12-07,Expense,Food,Groceries,7594.42,Net Banking,Primary Savings,Yes,Discretionary,Apollo Pharmacy,8000.0,Food transaction #1409,one-time,2024,12,Dec,Q4,Saturday,False
TXN101580,2025-09-13,Expense,Uncategorized,General,3543.84,Debit Card,Cash Wallet,No,Discretionary,Local Store,0.0,Misc transaction #1580,reimbursable,2025,9,Sep,Q3,Saturday,False
TXN101021,2025-12-07,Expense,Food,Groceries,4258.01,Cash,Cash Wallet,No,Discretionary,Swiggy,0.0,food transaction #1021,review,2025,12,Dec,Q4,Sunday,False
TXN100625,2025-12-02,Expense,Shopping,Electronics,6650.2,UPI,Salary Account,No,Discretionary,Netflix,5000.0,Shopping transaction #625,None,2025,12,Dec,Q4,Tuesday,False
TXN100052,2024-08-17,Expense,Uncategorized,General,370.05,UPI,Salary Account,Yes,Discretionary,Amazon,0.0,Misc transaction #52,one-time,2024,8,Aug,Q3,Saturday,False
TXN101633,2025-10-11,Expense,Education,Courses,3200.9,Cash,Credit Card A/C,Yes,Discretionary,Local Store,4000.0,Education transaction #1633,None,2025,10,Oct,Q4,Saturday,False
TXN102469,2024-07-17,Expense,Transport,Cab,2286.01,Unknown,Credit Card A/C,No,Discretionary,Landlord,4000.0,Transport transaction #2469,review,2024,7,Jul,Q3,Wednesday,False
TXN100195,2024-09-03,Expense,Food,Snacks,4802.39,Unknown,Primary Savings,Yes,Discretionary,Unknown Merchant,0.0,food transaction #195,reimbursable,2024,9,Sep,Q3,Tuesday,False
TXN101944,2025-12-26,Expense,Utilities,Internet,4246.75,UPI,Salary Account,No,Essential,Swiggy,3000.0,Utilities transaction #1944,reimbursable,2025,12,Dec,Q4,Friday,False
TXN102000,2025-01-28,Expense,Uncategorized,General,5145.29,Net Banking,Salary Account,No,Discretionary,Uber,0.0,Misc transaction #2000,reimbursable,2025,1,Jan,Q1,Tuesday,False
TXN102499,2025-02-21,Expense,Education,Books,2537.25,Cash,Cash Wallet,No,Discretionary,BESCOM,4000.0,Education transaction #2499,None,2025,2,Feb,Q1,Friday,False
TXN100644,2025-02-11,Expense,Subscriptions,SaaS Tools,5902.03,Debit Card,Primary Savings,Yes,Discretionary,Zomato,1500.0,Subscriptions transaction #644,None,2025,2,Feb,Q1,Tuesday,False
TXN100065,2024-09-15,Expense,Healthcare,Pharmacy,3235.62,UPI,Primary Savings,Yes,Essential,Swiggy,3000.0,Healthcare transaction #65,None,2024,9,Sep,Q3,Sunday,False
TXN101719,2025-01-13,Expense,Uncategorized,General,7333.29,Net Banking,Credit Card A/C,No,Discretionary,Uber,0.0,Misc transaction #1719,review,2025,1,Jan,Q1,Monday,False
TXN101440,2025-07-27,Expense,Insurance,Vehicle,6542.8,UPI,Salary Account,Yes,Essential,Landlord,2000.0,Insurance transaction #1440,None,2025,7,Jul,Q3,Sunday,False
TXN100423,2024-05-28,Expense,Insurance,Health,4917.87,Cash,Primary Savings,Yes,Essential,Zomato,2000.0,Insurance transaction #423,None,2024,5,May,Q2,Tuesday,False
TXN100398,2025-07-10,Expense,Transport,Fuel,6325.91,Net Banking,Primary Savings,Yes,Discretionary,Local Store,4000.0,Transport transaction #398,None,2025,7,Jul,Q3,Thursday,False
TXN100783,2024-01-05,Income,Gift,General,71125.8,Bank Transfer,Salary Account,No,N/A,Uber,0.0,Gift transaction #783,one-time,2024,1,Jan,Q1,Friday,False
TXN101729,2025-05-25,Income,Bonus,General,33579.69,Bank Transfer,Salary Account,No,N/A,Swiggy,0.0,Bonus transaction #1729,review,2025,5,May,Q2,Sunday,False
TXN100283,2024-06-12,Income,Freelance,General,38656.89,Bank Transfer,Salary Account,No,N/A,Unknown Merchant,0.0,Freelance transaction #283,None,2024,6,Jun,Q2,Wednesday,False
TXN102390,2025-11-04,Expense,Rent,Housing,4882.06,Credit Card,Cash Wallet,Yes,Essential,Netflix,15000.0,Rent transaction #2390,None,2025,11,Nov,Q4,Tuesday,False
TXN101254,2024-03-27,Expense,Entertainment,Events,232.91,Credit Card,Primary Savings,Yes,Discretionary,Zomato,2500.0,Entertainment transaction #1254,reimbursable,2024,3,Mar,Q1,Wednesday,False
TXN101496,2024-10-15,Expense,Food,Snacks,7089.21,Unknown,Cash Wallet,No,Discretionary,Freelance Client,8000.0,Food transaction #1496,None,2024,10,Oct,Q4,Tuesday,False
TXN101652,2024-03-20,Expense,Shopping,Clothing,1932.14,UPI,Primary Savings,Yes,Discretionary,Local Store,5000.0,Shopping transaction #1652,None,2024,3,Mar,Q1,Wednesday,False
TXN100964,2025-04-17,Expense,Shopping,Electronics,4236.24,Unknown,Credit Card A/C,No,Discretionary,Apollo Pharmacy,5000.0,Shopping transaction #964,one-time,2025,4,Apr,Q2,Thursday,False
TXN100954,2024-01-22,Income,Bonus,General,79938.59,Bank Transfer,Salary Account,No,N/A,Freelance Client,0.0,Bonus transaction #954,None,2024,1,Jan,Q1,Monday,False
TXN101920,2024-11-21,Income,Gift,General,58870.72,Bank Transfer,Salary Account,No,N/A,Uber,0.0,Gift transaction #1920,None,2024,11,Nov,Q4,Thursday,False
TXN100038,2025-11-17,Expense,Shopping,Clothing,7370.13,Net Banking,Credit Card A/C,Yes,Discretionary,Unknown Merchant,5000.0,Shopping transaction #38,review,2025,11,Nov,Q4,Monday,False
TXN101870,2025-08-10,Income,Gift,General,42966.31,Bank Transfer,Salary Account,No,N/A,Landlord,0.0,Gift transaction #1870,review,2025,8,Aug,Q3,Sunday,False
TXN101923,2025-03-18,Expense,Subscriptions,Streaming,4426.76,Debit Card,Primary Savings,Yes,Discretionary,Swiggy,1500.0,Subscriptions transaction #1923,None,2025,3,Mar,Q1,Tuesday,False
TXN100127,2025-09-09,Expense,Entertainment,Movies,1174.36,Debit Card,Credit Card A/C,No,Discretionary,Swiggy,2500.0,Entertainment transaction #127,None,2025,9,Sep,Q3,Tuesday,False
TXN100306,2025-08-19,Expense,Food,Groceries,852.87,Debit Card,Credit Card A/C,No,Discretionary,Netflix,0.0,food transaction #306,reimbursable,2025,8,Aug,Q3,Tuesday,False
TXN102463,2024-12-17,Expense,Rent,Housing,6373.47,Cash,Primary Savings,Yes,Essential,Apollo Pharmacy,15000.0,Rent transaction #2463,None,2024,12,Dec,Q4,Tuesday,False
TXN101568,2025-01-10,Expense,Uncategorized,General,1735.5,UPI,Credit Card A/C,Yes,Discretionary,Unknown Merchant,0.0,Misc transaction #1568,one-time,2025,1,Jan,Q1,Friday,False
TXN102244,2025-10-09,Expense,Rent,Housing,646.91,Net Banking,Salary Account,Yes,Essential,Local Store,15000.0,Rent transaction #2244,one-time,2025,10,Oct,Q4,Thursday,False
TXN100738,2024-07-15,Expense,Subscriptions,SaaS Tools,3464.84,Unknown,Salary Account,Yes,Discretionary,Amazon,1500.0,Subscriptions transaction #738,reimbursable,2024,7,Jul,Q3,Monday,False
TXN102403,2024-02-15,Income,Freelance,General,78107.32,Bank Transfer,Salary Account,No,N/A,Freelance Client,0.0,Freelance transaction #2403,None,2024,2,Feb,Q1,Thursday,False
TXN101127,2025-09-15,Expense,Uncategorized,General,1615.69,Cash,Cash Wallet,Yes,Discretionary,Unknown Merchant,0.0,Misc transaction #1127,reimbursable,2025,9,Sep,Q3,Monday,False
TXN101257,2024-04-03,Income,Freelance,General,34715.33,Bank Transfer,Salary Account,No,N/A,Unknown Merchant,0.0,Freelance transaction #1257,reimbursable,2024,4,Apr,Q2,Wednesday,False
TXN100688,2024-09-21,Expense,Uncategorized,General,3410.83,Net Banking,Primary Savings,Yes,Discretionary,Uber,0.0,Misc transaction #688,None,2024,9,Sep,Q3,Saturday,False
TXN100117,2025-03-03,Expense,Shopping,Clothing,1416.39,Net Banking,Cash Wallet,No,Discretionary,Zomato,5000.0,Shopping transaction #117,one-time,2025,3,Mar,Q1,Monday,False
TXN100768,2025-11-11,Expense,Rent,Housing,906.09,Debit Card,Credit Card A/C,Yes,Essential,Landlord,15000.0,Rent transaction #768,reimbursable,2025,11,Nov,Q4,Tuesday,False
TXN101871,2024-05-05,Income,Investment,General,24269.76,Bank Transfer,Salary Account,No,N/A,Swiggy,0.0,Investment transaction #1871,None,2024,5,May,Q2,Sunday,False
TXN101046,2025-09-12,Expense,Uncategorized,General,4123.23,UPI,Credit Card A/C,No,Discretionary,Apollo Pharmacy,0.0,Misc transaction #1046,review,2025,9,Sep,Q3,Friday,False
TXN102391,2025-07-20,Expense,Subscriptions,Streaming,2080.05,Cash,Credit Card A/C,Yes,Discretionary,Uber,1500.0,Subscriptions transaction #2391,reimbursable,2025,7,Jul,Q3,Sunday,False
TXN101865,2025-03-20,Expense,Food,Groceries,4897.55,Cash,Primary Savings,No,Discretionary,Uber,0.0,food transaction #1865,None,2025,3,Mar,Q1,Thursday,False
TXN101300,2024-05-29,Expense,Insurance,Health,4662.68,Debit Card,Cash Wallet,Yes,Essential,Uber,2000.0,Insurance transaction #1300,review,2024,5,May,Q2,Wednesday,False
TXN101945,2025-01-29,Income,Salary,General,34184.5,Bank Transfer,Salary Account,Yes,N/A,Employer,0.0,Salary transaction #1945,None,2025,1,Jan,Q1,Wednesday,False
TXN101264,2024-11-03,Expense,Entertainment,Events,1562.77,Net Banking,Salary Account,Yes,Discretionary,Unknown Merchant,2500.0,Entertainment transaction #1264,one-time,2024,11,Nov,Q4,Sunday,False
TXN100226,2024-03-16,Expense,Groceries,Groceries,4298.22,Unknown,Cash Wallet,Yes,Essential,Uber,6000.0,Groceries transaction #226,reimbursable,2024,3,Mar,Q1,Saturday,False
TXN101162,2024-06-27,Expense,Rent,Housing,7403.39,Credit Card,Primary Savings,Yes,Essential,Apollo Pharmacy,15000.0,Rent transaction #1162,None,2024,6,Jun,Q2,Thursday,False
TXN100794,2024-02-12,Income,Gift,General,75425.06,Bank Transfer,Salary Account,No,N/A,Local Store,0.0,Gift transaction #794,None,2024,2,Feb,Q1,Monday,False
TXN101155,2024-05-06,Expense,Shopping,Clothing,5964.34,Unknown,Salary Account,No,Discretionary,Amazon,5000.0,Shopping transaction #1155,None,2024,5,May,Q2,Monday,False
TXN100552,2025-05-13,Income,Salary,General,32558.9,Bank Transfer,Salary Account,Yes,N/A,Employer,0.0,Salary transaction #552,None,2025,5,May,Q2,Tuesday,False
TXN102372,2024-10-24,Expense,Uncategorized,General,3297.68,Net Banking,Salary Account,No,Discretionary,Netflix,0.0,Misc transaction #2372,one-time,2024,10,Oct,Q4,Thursday,False
TXN100828,2025-02-20,Income,Salary,General,45397.36,Bank Transfer,Salary Account,Yes,N/A,Employer,0.0,Salary transaction #828,None,2025,2,Feb,Q1,Thursday,False
TXN101856,2025-01-25,Expense,Subscriptions,SaaS Tools,3062.25,Credit Card,Cash Wallet,Yes,Discretionary,Employer,1500.0,Subscriptions transaction #1856,None,2025,1,Jan,Q1,Saturday,False
TXN100197,2024-08-30,Expense,Rent,Housing,2237.47,Net Banking,Salary Account,Yes,Essential,Freelance Client,15000.0,Rent transaction #197,None,2024,8,Aug,Q3,Friday,False
TXN102366,2025-01-29,Expense,Shopping,Clothing,6449.2,Cash,Credit Card A/C,Yes,Discretionary,Apollo Pharmacy,5000.0,Shopping transaction #2366,None,2025,1,Jan,Q1,Wednesday,False
TXN102024,2024-07-20,Expense,Healthcare,Doctor Visit,3137.47,Debit Card,Cash Wallet,No,Essential,Amazon,3000.0,Healthcare transaction #2024,None,2024,7,Jul,Q3,Saturday,False
TXN101293,2024-10-07,Expense,Utilities,Water,4566.48,Credit Card,Primary Savings,Yes,Essential,Uber,3000.0,Utilities transaction #1293,one-time,2024,10,Oct,Q4,Monday,False
TXN100473,2025-07-08,Expense,Transport,Fuel,5655.83,Net Banking,Salary Account,No,Discretionary,Swiggy,4000.0,Transport transaction #473,None,2025,7,Jul,Q3,Tuesday,False
TXN102441,2025-09-23,Expense,Uncategorized,General,1874.8,UPI,Cash Wallet,Yes,Discretionary,Swiggy,0.0,Misc transaction #2441,None,2025,9,Sep,Q3,Tuesday,False
TXN100491,2024-11-02,Expense,Shopping,Clothing,6754.31,UPI,Credit Card A/C,No,Discretionary,Swiggy,5000.0,Shopping transaction #491,None,2024,11,Nov,Q4,Saturday,False
TXN100580,2025-11-13,Income,Gift,General,70998.07,Bank Transfer,Salary Account,No,N/A,Apollo Pharmacy,0.0,Gift transaction #580,one-time,2025,11,Nov,Q4,Thursday,False
TXN102014,2025-08-26,Expense,Rent,Housing,7568.82,Credit Card,Salary Account,Yes,Essential,Netflix,15000.0,Rent transaction #2014,None,2025,8,Aug,Q3,Tuesday,False
TXN101139,2025-02-17,Income,Bonus,General,44752.84,Bank Transfer,Salary Account,No,N/A,Swiggy,0.0,Bonus transaction #1139,None,2025,2,Feb,Q1,Monday,False
TXN100119,2024-07-17,Expense,Entertainment,Streaming,6560.64,Credit Card,Salary Account,Yes,Discretionary,Swiggy,2500.0,Entertainment transaction #119,None,2024,7,Jul,Q3,Wednesday,False
TXN101097,2024-10-31,Expense,Groceries,Groceries,341.07,Unknown,Cash Wallet,Yes,Essential,Swiggy,6000.0,Groceries transaction #1097,review,2024,10,Oct,Q4,Thursday,False
TXN100581,2024-02-11,Income,Gift,General,28181.33,Bank Transfer,Salary Account,No,N/A,Amazon,0.0,Gift transaction #581,one-time,2024,2,Feb,Q1,Sunday,False
TXN101744,2025-01-21,Expense,Groceries,Groceries,5265.91,Cash,Salary Account,No,Essential,BESCOM,6000.0,Groceries transaction #1744,reimbursable,2025,1,Jan,Q1,Tuesday,False
TXN101773,2025-08-10,Expense,Food,Dining Out,4442.78,Credit Card,Credit Card A/C,No,Discretionary,Local Store,0.0,food transaction #1773,None,2025,8,Aug,Q3,Sunday,False
TXN101041,2024-01-22,Expense,Food,Snacks,2853.97,Net Banking,Primary Savings,Yes,Discretionary,Landlord,0.0,food transaction #1041,None,2024,1,Jan,Q1,Monday,False
TXN100733,2024-08-16,Expense,Healthcare,Insurance Premium,3871.93,Debit Card,Cash Wallet,Yes,Essential,Local Store,3000.0,Healthcare transaction #733,None,2024,8,Aug,Q3,Friday,False
TXN100917,2025-08-08,Expense,Subscriptions,Memberships,3656.96,Unknown,Credit Card A/C,Yes,Discretionary,Swiggy,1500.0,Subscriptions transaction #917,None,2025,8,Aug,Q3,Friday,False
TXN100275,2025-02-09,Expense,Insurance,Health,7925.88,UPI,Cash Wallet,Yes,Essential,Apollo Pharmacy,2000.0,Insurance transaction #275,None,2025,2,Feb,Q1,Sunday,False
TXN102402,2024-10-06,Expense,Subscriptions,SaaS Tools,2415.9,UPI,Salary Account,Yes,Discretionary,BESCOM,1500.0,Subscriptions transaction #2402,None,2024,10,Oct,Q4,Sunday,False
TXN101992,2025-08-09,Expense,Groceries,Groceries,1297.18,Credit Card,Salary Account,Yes,Essential,Swiggy,6000.0,Groceries transaction #1992,None,2025,8,Aug,Q3,Saturday,False
TXN100386,2025-08-06,Expense,Insurance,Health,5244.03,UPI,Credit Card A/C,Yes,Essential,Local Store,2000.0,Insurance transaction #386,one-time,2025,8,Aug,Q3,Wednesday,False
TXN101777,2024-02-21,Expense,Uncategorized,General,5190.73,Cash,Cash Wallet,No,Discretionary,Zomato,0.0,Misc transaction #1777,None,2024,2,Feb,Q1,Wednesday,False
TXN101054,2024-05-23,Expense,Education,Books,2409.17,Cash,Credit Card A/C,No,Discretionary,Landlord,4000.0,Education transaction #1054,reimbursable,2024,5,May,Q2,Thursday,False
TXN102336,2025-12-26,Expense,Rent,Housing,85274.36,Credit Card,Cash Wallet,Yes,Essential,Uber,15000.0,Rent transaction #2336,review,2025,12,Dec,Q4,Friday,True
TXN101253,2025-02-20,Expense,Rent,Housing,4441.44,Cash,Credit Card A/C,Yes,Essential,Netflix,15000.0,Rent transaction #1253,review,2025,2,Feb,Q1,Thursday,False
TXN100804,2024-12-17,Expense,Subscriptions,Memberships,3084.12,Unknown,Cash Wallet,Yes,Discretionary,BESCOM,1500.0,Subscriptions transaction #804,None,2024,12,Dec,Q4,Tuesday,False
TXN100492,2025-06-23,Expense,Transport,Public Transit,512.57,Net Banking,Primary Savings,No,Discretionary,Unknown Merchant,4000.0,Transport transaction #492,review,2025,6,Jun,Q2,Monday,False
TXN101136,2024-11-10,Expense,Entertainment,Events,5493.73,Net Banking,Salary Account,Yes,Discretionary,Uber,2500.0,Entertainment transaction #1136,None,2024,11,Nov,Q4,Sunday,False
TXN100696,2025-05-12,Income,Freelance,General,29949.79,Bank Transfer,Salary Account,No,N/A,Employer,0.0,Freelance transaction #696,None,2025,5,May,Q2,Monday,False
TXN101443,2025-07-13,Income,Investment,General,52262.94,Bank Transfer,Salary Account,No,N/A,Freelance Client,0.0,Investment transaction #1443,None,2025,7,Jul,Q3,Sunday,False
TXN101826,2024-05-21,Expense,Transport,Cab,4765.75,Credit Card,Credit Card A/C,No,Discretionary,BESCOM,4000.0,Transport transaction #1826,review,2024,5,May,Q2,Tuesday,False
TXN100165,2024-03-16,Expense,Healthcare,Insurance Premium,7913.27,Unknown,Primary Savings,Yes,Essential,Zomato,3000.0,Healthcare transaction #165,None,2024,3,Mar,Q1,Saturday,False
TXN100467,2024-09-18,Expense,Utilities,Electricity,4962.82,UPI,Cash Wallet,Yes,Essential,Zomato,3000.0,Utilities transaction #467,review,2024,9,Sep,Q3,Wednesday,False
TXN102245,2025-01-24,Expense,Shopping,Clothing,1948.79,UPI,Primary Savings,No,Discretionary,Netflix,5000.0,Shopping transaction #2245,one-time,2025,1,Jan,Q1,Friday,False
TXN102175,2025-03-28,Expense,Food,Groceries,5282.69,Credit Card,Primary Savings,No,Discretionary,Uber,0.0,food transaction #2175,None,2025,3,Mar,Q1,Friday,False
TXN102302,2025-11-15,Expense,Food,Dining Out,7781.1,Unknown,Cash Wallet,Yes,Discretionary,Uber,8000.0,Food transaction #2302,review,2025,11,Nov,Q4,Saturday,False
TXN101743,2025-07-27,Expense,Subscriptions,Memberships,6534.71,Unknown,Salary Account,Yes,Discretionary,Swiggy,1500.0,Subscriptions transaction #1743,None,2025,7,Jul,Q3,Sunday,False
TXN102185,2025-01-16,Income,Investment,General,63878.02,Bank Transfer,Salary Account,No,N/A,Netflix,0.0,Investment transaction #2185,one-time,2025,1,Jan,Q1,Thursday,False
TXN100246,2024-04-05,Expense,Healthcare,Insurance Premium,2897.87,UPI,Cash Wallet,Yes,Essential,Local Store,3000.0,Healthcare transaction #246,None,2024,4,Apr,Q2,Friday,False
TXN101590,2025-06-09,Expense,Uncategorized,General,7211.62,UPI,Primary Savings,No,Discretionary,Amazon,0.0,Misc transaction #1590,review,2025,6,Jun,Q2,Monday,False
TXN101325,2025-08-02,Expense,Insurance,Health,2925.69,Credit Card,Credit Card A/C,Yes,Essential,Local Store,2000.0,Insurance transaction #1325,None,2025,8,Aug,Q3,Saturday,False
TXN100154,2025-05-05,Expense,Uncategorized,General,4620.46,Credit Card,Credit Card A/C,Yes,Discretionary,Apollo Pharmacy,0.0,Misc transaction #154,None,2025,5,May,Q2,Monday,False
TXN102154,2025-05-18,Expense,Education,Courses,4011.21,Unknown,Salary Account,No,Discretionary,Freelance Client,4000.0,Education transaction #2154,review,2025,5,May,Q2,Sunday,False
TXN100547,2024-08-04,Expense,Insurance,Vehicle,5440.72,Net Banking,Salary Account,Yes,Essential,Unknown Merchant,2000.0,Insurance transaction #547,None,2024,8,Aug,Q3,Sunday,False
TXN102380,2024-10-08,Expense,Rent,Housing,7085.11,Debit Card,Salary Account,Yes,Essential,Landlord,15000.0,Rent transaction #2380,None,2024,10,Oct,Q4,Tuesday,False
TXN101543,2025-04-20,Expense,Subscriptions,SaaS Tools,2161.76,Credit Card,Cash Wallet,Yes,Discretionary,Swiggy,1500.0,Subscriptions transaction #1543,None,2025,4,Apr,Q2,Sunday,False
TXN101733,2024-05-11,Income,Freelance,General,42385.2,Bank Transfer,Salary Account,No,N/A,Freelance Client,0.0,Freelance transaction #1733,one-time,2024,5,May,Q2,Saturday,False
TXN100003,2024-04-14,Income,Salary,General,45128.56,Bank Transfer,Salary Account,Yes,N/A,Employer,0.0,Salary transaction #3,None,2024,4,Apr,Q2,Sunday,False
TXN102073,2024-10-18,Expense,Groceries,Groceries,989.76,Credit Card,Cash Wallet,No,Essential,Swiggy,6000.0,Groceries transaction #2073,one-time,2024,10,Oct,Q4,Friday,False
TXN101932,2025-11-01,Expense,Rent,Housing,1789.17,Unknown,Credit Card A/C,Yes,Essential,Local Store,15000.0,Rent transaction #1932,reimbursable,2025,11,Nov,Q4,Saturday,False
TXN100027,2025-03-24,Expense,Subscriptions,SaaS Tools,7898.5,Unknown,Primary Savings,Yes,Discretionary,Freelance Client,1500.0,Subscriptions transaction #27,review,2025,3,Mar,Q1,Monday,False
TXN100066,2024-09-11,Income,Bonus,General,62442.24,Bank Transfer,Salary Account,No,N/A,Employer,0.0,Bonus transaction #66,one-time,2024,9,Sep,Q3,Wednesday,False
TXN100118,2025-08-26,Expense,Food,Dining Out,5979.15,Credit Card,Credit Card A/C,Yes,Discretionary,Zomato,0.0,food transaction #118,reimbursable,2025,8,Aug,Q3,Tuesday,False
TXN101529,2024-08-31,Expense,Healthcare,Doctor Visit,7680.41,Debit Card,Salary Account,Yes,Essential,Netflix,3000.0,Healthcare transaction #1529,None,2024,8,Aug,Q3,Saturday,False
TXN100002,2025-04-04,Expense,Uncategorized,General,6082.52,Credit Card,Cash Wallet,No,Discretionary,Netflix,0.0,Misc transaction #2,None,2025,4,Apr,Q2,Friday,False
TXN102238,2025-08-15,Expense,Groceries,Groceries,428.11,Debit Card,Salary Account,Yes,Essential,Swiggy,6000.0,Groceries transaction #2238,one-time,2025,8,Aug,Q3,Friday,False
TXN101087,2025-12-04,Expense,Transport,Cab,6659.21,Unknown,Salary Account,Yes,Discretionary,Local Store,4000.0,Transport transaction #1087,None,2025,12,Dec,Q4,Thursday,False
TXN101770,2024-02-08,Expense,Food,Dining Out,3491.06,Debit Card,Cash Wallet,Yes,Discretionary,Swiggy,8000.0,Food transaction #1770,None,2024,2,Feb,Q1,Thursday,False
TXN102398,2025-05-14,Income,Investment,General,44238.0,Bank Transfer,Salary Account,No,N/A,Employer,0.0,Investment transaction #2398,None,2025,5,May,Q2,Wednesday,False
TXN102393,2024-03-28,Expense,Subscriptions,Streaming,2027.42,Net Banking,Credit Card A/C,Yes,Discretionary,BESCOM,1500.0,Subscriptions transaction #2393,None,2024,3,Mar,Q1,Thursday,False
TXN102340,2024-05-22,Expense,Shopping,Electronics,6240.51,Credit Card,Credit Card A/C,No,Discretionary,Landlord,5000.0,Shopping transaction #2340,reimbursable,2024,5,May,Q2,Wednesday,False
TXN100411,2024-12-16,Income,Freelance,General,53358.88,Bank Transfer,Salary Account,No,N/A,Uber,0.0,Freelance transaction #411,None,2024,12,Dec,Q4,Monday,False
TXN100549,2025-04-12,Expense,Groceries,Groceries,895.33,Cash,Salary Account,Yes,Essential,BESCOM,6000.0,Groceries transaction #549,review,2025,4,Apr,Q2,Saturday,False
TXN101999,2024-07-21,Income,Bonus,General,41629.3,Bank Transfer,Salary Account,No,N/A,Uber,0.0,Bonus transaction #1999,None,2024,7,Jul,Q3,Sunday,False
TXN100767,2025-01-18,Expense,Transport,Fuel,272.16,UPI,Credit Card A/C,Yes,Discretionary,Freelance Client,4000.0,Transport transaction #767,None,2025,1,Jan,Q1,Saturday,False
TXN100834,2025-02-20,Expense,Food,Snacks,5853.13,UPI,Salary Account,Yes,Discretionary,Zomato,0.0,food transaction #834,one-time,2025,2,Feb,Q1,Thursday,False
TXN100517,2024-05-22,Expense,Uncategorized,General,51.47,Credit Card,Salary Account,No,Discretionary,Landlord,0.0,Misc transaction #517,one-time,2024,5,May,Q2,Wednesday,False
TXN101869,2024-01-11,Expense,Education,Courses,7878.83,Debit Card,Salary Account,No,Discretionary,Uber,4000.0,Education transaction #1869,None,2024,1,Jan,Q1,Thursday,False
TXN100837,2024-08-18,Expense,Entertainment,Movies,7622.24,Cash,Cash Wallet,No,Discretionary,Swiggy,2500.0,Entertainment transaction #837,review,2024,8,Aug,Q3,Sunday,False
TXN100249,2024-06-11,Expense,Utilities,Electricity,2040.59,Debit Card,Salary Account,Yes,Essential,Local Store,3000.0,Utilities transaction #249,None,2024,6,Jun,Q2,Tuesday,False
TXN100385,2024-11-27,Income,Gift,General,64349.69,Bank Transfer,Salary Account,No,N/A,Netflix,0.0,Gift transaction #385,reimbursable,2024,11,Nov,Q4,Wednesday,False
TXN101741,2025-10-07,Expense,Subscriptions,SaaS Tools,2103.25,Cash,Cash Wallet,Yes,Discretionary,BESCOM,1500.0,Subscriptions transaction #1741,None,2025,10,Oct,Q4,Tuesday,False
TXN101079,2025-04-23,Expense,Food,Snacks,1532.08,Credit Card,Cash Wallet,No,Discretionary,Uber,0.0,food transaction #1079,None,2025,4,Apr,Q2,Wednesday,False
TXN100532,2024-05-28,Expense,Shopping,Clothing,6388.61,Cash,Credit Card A/C,Yes,Discretionary,Zomato,5000.0,Shopping transaction #532,one-time,2024,5,May,Q2,Tuesday,False
TXN101621,2025-12-27,Expense,Food,Dining Out,6821.71,Debit Card,Cash Wallet,Yes,Discretionary,Amazon,0.0,food transaction #1621,None,2025,12,Dec,Q4,Saturday,False
TXN101107,2024-01-31,Expense,Groceries,Groceries,4540.89,Cash,Primary Savings,No,Essential,Landlord,6000.0,Groceries transaction #1107,one-time,2024,1,Jan,Q1,Wednesday,False
TXN100271,2025-06-01,Income,Bonus,General,25238.13,Bank Transfer,Salary Account,No,N/A,Employer,0.0,Bonus transaction #271,None,2025,6,Jun,Q2,Sunday,False
TXN100343,2024-11-24,Expense,Utilities,Electricity,4426.44,Cash,Cash Wallet,Yes,Essential,Zomato,3000.0,Utilities transaction #343,one-time,2024,11,Nov,Q4,Sunday,False
TXN100277,2024-07-21,Expense,Entertainment,Events,5175.25,Net Banking,Credit Card A/C,Yes,Discretionary,Amazon,2500.0,Entertainment transaction #277,review,2024,7,Jul,Q3,Sunday,False
TXN100465,2024-02-25,Expense,Groceries,Groceries,6570.06,UPI,Credit Card A/C,Yes,Essential,Netflix,6000.0,Groceries transaction #465,None,2024,2,Feb,Q1,Sunday,False
TXN102312,2025-05-01,Expense,Education,Tuition,5682.43,UPI,Primary Savings,Yes,Discretionary,Landlord,4000.0,Education transaction #2312,review,2025,5,May,Q2,Thursday,False
TXN100305,2024-03-30,Expense,Shopping,Home Goods,2245.8,Cash,Primary Savings,No,Discretionary,Zomato,5000.0,Shopping transaction #305,reimbursable,2024,3,Mar,Q1,Saturday,False
TXN100573,2024-06-03,Expense,Education,Tuition,3361.47,Unknown,Salary Account,No,Discretionary,Uber,4000.0,Education transaction #573,None,2024,6,Jun,Q2,Monday,False
TXN100279,2025-03-12,Expense,Transport,Fuel,3595.79,Credit Card,Primary Savings,Yes,Discretionary,Freelance Client,4000.0,Transport transaction #279,reimbursable,2025,3,Mar,Q1,Wednesday,False
TXN100734,2024-01-11,Income,Salary,General,58828.41,Bank Transfer,Salary Account,Yes,N/A,Employer,0.0,Salary transaction #734,review,2024,1,Jan,Q1,Thursday,False
TXN101114,2025-02-02,Expense,Transport,Fuel,5798.33,Credit Card,Salary Account,No,Discretionary,Unknown Merchant,4000.0,Transport transaction #1114,None,2025,2,Feb,Q1,Sunday,False
TXN100367,2025-03-10,Expense,Transport,Public Transit,7035.17,Unknown,Cash Wallet,Yes,Discretionary,Unknown Merchant,4000.0,Transport transaction #367,review,2025,3,Mar,Q1,Monday,False
TXN101908,2025-11-21,Expense,Transport,Cab,517.36,UPI,Credit Card A/C,No,Discretionary,Apollo Pharmacy,4000.0,Transport transaction #1908,None,2025,11,Nov,Q4,Friday,False
TXN100759,2025-03-01,Expense,Groceries,Groceries,7291.12,Credit Card,Primary Savings,No,Essential,Unknown Merchant,6000.0,Groceries transaction #759,None,2025,3,Mar,Q1,Saturday,False
TXN102300,2024-01-23,Expense,Groceries,Groceries,7024.82,Credit Card,Primary Savings,Yes,Essential,Employer,6000.0,Groceries transaction #2300,review,2024,1,Jan,Q1,Tuesday,False
TXN100757,2025-05-29,Expense,Healthcare,Doctor Visit,7929.13,Cash,Primary Savings,No,Essential,Employer,3000.0,Healthcare transaction #757,reimbursable,2025,5,May,Q2,Thursday,False
TXN100703,2025-05-18,Expense,Food,Dining Out,3348.74,Net Banking,Credit Card A/C,No,Discretionary,Netflix,8000.0,Food transaction #703,reimbursable,2025,5,May,Q2,Sunday,False
TXN100835,2024-01-11,Expense,Shopping,Home Goods,5859.84,Cash,Cash Wallet,Yes,Discretionary,Local Store,5000.0,Shopping transaction #835,review,2024,1,Jan,Q1,Thursday,False
TXN100786,2025-10-08,Expense,Food,Snacks,1225.68,Net Banking,Cash Wallet,Yes,Discretionary,Netflix,8000.0,Food transaction #786,review,2025,10,Oct,Q4,Wednesday,False
TXN100085,2024-04-02,Expense,Food,Snacks,849.03,Credit Card,Credit Card A/C,Yes,Discretionary,Amazon,0.0,food transaction #85,None,2024,4,Apr,Q2,Tuesday,False
TXN100844,2025-03-07,Expense,Healthcare,Insurance Premium,2632.86,Cash,Cash Wallet,Yes,Essential,Zomato,3000.0,Healthcare transaction #844,None,2025,3,Mar,Q1,Friday,False
TXN101357,2024-05-09,Expense,Transport,Fuel,2971.64,Debit Card,Primary Savings,No,Discretionary,Local Store,4000.0,Transport transaction #1357,None,2024,5,May,Q2,Thursday,False
TXN102248,2024-06-20,Expense,Rent,Housing,7152.7,UPI,Salary Account,Yes,Essential,Freelance Client,15000.0,Rent transaction #2248,None,2024,6,Jun,Q2,Thursday,False
TXN102428,2024-02-24,Expense,Rent,Housing,1697.09,UPI,Cash Wallet,Yes,Essential,Zomato,15000.0,Rent transaction #2428,None,2024,2,Feb,Q1,Saturday,False
TXN100116,2024-03-14,Expense,Subscriptions,Streaming,3705.05,UPI,Credit Card A/C,Yes,Discretionary,Employer,1500.0,Subscriptions transaction #116,review,2024,3,Mar,Q1,Thursday,False
TXN100034,2024-09-30,Expense,Subscriptions,Streaming,357.86,Cash,Salary Account,Yes,Discretionary,BESCOM,1500.0,Subscriptions transaction #34,None,2024,9,Sep,Q3,Monday,False
TXN100352,2024-11-17,Expense,Education,Tuition,1717.22,Unknown,Credit Card A/C,No,Discretionary,Freelance Client,4000.0,Education transaction #352,None,2024,11,Nov,Q4,Sunday,False
TXN101879,2025-10-11,Expense,Entertainment,Events,5096.77,Debit Card,Cash Wallet,No,Discretionary,Amazon,2500.0,Entertainment transaction #1879,None,2025,10,Oct,Q4,Saturday,False
TXN102187,2025-08-09,Expense,Utilities,Internet,5035.54,Debit Card,Primary Savings,No,Essential,Zomato,3000.0,Utilities transaction #2187,None,2025,8,Aug,Q3,Saturday,False
TXN102346,2024-12-09,Expense,Utilities,Electricity,7052.21,Net Banking,Salary Account,Yes,Essential,Employer,3000.0,Utilities transaction #2346,None,2024,12,Dec,Q4,Monday,False
TXN101886,2024-03-07,Expense,Transport,Public Transit,5232.6,Debit Card,Salary Account,Yes,Discretionary,BESCOM,4000.0,Transport transaction #1886,one-time,2024,3,Mar,Q1,Thursday,False
TXN102058,2025-05-11,Expense,Food,Groceries,5983.71,Unknown,Salary Account,No,Discretionary,Swiggy,0.0,food transaction #2058,one-time,2025,5,May,Q2,Sunday,False
TXN100007,2025-12-05,Expense,Insurance,Health,6219.2,Credit Card,Primary Savings,Yes,Essential,Uber,2000.0,Insurance transaction #7,reimbursable,2025,12,Dec,Q4,Friday,False
TXN102095,2024-04-30,Expense,Groceries,Groceries,5796.94,Unknown,Credit Card A/C,Yes,Essential,Zomato,6000.0,Groceries transaction #2095,None,2024,4,Apr,Q2,Tuesday,False
TXN102371,2024-11-02,Expense,Transport,Fuel,5320.81,Cash,Cash Wallet,No,Discretionary,Landlord,4000.0,Transport transaction #2371,reimbursable,2024,11,Nov,Q4,Saturday,False
TXN101438,2025-08-03,Expense,Healthcare,Doctor Visit,6701.69,Cash,Credit Card A/C,No,Essential,Netflix,3000.0,Healthcare transaction #1438,None,2025,8,Aug,Q3,Sunday,False
TXN101490,2025-07-08,Income,Gift,General,75739.85,Bank Transfer,Salary Account,No,N/A,Netflix,0.0,Gift transaction #1490,None,2025,7,Jul,Q3,Tuesday,False
TXN100484,2024-06-16,Expense,Food,Groceries,3622.72,Debit Card,Primary Savings,No,Discretionary,Unknown Merchant,0.0,food transaction #484,None,2024,6,Jun,Q2,Sunday,False
TXN101557,2025-08-07,Expense,Food,Groceries,5161.15,Credit Card,Credit Card A/C,Yes,Discretionary,Zomato,0.0,food transaction #1557,review,2025,8,Aug,Q3,Thursday,False
TXN101833,2024-06-16,Expense,Healthcare,Pharmacy,2354.53,Net Banking,Primary Savings,Yes,Essential,Landlord,3000.0,Healthcare transaction #1833,None,2024,6,Jun,Q2,Sunday,False
TXN100171,2024-04-22,Expense,Healthcare,Doctor Visit,3333.03,Credit Card,Cash Wallet,No,Essential,Unknown Merchant,3000.0,Healthcare transaction #171,reimbursable,2024,4,Apr,Q2,Monday,False
TXN100511,2024-05-27,Expense,Groceries,Groceries,3167.01,Unknown,Credit Card A/C,No,Essential,Apollo Pharmacy,6000.0,Groceries transaction #511,None,2024,5,May,Q2,Monday,False
TXN102112,2024-06-06,Expense,Shopping,Clothing,2858.89,UPI,Credit Card A/C,No,Discretionary,Amazon,5000.0,Shopping transaction #2112,review,2024,6,Jun,Q2,Thursday,False
TXN102231,2025-02-08,Expense,Utilities,Internet,685.39,Unknown,Primary Savings,Yes,Essential,Freelance Client,3000.0,Utilities transaction #2231,review,2025,2,Feb,Q1,Saturday,False
TXN102306,2024-05-23,Expense,Uncategorized,General,4185.75,Credit Card,Primary Savings,Yes,Discretionary,Zomato,0.0,Misc transaction #2306,None,2024,5,May,Q2,Thursday,False
TXN100235,2025-11-20,Expense,Utilities,Internet,5393.28,Debit Card,Primary Savings,Yes,Essential,Netflix,3000.0,Utilities transaction #235,None,2025,11,Nov,Q4,Thursday,False
TXN101712,2025-08-07,Expense,Shopping,Electronics,2460.41,Debit Card,Credit Card A/C,No,Discretionary,Freelance Client,5000.0,Shopping transaction #1712,one-time,2025,8,Aug,Q3,Thursday,False
TXN101078,2024-12-21,Expense,Insurance,Health,5612.25,Net Banking,Credit Card A/C,Yes,Essential,Zomato,2000.0,Insurance transaction #1078,None,2024,12,Dec,Q4,Saturday,False
TXN100949,2024-10-21,Expense,Food,Groceries,5618.75,Cash,Credit Card A/C,Yes,Discretionary,Swiggy,0.0,food transaction #949,None,2024,10,Oct,Q4,Monday,False
TXN100836,2024-01-08,Expense,Subscriptions,Memberships,1991.6,Unknown,Primary Savings,Yes,Discretionary,Employer,1500.0,Subscriptions transaction #836,reimbursable,2024,1,Jan,Q1,Monday,False
TXN100961,2025-11-12,Expense,Education,Courses,5719.92,Credit Card,Salary Account,No,Discretionary,Employer,4000.0,Education transaction #961,None,2025,11,Nov,Q4,Wednesday,False
TXN101302,2025-11-27,Expense,Food,Dining Out,6884.71,Unknown,Salary Account,No,Discretionary,Landlord,8000.0,Food transaction #1302,reimbursable,2025,11,Nov,Q4,Thursday,False
TXN102019,2024-08-15,Expense,Food,Snacks,7722.47,Net Banking,Salary Account,No,Discretionary,Apollo Pharmacy,8000.0,Food transaction #2019,None,2024,8,Aug,Q3,Thursday,False
TXN100538,2025-12-09,Expense,Uncategorized,General,2095.83,UPI,Credit Card A/C,Yes,Discretionary,Local Store,0.0,Misc transaction #538,None,2025,12,Dec,Q4,Tuesday,False
TXN100846,2025-03-15,Expense,Rent,Housing,6145.48,Debit Card,Salary Account,Yes,Essential,Freelance Client,15000.0,Rent transaction #846,review,2025,3,Mar,Q1,Saturday,False
TXN101101,2025-07-06,Expense,Transport,Public Transit,3025.18,Cash,Salary Account,No,Discretionary,Netflix,4000.0,Transport transaction #1101,None,2025,7,Jul,Q3,Sunday,False
TXN102117,2025-10-14,Expense,Shopping,Electronics,7497.0,Unknown,Cash Wallet,Yes,Discretionary,Local Store,5000.0,Shopping transaction #2117,reimbursable,2025,10,Oct,Q4,Tuesday,False
TXN101764,2024-09-10,Expense,Entertainment,Streaming,7539.66,Debit Card,Salary Account,No,Discretionary,Unknown Merchant,2500.0,Entertainment transaction #1764,None,2024,9,Sep,Q3,Tuesday,False
TXN100194,2024-08-23,Expense,Entertainment,Movies,7502.41,Unknown,Primary Savings,Yes,Discretionary,Freelance Client,2500.0,Entertainment transaction #194,None,2024,8,Aug,Q3,Friday,False
TXN100217,2024-03-25,Expense,Shopping,Home Goods,1276.5,Cash,Credit Card A/C,No,Discretionary,Zomato,5000.0,Shopping transaction #217,one-time,2024,3,Mar,Q1,Monday,False
TXN101755,2025-10-08,Expense,Subscriptions,Memberships,966.54,UPI,Cash Wallet,Yes,Discretionary,Uber,1500.0,Subscriptions transaction #1755,reimbursable,2025,10,Oct,Q4,Wednesday,False
TXN101095,2024-07-21,Expense,Groceries,Groceries,3744.87,UPI,Primary Savings,No,Essential,Apollo Pharmacy,6000.0,Groceries transaction #1095,review,2024,7,Jul,Q3,Sunday,False
TXN101165,2025-03-26,Income,Gift,General,76659.76,Bank Transfer,Salary Account,No,N/A,Amazon,0.0,Gift transaction #1165,None,2025,3,Mar,Q1,Wednesday,False
TXN101796,2024-01-19,Expense,Education,Books,4661.88,Debit Card,Primary Savings,No,Discretionary,Apollo Pharmacy,4000.0,Education transaction #1796,None,2024,1,Jan,Q1,Friday,False
TXN102297,2025-02-24,Expense,Healthcare,Insurance Premium,3435.59,Credit Card,Credit Card A/C,No,Essential,Unknown Merchant,3000.0,Healthcare transaction #2297,None,2025,2,Feb,Q1,Monday,False
TXN100763,2025-04-20,Expense,Food,Groceries,1976.23,Cash,Salary Account,No,Discretionary,Netflix,0.0,food transaction #763,None,2025,4,Apr,Q2,Sunday,False
TXN102363,2024-12-14,Expense,Food,Snacks,6693.12,UPI,Cash Wallet,No,Discretionary,Swiggy,0.0,food transaction #2363,one-time,2024,12,Dec,Q4,Saturday,False
TXN100871,2025-05-18,Expense,Food,Groceries,7649.0,Debit Card,Primary Savings,No,Discretionary,Zomato,0.0,food transaction #871,None,2025,5,May,Q2,Sunday,False
TXN102218,2025-01-13,Expense,Insurance,Vehicle,7333.17,Cash,Credit Card A/C,Yes,Essential,Zomato,2000.0,Insurance transaction #2218,None,2025,1,Jan,Q1,Monday,False
TXN101516,2025-11-10,Expense,Healthcare,Insurance Premium,3106.57,Credit Card,Cash Wallet,No,Essential,Unknown Merchant,3000.0,Healthcare transaction #1516,None,2025,11,Nov,Q4,Monday,False
TXN100975,2024-01-10,Expense,Entertainment,Events,4050.48,Debit Card,Cash Wallet,Yes,Discretionary,Swiggy,2500.0,Entertainment transaction #975,review,2024,1,Jan,Q1,Wednesday,False
TXN100888,2024-07-18,Expense,Shopping,Home Goods,1079.66,Unknown,Primary Savings,No,Discretionary,Local Store,5000.0,Shopping transaction #888,reimbursable,2024,7,Jul,Q3,Thursday,False
TXN101951,2024-05-02,Income,Freelance,General,59067.82,Bank Transfer,Salary Account,No,N/A,Freelance Client,0.0,Freelance transaction #1951,review,2024,5,May,Q2,Thursday,False
TXN101629,2025-11-29,Expense,Subscriptions,Streaming,7214.3,Cash,Salary Account,Yes,Discretionary,BESCOM,1500.0,Subscriptions transaction #1629,review,2025,11,Nov,Q4,Saturday,False
TXN102458,2024-09-21,Expense,Shopping,Home Goods,5617.23,Unknown,Primary Savings,No,Discretionary,Employer,5000.0,Shopping transaction #2458,reimbursable,2024,9,Sep,Q3,Saturday,False
TXN100632,2024-01-22,Expense,Groceries,Groceries,5314.68,UPI,Salary Account,No,Essential,Landlord,6000.0,Groceries transaction #632,review,2024,1,Jan,Q1,Monday,False
TXN101766,2024-09-21,Expense,Healthcare,Doctor Visit,7053.29,Cash,Credit Card A/C,Yes,Essential,Landlord,3000.0,Healthcare transaction #1766,review,2024,9,Sep,Q3,Saturday,False
TXN101864,2025-03-11,Expense,Rent,Housing,883.25,Credit Card,Salary Account,Yes,Essential,Freelance Client,15000.0,Rent transaction #1864,None,2025,3,Mar,Q1,Tuesday,False
TXN100141,2024-12-31,Expense,Entertainment,Movies,5044.64,Net Banking,Credit Card A/C,Yes,Discretionary,Amazon,2500.0,Entertainment transaction #141,review,2024,12,Dec,Q4,Tuesday,False
TXN100815,2024-12-30,Expense,Rent,Housing,4147.71,Debit Card,Cash Wallet,Yes,Essential,Swiggy,15000.0,Rent transaction #815,None,2024,12,Dec,Q4,Monday,False
TXN100081,2025-08-08,Expense,Uncategorized,General,2579.5,Cash,Cash Wallet,No,Discretionary,Freelance Client,0.0,Misc transaction #81,None,2025,8,Aug,Q3,Friday,False
TXN100155,2025-07-18,Expense,Rent,Housing,7290.16,UPI,Primary Savings,Yes,Essential,Landlord,15000.0,Rent transaction #155,None,2025,7,Jul,Q3,Friday,False
TXN102100,2024-03-16,Expense,Groceries,Groceries,4633.8,Cash,Cash Wallet,No,Essential,Local Store,6000.0,Groceries transaction #2100,None,2024,3,Mar,Q1,Saturday,False
TXN101990,2025-03-21,Expense,Food,Dining Out,7950.05,Cash,Primary Savings,Yes,Discretionary,Amazon,8000.0,Food transaction #1990,None,2025,3,Mar,Q1,Friday,False
TXN102487,2025-04-09,Expense,Education,Books,3668.9,Debit Card,Salary Account,Yes,Discretionary,BESCOM,4000.0,Education transaction #2487,None,2025,4,Apr,Q2,Wednesday,False
TXN101936,2025-09-28,Expense,Shopping,Home Goods,6857.26,Debit Card,Credit Card A/C,No,Discretionary,Apollo Pharmacy,5000.0,Shopping transaction #1936,reimbursable,2025,9,Sep,Q3,Sunday,False
TXN101148,2024-11-30,Expense,Healthcare,Doctor Visit,5093.27,Unknown,Primary Savings,Yes,Essential,Landlord,3000.0,Healthcare transaction #1148,reimbursable,2024,11,Nov,Q4,Saturday,False
TXN100183,2024-04-07,Expense,Rent,Housing,2021.97,Debit Card,Cash Wallet,Yes,Essential,BESCOM,15000.0,Rent transaction #183,None,2024,4,Apr,Q2,Sunday,False
TXN100610,2024-02-24,Expense,Healthcare,Insurance Premium,1473.81,Net Banking,Credit Card A/C,Yes,Essential,Netflix,3000.0,Healthcare transaction #610,None,2024,2,Feb,Q1,Saturday,False
TXN100880,2024-01-13,Expense,Shopping,Clothing,3784.63,Credit Card,Credit Card A/C,No,Discretionary,Local Store,5000.0,Shopping transaction #880,review,2024,1,Jan,Q1,Saturday,False
TXN101353,2024-09-08,Expense,Entertainment,Movies,4130.3,UPI,Primary Savings,No,Discretionary,Swiggy,2500.0,Entertainment transaction #1353,None,2024,9,Sep,Q3,Sunday,False
TXN100318,2025-09-06,Expense,Entertainment,Events,252.37,Cash,Credit Card A/C,No,Discretionary,Local Store,2500.0,Entertainment transaction #318,reimbursable,2025,9,Sep,Q3,Saturday,False
TXN102335,2024-12-08,Expense,Insurance,Vehicle,7267.59,Debit Card,Primary Savings,Yes,Essential,Unknown Merchant,2000.0,Insurance transaction #2335,one-time,2024,12,Dec,Q4,Sunday,False
TXN100160,2024-11-22,Expense,Entertainment,Streaming,2995.79,Net Banking,Primary Savings,No,Discretionary,BESCOM,2500.0,Entertainment transaction #160,None,2024,11,Nov,Q4,Friday,False
TXN100361,2024-02-10,Expense,Entertainment,Events,7462.44,Net Banking,Credit Card A/C,No,Discretionary,Employer,2500.0,Entertainment transaction #361,review,2024,2,Feb,Q1,Saturday,False
TXN101617,2024-11-11,Expense,Transport,Fuel,6451.85,UPI,Cash Wallet,Yes,Discretionary,BESCOM,4000.0,Transport transaction #1617,one-time,2024,11,Nov,Q4,Monday,False
TXN100094,2024-05-06,Expense,Insurance,Vehicle,4697.25,Unknown,Credit Card A/C,Yes,Essential,Zomato,2000.0,Insurance transaction #94,reimbursable,2024,5,May,Q2,Monday,False
TXN102276,2025-09-24,Expense,Healthcare,Pharmacy,2399.15,Credit Card,Salary Account,Yes,Essential,Amazon,3000.0,Healthcare transaction #2276,reimbursable,2025,9,Sep,Q3,Wednesday,False
TXN102475,2025-03-07,Expense,Food,Dining Out,2838.32,Debit Card,Primary Savings,Yes,Discretionary,Uber,0.0,food transaction #2475,review,2025,3,Mar,Q1,Friday,False
TXN100333,2025-09-15,Expense,Utilities,Internet,2895.48,Cash,Credit Card A/C,Yes,Essential,Amazon,3000.0,Utilities transaction #333,review,2025,9,Sep,Q3,Monday,False
TXN102194,2025-03-24,Expense,Education,Courses,3931.37,Net Banking,Primary Savings,Yes,Discretionary,Apollo Pharmacy,4000.0,Education transaction #2194,None,2025,3,Mar,Q1,Monday,False
TXN100458,2024-02-27,Expense,Entertainment,Streaming,3502.72,UPI,Salary Account,Yes,Discretionary,Freelance Client,2500.0,Entertainment transaction #458,None,2024,2,Feb,Q1,Tuesday,False
TXN101649,2024-07-26,Expense,Rent,Housing,4561.37,Net Banking,Cash Wallet,Yes,Essential,Swiggy,15000.0,Rent transaction #1649,None,2024,7,Jul,Q3,Friday,False
TXN102128,2025-10-02,Expense,Rent,Housing,3766.14,Credit Card,Salary Account,Yes,Essential,Zomato,15000.0,Rent transaction #2128,review,2025,10,Oct,Q4,Thursday,False
TXN102422,2025-11-24,Expense,Groceries,Groceries,3842.66,Debit Card,Cash Wallet,Yes,Essential,Uber,6000.0,Groceries transaction #2422,None,2025,11,Nov,Q4,Monday,False
TXN100508,2025-01-27,Income,Bonus,General,47434.17,Bank Transfer,Salary Account,No,N/A,Unknown Merchant,0.0,Bonus transaction #508,review,2025,1,Jan,Q1,Monday,False
TXN101205,2024-07-18,Expense,Groceries,Groceries,284.43,Cash,Primary Savings,No,Essential,Zomato,6000.0,Groceries transaction #1205,review,2024,7,Jul,Q3,Thursday,False
TXN100447,2024-06-06,Expense,Entertainment,Streaming,928.19,Net Banking,Primary Savings,Yes,Discretionary,Swiggy,2500.0,Entertainment transaction #447,None,2024,6,Jun,Q2,Thursday,False
TXN100446,2024-07-08,Expense,Groceries,Groceries,1948.35,Unknown,Primary Savings,No,Essential,BESCOM,6000.0,Groceries transaction #446,reimbursable,2024,7,Jul,Q3,Monday,False
TXN100974,2025-08-17,Expense,Insurance,Vehicle,4978.02,UPI,Credit Card A/C,Yes,Essential,Swiggy,2000.0,Insurance transaction #974,None,2025,8,Aug,Q3,Sunday,False
TXN100778,2024-03-12,Expense,Food,Snacks,7509.28,Credit Card,Primary Savings,Yes,Discretionary,Employer,8000.0,Food transaction #778,None,2024,3,Mar,Q1,Tuesday,False
TXN101044,2025-12-05,Expense,Utilities,Internet,6283.23,Unknown,Cash Wallet,Yes,Essential,Unknown Merchant,3000.0,Utilities transaction #1044,None,2025,12,Dec,Q4,Friday,False
TXN102208,2025-12-13,Income,Investment,General,84085.87,Bank Transfer,Salary Account,No,N/A,Swiggy,0.0,Investment transaction #2208,None,2025,12,Dec,Q4,Saturday,False
TXN102370,2025-06-02,Expense,Utilities,Internet,1867.7,Debit Card,Cash Wallet,Yes,Essential,Local Store,3000.0,Utilities transaction #2370,one-time,2025,6,Jun,Q2,Monday,False
TXN100346,2024-12-05,Expense,Groceries,Groceries,2938.19,Cash,Primary Savings,Yes,Essential,Freelance Client,6000.0,Groceries transaction #346,review,2024,12,Dec,Q4,Thursday,False
TXN102271,2024-10-15,Expense,Transport,Public Transit,2041.73,Credit Card,Credit Card A/C,Yes,Discretionary,Amazon,4000.0,Transport transaction #2271,None,2024,10,Oct,Q4,Tuesday,False
TXN102064,2025-07-13,Income,Investment,General,81199.48,Bank Transfer,Salary Account,No,N/A,Employer,0.0,Investment transaction #2064,reimbursable,2025,7,Jul,Q3,Sunday,False
TXN100339,2024-04-16,Expense,Groceries,Groceries,5443.23,Credit Card,Cash Wallet,No,Essential,Employer,6000.0,Groceries transaction #339,review,2024,4,Apr,Q2,Tuesday,False
TXN101437,2024-06-19,Expense,Education,Tuition,5433.28,Net Banking,Credit Card A/C,No,Discretionary,Swiggy,4000.0,Education transaction #1437,review,2024,6,Jun,Q2,Wednesday,False
TXN101018,2025-08-06,Expense,Rent,Housing,3290.56,Net Banking,Salary Account,Yes,Essential,Employer,15000.0,Rent transaction #1018,None,2025,8,Aug,Q3,Wednesday,False
TXN100973,2025-11-14,Expense,Shopping,Home Goods,3738.51,Cash,Salary Account,Yes,Discretionary,Netflix,5000.0,Shopping transaction #973,None,2025,11,Nov,Q4,Friday,False
TXN101038,2025-05-15,Expense,Insurance,Life,2179.99,Credit Card,Cash Wallet,Yes,Essential,Amazon,2000.0,Insurance transaction #1038,review,2025,5,May,Q2,Thursday,False
TXN100550,2025-11-25,Expense,Food,Snacks,1141.77,Credit Card,Primary Savings,Yes,Discretionary,Uber,0.0,food transaction #550,one-time,2025,11,Nov,Q4,Tuesday,False
TXN101486,2025-11-04,Expense,Uncategorized,General,6559.25,Debit Card,Primary Savings,No,Discretionary,Local Store,0.0,Misc transaction #1486,None,2025,11,Nov,Q4,Tuesday,False
TXN101875,2025-04-06,Expense,Food,Snacks,3117.38,Cash,Salary Account,No,Discretionary,Employer,0.0,food transaction #1875,None,2025,4,Apr,Q2,Sunday,False
TXN101239,2025-11-06,Expense,Entertainment,Streaming,6123.61,Cash,Credit Card A/C,No,Discretionary,BESCOM,2500.0,Entertainment transaction #1239,reimbursable,2025,11,Nov,Q4,Thursday,False
TXN101978,2025-04-11,Expense,Rent,Housing,1444.76,Unknown,Salary Account,Yes,Essential,Apollo Pharmacy,15000.0,Rent transaction #1978,one-time,2025,4,Apr,Q2,Friday,False
TXN100887,2024-11-18,Income,Investment,General,20593.51,Bank Transfer,Salary Account,No,N/A,Uber,0.0,Investment transaction #887,reimbursable,2024,11,Nov,Q4,Monday,False
TXN100400,2025-02-10,Expense,Shopping,Home Goods,3885.62,Debit Card,Cash Wallet,No,Discretionary,Netflix,5000.0,Shopping transaction #400,one-time,2025,2,Feb,Q1,Monday,False
TXN101819,2024-11-08,Expense,Food,Groceries,1559.48,Unknown,Salary Account,Yes,Discretionary,BESCOM,0.0,food transaction #1819,review,2024,11,Nov,Q4,Friday,False
TXN101468,2025-03-01,Expense,Groceries,Groceries,4897.45,Debit Card,Salary Account,Yes,Essential,Zomato,6000.0,Groceries transaction #1468,None,2025,3,Mar,Q1,Saturday,False
TXN101272,2025-10-11,Expense,Healthcare,Doctor Visit,4638.9,Debit Card,Salary Account,Yes,Essential,Uber,3000.0,Healthcare transaction #1272,None,2025,10,Oct,Q4,Saturday,False
TXN100991,2025-07-01,Expense,Shopping,Home Goods,193.85,Cash,Primary Savings,No,Discretionary,Local Store,5000.0,Shopping transaction #991,one-time,2025,7,Jul,Q3,Tuesday,False
TXN102041,2025-12-11,Expense,Education,Books,241.36,Debit Card,Credit Card A/C,Yes,Discretionary,Freelance Client,4000.0,Education transaction #2041,None,2025,12,Dec,Q4,Thursday,False
TXN101848,2025-11-28,Expense,Rent,Housing,969.47,Net Banking,Credit Card A/C,Yes,Essential,Apollo Pharmacy,15000.0,Rent transaction #1848,None,2025,11,Nov,Q4,Friday,False
TXN100943,2024-05-30,Expense,Food,Snacks,181.87,Cash,Salary Account,No,Discretionary,Amazon,0.0,food transaction #943,None,2024,5,May,Q2,Thursday,False
TXN100450,2024-02-11,Expense,Utilities,Electricity,7686.66,UPI,Primary Savings,Yes,Essential,Landlord,3000.0,Utilities transaction #450,review,2024,2,Feb,Q1,Sunday,False
TXN102260,2025-01-03,Expense,Education,Courses,3741.67,Credit Card,Primary Savings,Yes,Discretionary,Landlord,4000.0,Education transaction #2260,None,2025,1,Jan,Q1,Friday,False
TXN101696,2024-01-07,Expense,Shopping,Home Goods,836.85,Net Banking,Salary Account,Yes,Discretionary,Uber,5000.0,Shopping transaction #1696,None,2024,1,Jan,Q1,Sunday,False
TXN100393,2025-08-27,Income,Bonus,General,46982.33,Bank Transfer,Salary Account,No,N/A,Zomato,0.0,Bonus transaction #393,reimbursable,2025,8,Aug,Q3,Wednesday,False
TXN102449,2025-09-06,Expense,Rent,Housing,4321.21,UPI,Credit Card A/C,Yes,Essential,Zomato,15000.0,Rent transaction #2449,reimbursable,2025,9,Sep,Q3,Saturday,False
TXN101863,2025-04-07,Expense,Healthcare,Pharmacy,6017.37,Net Banking,Credit Card A/C,No,Essential,Uber,3000.0,Healthcare transaction #1863,None,2025,4,Apr,Q2,Monday,False
TXN100675,2024-05-12,Expense,Rent,Housing,3357.08,Cash,Credit Card A/C,Yes,Essential,BESCOM,15000.0,Rent transaction #675,None,2024,5,May,Q2,Sunday,False
TXN100823,2025-11-05,Expense,Rent,Housing,4205.2,Debit Card,Salary Account,Yes,Essential,Unknown Merchant,15000.0,Rent transaction #823,None,2025,11,Nov,Q4,Wednesday,False
TXN102126,2024-11-24,Expense,Entertainment,Streaming,1058.36,Cash,Primary Savings,No,Discretionary,Uber,2500.0,Entertainment transaction #2126,reimbursable,2024,11,Nov,Q4,Sunday,False
TXN100301,2024-02-15,Expense,Healthcare,Doctor Visit,2185.07,UPI,Salary Account,Yes,Essential,Zomato,3000.0,Healthcare transaction #301,one-time,2024,2,Feb,Q1,Thursday,False
TXN101745,2024-02-26,Expense,Insurance,Health,6630.0,UPI,Cash Wallet,Yes,Essential,Freelance Client,2000.0,Insurance transaction #1745,None,2024,2,Feb,Q1,Monday,False
TXN100479,2025-04-13,Expense,Shopping,Electronics,4883.04,Cash,Credit Card A/C,No,Discretionary,Employer,5000.0,Shopping transaction #479,reimbursable,2025,4,Apr,Q2,Sunday,False
TXN102388,2025-05-20,Expense,Utilities,Water,2672.94,Net Banking,Salary Account,Yes,Essential,Freelance Client,3000.0,Utilities transaction #2388,None,2025,5,May,Q2,Tuesday,False
TXN100560,2025-04-13,Expense,Insurance,Health,1657.58,Credit Card,Primary Savings,Yes,Essential,Unknown Merchant,2000.0,Insurance transaction #560,None,2025,4,Apr,Q2,Sunday,False
TXN101894,2024-02-22,Income,Investment,General,46780.03,Bank Transfer,Salary Account,No,N/A,Local Store,0.0,Investment transaction #1894,None,2024,2,Feb,Q1,Thursday,False
TXN101853,2025-07-01,Expense,Uncategorized,General,593.12,Credit Card,Cash Wallet,No,Discretionary,BESCOM,0.0,Misc transaction #1853,one-time,2025,7,Jul,Q3,Tuesday,False
TXN101810,2025-09-02,Expense,Rent,Housing,1483.33,Net Banking,Salary Account,Yes,Essential,Unknown Merchant,15000.0,Rent transaction #1810,None,2025,9,Sep,Q3,Tuesday,False
TXN100772,2025-02-01,Expense,Uncategorized,General,2689.77,Unknown,Credit Card A/C,No,Discretionary,Zomato,0.0,Misc transaction #772,reimbursable,2025,2,Feb,Q1,Saturday,False
TXN102131,2024-02-24,Income,Bonus,General,38917.4,Bank Transfer,Salary Account,No,N/A,Freelance Client,0.0,Bonus transaction #2131,None,2024,2,Feb,Q1,Saturday,False
TXN101479,2025-01-12,Expense,Groceries,Groceries,2321.83,Credit Card,Primary Savings,No,Essential,Netflix,6000.0,Groceries transaction #1479,reimbursable,2025,1,Jan,Q1,Sunday,False
TXN100841,2024-06-06,Expense,Healthcare,Pharmacy,5270.24,Credit Card,Cash Wallet,No,Essential,Uber,3000.0,Healthcare transaction #841,None,2024,6,Jun,Q2,Thursday,False
TXN102278,2024-08-14,Expense,Entertainment,Movies,1012.82,Credit Card,Salary Account,Yes,Discretionary,Netflix,2500.0,Entertainment transaction #2278,None,2024,8,Aug,Q3,Wednesday,False
TXN102320,2024-03-09,Expense,Shopping,Electronics,1242.11,Debit Card,Salary Account,No,Discretionary,BESCOM,5000.0,Shopping transaction #2320,reimbursable,2024,3,Mar,Q1,Saturday,False
TXN102122,2024-05-16,Expense,Uncategorized,General,3188.53,Cash,Cash Wallet,Yes,Discretionary,Netflix,0.0,Misc transaction #2122,None,2024,5,May,Q2,Thursday,False
TXN101756,2025-11-19,Expense,Groceries,Groceries,1041.28,UPI,Salary Account,Yes,Essential,Employer,6000.0,Groceries transaction #1756,None,2025,11,Nov,Q4,Wednesday,False
TXN100040,2024-11-04,Expense,Food,Dining Out,3467.61,Net Banking,Credit Card A/C,No,Discretionary,Apollo Pharmacy,8000.0,Food transaction #40,one-time,2024,11,Nov,Q4,Monday,False
TXN102182,2025-09-19,Expense,Transport,Cab,1706.09,UPI,Credit Card A/C,No,Discretionary,Uber,4000.0,Transport transaction #2182,reimbursable,2025,9,Sep,Q3,Friday,False
TXN101645,2024-12-03,Expense,Groceries,Groceries,642.54,UPI,Primary Savings,No,Essential,Local Store,6000.0,Groceries transaction #1645,one-time,2024,12,Dec,Q4,Tuesday,False
TXN101648,2025-02-12,Expense,Groceries,Groceries,3782.0,Net Banking,Primary Savings,No,Essential,Landlord,6000.0,Groceries transaction #1648,reimbursable,2025,2,Feb,Q1,Wednesday,False
TXN100662,2024-04-06,Expense,Subscriptions,Memberships,2875.89,Net Banking,Primary Savings,Yes,Discretionary,Landlord,1500.0,Subscriptions transaction #662,one-time,2024,4,Apr,Q2,Saturday,False
TXN101014,2025-08-18,Expense,Transport,Cab,309.17,Unknown,Salary Account,No,Discretionary,Freelance Client,4000.0,Transport transaction #1014,None,2025,8,Aug,Q3,Monday,False
TXN100583,2024-07-19,Income,Gift,General,79461.6,Bank Transfer,Salary Account,No,N/A,Freelance Client,0.0,Gift transaction #583,reimbursable,2024,7,Jul,Q3,Friday,False
TXN101394,2024-03-22,Expense,Transport,Cab,1082.53,Unknown,Credit Card A/C,Yes,Discretionary,Freelance Client,4000.0,Transport transaction #1394,None,2024,3,Mar,Q1,Friday,False
TXN101772,2025-02-06,Expense,Education,Tuition,1563.0,Net Banking,Credit Card A/C,No,Discretionary,Amazon,4000.0,Education transaction #1772,None,2025,2,Feb,Q1,Thursday,False
TXN101748,2024-06-27,Expense,Insurance,Life,3453.55,Unknown,Credit Card A/C,Yes,Essential,Zomato,2000.0,Insurance transaction #1748,review,2024,6,Jun,Q2,Thursday,False
TXN100358,2024-08-18,Expense,Subscriptions,Memberships,6053.11,Net Banking,Salary Account,Yes,Discretionary,Unknown Merchant,1500.0,Subscriptions transaction #358,None,2024,8,Aug,Q3,Sunday,False
TXN100852,2025-01-05,Expense,Groceries,Groceries,2243.78,Net Banking,Cash Wallet,Yes,Essential,Zomato,6000.0,Groceries transaction #852,None,2025,1,Jan,Q1,Sunday,False
TXN100104,2025-02-15,Expense,Food,Dining Out,3576.32,UPI,Credit Card A/C,Yes,Discretionary,Zomato,0.0,food transaction #104,reimbursable,2025,2,Feb,Q1,Saturday,False
TXN100234,2024-04-26,Expense,Healthcare,Insurance Premium,2541.56,Cash,Cash Wallet,Yes,Essential,Uber,3000.0,Healthcare transaction #234,None,2024,4,Apr,Q2,Friday,False
TXN100694,2025-06-25,Income,Freelance,General,51880.27,Bank Transfer,Salary Account,No,N/A,Amazon,0.0,Freelance transaction #694,None,2025,6,Jun,Q2,Wednesday,False
TXN100193,2025-02-06,Expense,Subscriptions,Streaming,6061.63,Debit Card,Cash Wallet,Yes,Discretionary,Freelance Client,1500.0,Subscriptions transaction #193,one-time,2025,2,Feb,Q1,Thursday,False
TXN100616,2024-12-23,Expense,Groceries,Groceries,5019.97,Cash,Primary Savings,No,Essential,Uber,6000.0,Groceries transaction #616,None,2024,12,Dec,Q4,Monday,False
TXN101339,2024-04-24,Expense,Groceries,Groceries,1963.41,Credit Card,Credit Card A/C,No,Essential,BESCOM,6000.0,Groceries transaction #1339,None,2024,4,Apr,Q2,Wednesday,False
TXN101048,2025-01-26,Income,Bonus,General,70929.02,Bank Transfer,Salary Account,No,N/A,Uber,0.0,Bonus transaction #1048,one-time,2025,1,Jan,Q1,Sunday,False
TXN101055,2025-10-27,Expense,Utilities,Internet,6432.37,Unknown,Credit Card A/C,No,Essential,Apollo Pharmacy,3000.0,Utilities transaction #1055,review,2025,10,Oct,Q4,Monday,False
TXN101364,2025-07-15,Expense,Groceries,Groceries,1268.97,Cash,Credit Card A/C,No,Essential,Unknown Merchant,6000.0,Groceries transaction #1364,None,2025,7,Jul,Q3,Tuesday,False
TXN101836,2025-01-14,Expense,Food,Groceries,5453.27,Unknown,Cash Wallet,No,Discretionary,Zomato,8000.0,Food transaction #1836,reimbursable,2025,1,Jan,Q1,Tuesday,False
TXN100633,2025-01-06,Expense,Insurance,Life,1929.24,Cash,Cash Wallet,Yes,Essential,Amazon,2000.0,Insurance transaction #633,None,2025,1,Jan,Q1,Monday,False
TXN100384,2024-03-05,Expense,Transport,Fuel,4167.19,Debit Card,Cash Wallet,No,Discretionary,Apollo Pharmacy,4000.0,Transport transaction #384,review,2024,3,Mar,Q1,Tuesday,False
TXN100849,2025-03-13,Expense,Utilities,Electricity,2280.42,Debit Card,Cash Wallet,Yes,Essential,Uber,3000.0,Utilities transaction #849,None,2025,3,Mar,Q1,Thursday,False
TXN101861,2025-05-17,Expense,Subscriptions,Memberships,4183.2,Net Banking,Primary Savings,Yes,Discretionary,Employer,1500.0,Subscriptions transaction #1861,one-time,2025,5,May,Q2,Saturday,False
TXN100713,2024-12-15,Expense,Groceries,Groceries,5550.17,Unknown,Primary Savings,No,Essential,Amazon,6000.0,Groceries transaction #713,one-time,2024,12,Dec,Q4,Sunday,False
TXN102307,2024-01-28,Expense,Food,Snacks,2372.81,Debit Card,Salary Account,No,Discretionary,Netflix,8000.0,Food transaction #2307,None,2024,1,Jan,Q1,Sunday,False
TXN100089,2024-04-19,Expense,Groceries,Groceries,7941.9,Debit Card,Primary Savings,No,Essential,Netflix,6000.0,Groceries transaction #89,review,2024,4,Apr,Q2,Friday,False
TXN101308,2024-03-14,Income,Bonus,General,86570.89,Bank Transfer,Salary Account,No,N/A,Local Store,0.0,Bonus transaction #1308,None,2024,3,Mar,Q1,Thursday,False
TXN100307,2025-04-29,Income,Investment,General,48208.18,Bank Transfer,Salary Account,No,N/A,Employer,0.0,Investment transaction #307,None,2025,4,Apr,Q2,Tuesday,False
TXN101220,2024-04-29,Expense,Food,Groceries,7326.2,Debit Card,Salary Account,No,Discretionary,BESCOM,8000.0,Food transaction #1220,None,2024,4,Apr,Q2,Monday,False
TXN100742,2025-10-27,Income,Freelance,General,82641.92,Bank Transfer,Salary Account,No,N/A,Apollo Pharmacy,0.0,Freelance transaction #742,None,2025,10,Oct,Q4,Monday,False
TXN100921,2025-04-06,Expense,Rent,Housing,1470.48,Net Banking,Primary Savings,Yes,Essential,Zomato,15000.0,Rent transaction #921,one-time,2025,4,Apr,Q2,Sunday,False
TXN100210,2025-06-23,Expense,Entertainment,Streaming,678.2,Cash,Cash Wallet,Yes,Discretionary,Unknown Merchant,2500.0,Entertainment transaction #210,None,2025,6,Jun,Q2,Monday,False
TXN100383,2025-09-20,Expense,Uncategorized,General,3597.45,Credit Card,Salary Account,No,Discretionary,Uber,0.0,Misc transaction #383,None,2025,9,Sep,Q3,Saturday,False
TXN100690,2025-11-12,Expense,Groceries,Groceries,2312.06,Unknown,Salary Account,No,Essential,Landlord,6000.0,Groceries transaction #690,reimbursable,2025,11,Nov,Q4,Wednesday,False
TXN100708,2024-10-02,Expense,Groceries,Groceries,4459.92,Credit Card,Credit Card A/C,No,Essential,Apollo Pharmacy,6000.0,Groceries transaction #708,None,2024,10,Oct,Q4,Wednesday,False
TXN100402,2025-07-17,Expense,Insurance,Vehicle,3143.37,Unknown,Primary Savings,Yes,Essential,Zomato,2000.0,Insurance transaction #402,reimbursable,2025,7,Jul,Q3,Thursday,False
TXN101185,2024-10-09,Expense,Insurance,Vehicle,5352.48,Debit Card,Credit Card A/C,Yes,Essential,Zomato,2000.0,Insurance transaction #1185,one-time,2024,10,Oct,Q4,Wednesday,False
TXN100998,2024-07-27,Expense,Education,Courses,4446.08,UPI,Credit Card A/C,Yes,Discretionary,Amazon,4000.0,Education transaction #998,review,2024,7,Jul,Q3,Saturday,False
TXN101523,2024-07-01,Expense,Entertainment,Streaming,4624.78,Cash,Salary Account,Yes,Discretionary,Uber,2500.0,Entertainment transaction #1523,None,2024,7,Jul,Q3,Monday,False
TXN101614,2024-01-08,Income,Gift,General,65924.48,Bank Transfer,Salary Account,No,N/A,Employer,0.0,Gift transaction #1614,reimbursable,2024,1,Jan,Q1,Monday,False
TXN100403,2025-03-21,Income,Investment,General,35523.92,Bank Transfer,Salary Account,No,N/A,Zomato,0.0,Investment transaction #403,one-time,2025,3,Mar,Q1,Friday,False
TXN102264,2024-05-29,Income,Gift,General,70776.97,Bank Transfer,Salary Account,No,N/A,Unknown Merchant,0.0,Gift transaction #2264,None,2024,5,May,Q2,Wednesday,False
TXN101082,2025-01-17,Expense,Healthcare,Insurance Premium,369.03,Credit Card,Primary Savings,No,Essential,Local Store,3000.0,Healthcare transaction #1082,one-time,2025,1,Jan,Q1,Friday,False
TXN102215,2024-07-16,Expense,Subscriptions,Streaming,4687.58,Debit Card,Salary Account,Yes,Discretionary,Local Store,1500.0,Subscriptions transaction #2215,one-time,2024,7,Jul,Q3,Tuesday,False
TXN100441,2025-05-01,Expense,Rent,Housing,2027.34,Cash,Primary Savings,Yes,Essential,Freelance Client,15000.0,Rent transaction #441,review,2025,5,May,Q2,Thursday,False
TXN101693,2025-07-23,Expense,Education,Books,4546.47,Credit Card,Primary Savings,Yes,Discretionary,Employer,4000.0,Education transaction #1693,None,2025,7,Jul,Q3,Wednesday,False
TXN102063,2025-06-29,Expense,Uncategorized,General,7535.96,Unknown,Primary Savings,Yes,Discretionary,Local Store,0.0,Misc transaction #2063,reimbursable,2025,6,Jun,Q2,Sunday,False
TXN100558,2025-03-31,Expense,Entertainment,Streaming,5430.98,Debit Card,Salary Account,Yes,Discretionary,Uber,2500.0,Entertainment transaction #558,one-time,2025,3,Mar,Q1,Monday,False
TXN100860,2024-11-28,Income,Gift,General,38482.67,Bank Transfer,Salary Account,No,N/A,Swiggy,0.0,Gift transaction #860,None,2024,11,Nov,Q4,Thursday,False
TXN101133,2024-01-01,Expense,Shopping,Home Goods,5067.47,Debit Card,Cash Wallet,No,Discretionary,Freelance Client,5000.0,Shopping transaction #1133,None,2024,1,Jan,Q1,Monday,False
TXN102401,2025-02-10,Income,Salary,General,39054.04,Bank Transfer,Salary Account,Yes,N/A,Employer,0.0,Salary transaction #2401,None,2025,2,Feb,Q1,Monday,False
TXN102419,2024-08-20,Expense,Food,Dining Out,1489.94,Credit Card,Primary Savings,Yes,Discretionary,Apollo Pharmacy,0.0,food transaction #2419,reimbursable,2024,8,Aug,Q3,Tuesday,False
TXN100086,2025-01-18,Expense,Transport,Public Transit,5470.31,Credit Card,Salary Account,Yes,Discretionary,Zomato,4000.0,Transport transaction #86,review,2025,1,Jan,Q1,Saturday,False
TXN101613,2025-10-25,Income,Gift,General,60548.82,Bank Transfer,Salary Account,No,N/A,Uber,0.0,Gift transaction #1613,one-time,2025,10,Oct,Q4,Saturday,False
TXN102368,2025-02-21,Expense,Healthcare,Doctor Visit,3074.41,Cash,Salary Account,No,Essential,Freelance Client,3000.0,Healthcare transaction #2368,None,2025,2,Feb,Q1,Friday,False
TXN100462,2024-07-21,Expense,Insurance,Vehicle,4947.17,Unknown,Salary Account,Yes,Essential,BESCOM,2000.0,Insurance transaction #462,None,2024,7,Jul,Q3,Sunday,False
TXN100814,2024-01-10,Expense,Groceries,Groceries,7908.45,Credit Card,Cash Wallet,No,Essential,Freelance Client,6000.0,Groceries transaction #814,None,2024,1,Jan,Q1,Wednesday,False
TXN100853,2024-02-12,Expense,Insurance,Life,3593.87,UPI,Primary Savings,Yes,Essential,Landlord,2000.0,Insurance transaction #853,one-time,2024,2,Feb,Q1,Monday,False
TXN101005,2024-10-02,Expense,Uncategorized,General,6183.93,UPI,Primary Savings,No,Discretionary,Employer,0.0,Misc transaction #1005,None,2024,10,Oct,Q4,Wednesday,False
TXN101572,2025-05-23,Expense,Uncategorized,General,2980.1,Debit Card,Primary Savings,No,Discretionary,Apollo Pharmacy,0.0,Misc transaction #1572,None,2025,5,May,Q2,Friday,False
TXN102195,2024-06-02,Expense,Utilities,Water,2385.44,Net Banking,Salary Account,Yes,Essential,BESCOM,3000.0,Utilities transaction #2195,one-time,2024,6,Jun,Q2,Sunday,False
TXN100188,2025-03-28,Income,Freelance,General,70184.26,Bank Transfer,Salary Account,No,N/A,Apollo Pharmacy,0.0,Freelance transaction #188,None,2025,3,Mar,Q1,Friday,False
TXN102212,2025-09-20,Expense,Food,Groceries,2085.41,Debit Card,Salary Account,Yes,Discretionary,Employer,0.0,food transaction #2212,None,2025,9,Sep,Q3,Saturday,False
TXN100613,2024-11-18,Expense,Healthcare,Doctor Visit,1456.11,Unknown,Credit Card A/C,Yes,Essential,Apollo Pharmacy,3000.0,Healthcare transaction #613,one-time,2024,11,Nov,Q4,Monday,False
TXN100436,2024-12-16,Expense,Uncategorized,General,7983.81,Cash,Primary Savings,No,Discretionary,Zomato,0.0,Misc transaction #436,None,2024,12,Dec,Q4,Monday,True
TXN102359,2024-05-07,Expense,Food,Dining Out,4433.92,Credit Card,Primary Savings,Yes,Discretionary,Employer,0.0,food transaction #2359,one-time,2024,5,May,Q2,Tuesday,False
TXN102196,2024-11-07,Expense,Entertainment,Streaming,1163.89,Cash,Primary Savings,Yes,Discretionary,Landlord,2500.0,Entertainment transaction #2196,None,2024,11,Nov,Q4,Thursday,False
TXN100819,2025-07-04,Expense,Subscriptions,Streaming,6548.83,Net Banking,Cash Wallet,Yes,Discretionary,Zomato,1500.0,Subscriptions transaction #819,review,2025,7,Jul,Q3,Friday,False
TXN102013,2024-01-09,Expense,Education,Courses,6376.72,Unknown,Cash Wallet,Yes,Discretionary,Netflix,4000.0,Education transaction #2013,None,2024,1,Jan,Q1,Tuesday,False
TXN100775,2024-02-08,Expense,Subscriptions,Memberships,3577.62,Debit Card,Salary Account,Yes,Discretionary,Netflix,1500.0,Subscriptions transaction #775,None,2024,2,Feb,Q1,Thursday,False
TXN101455,2025-06-12,Expense,Subscriptions,Streaming,560.12,Debit Card,Salary Account,Yes,Discretionary,Swiggy,1500.0,Subscriptions transaction #1455,one-time,2025,6,Jun,Q2,Thursday,False
TXN102083,2024-11-13,Expense,Healthcare,Doctor Visit,50.68,Debit Card,Cash Wallet,No,Essential,Amazon,3000.0,Healthcare transaction #2083,one-time,2024,11,Nov,Q4,Wednesday,False
TXN100486,2024-11-11,Expense,Uncategorized,General,2345.81,Credit Card,Primary Savings,Yes,Discretionary,BESCOM,0.0,Misc transaction #486,None,2024,11,Nov,Q4,Monday,False
TXN102229,2025-08-15,Expense,Insurance,Life,5635.12,Debit Card,Cash Wallet,Yes,Essential,BESCOM,2000.0,Insurance transaction #2229,None,2025,8,Aug,Q3,Friday,False
TXN100792,2024-07-06,Expense,Transport,Cab,6979.34,Cash,Primary Savings,Yes,Discretionary,Zomato,4000.0,Transport transaction #792,None,2024,7,Jul,Q3,Saturday,False
TXN102136,2024-05-10,Income,Freelance,General,88275.18,Bank Transfer,Salary Account,No,N/A,Netflix,0.0,Freelance transaction #2136,None,2024,5,May,Q2,Friday,False
TXN100582,2024-12-31,Income,Salary,General,62570.58,Bank Transfer,Salary Account,Yes,N/A,Employer,0.0,Salary transaction #582,None,2024,12,Dec,Q4,Tuesday,False
TXN100577,2024-06-06,Expense,Food,Groceries,4617.48,Cash,Credit Card A/C,No,Discretionary,Swiggy,0.0,food transaction #577,review,2024,6,Jun,Q2,Thursday,False
TXN100747,2024-07-24,Expense,Insurance,Health,5974.43,Unknown,Credit Card A/C,Yes,Essential,BESCOM,2000.0,Insurance transaction #747,review,2024,7,Jul,Q3,Wednesday,False
TXN101315,2025-09-07,Expense,Food,Snacks,6707.13,Credit Card,Cash Wallet,No,Discretionary,BESCOM,0.0,food transaction #1315,review,2025,9,Sep,Q3,Sunday,False
TXN101757,2025-05-12,Expense,Utilities,Water,3675.95,Debit Card,Cash Wallet,Yes,Essential,Unknown Merchant,3000.0,Utilities transaction #1757,reimbursable,2025,5,May,Q2,Monday,False
TXN101732,2024-01-26,Expense,Entertainment,Streaming,5283.37,UPI,Primary Savings,Yes,Discretionary,Swiggy,2500.0,Entertainment transaction #1732,review,2024,1,Jan,Q1,Friday,False
TXN102375,2025-08-03,Income,Bonus,General,51278.56,Bank Transfer,Salary Account,No,N/A,Unknown Merchant,0.0,Bonus transaction #2375,reimbursable,2025,8,Aug,Q3,Sunday,False
TXN101782,2025-04-12,Expense,Food,Dining Out,1178.86,Cash,Credit Card A/C,No,Discretionary,BESCOM,8000.0,Food transaction #1782,None,2025,4,Apr,Q2,Saturday,False
TXN101352,2025-06-30,Income,Bonus,General,58740.71,Bank Transfer,Salary Account,No,N/A,Uber,0.0,Bonus transaction #1352,None,2025,6,Jun,Q2,Monday,False
TXN101858,2024-01-30,Expense,Food,Groceries,4455.12,Cash,Salary Account,Yes,Discretionary,Landlord,0.0,food transaction #1858,review,2024,1,Jan,Q1,Tuesday,False
TXN100579,2024-05-28,Expense,Entertainment,Movies,101694.65,Net Banking,Credit Card A/C,No,Discretionary,Apollo Pharmacy,2500.0,Entertainment transaction #579,reimbursable,2024,5,May,Q2,Tuesday,True
TXN102462,2025-06-13,Expense,Utilities,Water,182.28,Debit Card,Cash Wallet,No,Essential,Unknown Merchant,3000.0,Utilities transaction #2462,one-time,2025,6,Jun,Q2,Friday,False
TXN100802,2024-11-30,Expense,Uncategorized,General,5767.44,Unknown,Cash Wallet,Yes,Discretionary,Freelance Client,0.0,Misc transaction #802,review,2024,11,Nov,Q4,Saturday,False
TXN100258,2024-01-18,Expense,Food,Dining Out,7384.51,Cash,Credit Card A/C,No,Discretionary,Local Store,8000.0,Food transaction #258,reimbursable,2024,1,Jan,Q1,Thursday,False
TXN100457,2024-06-26,Expense,Subscriptions,Memberships,7265.86,Net Banking,Credit Card A/C,Yes,Discretionary,Amazon,1500.0,Subscriptions transaction #457,None,2024,6,Jun,Q2,Wednesday,False
TXN100724,2024-09-13,Expense,Healthcare,Pharmacy,6668.51,Debit Card,Salary Account,Yes,Essential,Employer,3000.0,Healthcare transaction #724,review,2024,9,Sep,Q3,Friday,False
TXN100115,2024-09-18,Expense,Food,Groceries,3473.71,Credit Card,Cash Wallet,Yes,Discretionary,Landlord,0.0,food transaction #115,None,2024,9,Sep,Q3,Wednesday,False
TXN101763,2024-03-21,Expense,Groceries,Groceries,4985.08,Net Banking,Credit Card A/C,No,Essential,Uber,6000.0,Groceries transaction #1763,one-time,2024,3,Mar,Q1,Thursday,False
TXN101103,2024-10-08,Expense,Groceries,Groceries,1837.36,Unknown,Credit Card A/C,Yes,Essential,Zomato,6000.0,Groceries transaction #1103,reimbursable,2024,10,Oct,Q4,Tuesday,False
TXN102356,2024-11-28,Expense,Education,Tuition,7141.33,Net Banking,Primary Savings,No,Discretionary,Netflix,4000.0,Education transaction #2356,None,2024,11,Nov,Q4,Thursday,False
TXN101311,2025-12-06,Expense,Entertainment,Events,267.26,UPI,Cash Wallet,Yes,Discretionary,Apollo Pharmacy,2500.0,Entertainment transaction #1311,None,2025,12,Dec,Q4,Saturday,False
TXN100546,2024-11-11,Expense,Uncategorized,General,7966.88,UPI,Credit Card A/C,Yes,Discretionary,Uber,0.0,Misc transaction #546,None,2024,11,Nov,Q4,Monday,False
TXN101252,2025-01-24,Expense,Healthcare,Doctor Visit,5577.54,Debit Card,Cash Wallet,No,Essential,Uber,3000.0,Healthcare transaction #1252,one-time,2025,1,Jan,Q1,Friday,False
TXN101752,2024-06-02,Expense,Transport,Public Transit,5745.8,Net Banking,Cash Wallet,No,Discretionary,Landlord,4000.0,Transport transaction #1752,None,2024,6,Jun,Q2,Sunday,False
TXN100417,2024-07-10,Expense,Transport,Cab,4924.02,Debit Card,Salary Account,No,Discretionary,Local Store,4000.0,Transport transaction #417,None,2024,7,Jul,Q3,Wednesday,False
TXN100046,2025-06-17,Expense,Transport,Cab,5722.68,Credit Card,Credit Card A/C,No,Discretionary,Uber,4000.0,Transport transaction #46,None,2025,6,Jun,Q2,Tuesday,False
TXN100309,2025-05-18,Expense,Insurance,Life,1862.26,Debit Card,Cash Wallet,Yes,Essential,Uber,2000.0,Insurance transaction #309,review,2025,5,May,Q2,Sunday,False
TXN100877,2024-01-18,Expense,Healthcare,Pharmacy,523.64,Debit Card,Credit Card A/C,Yes,Essential,Netflix,3000.0,Healthcare transaction #877,reimbursable,2024,1,Jan,Q1,Thursday,False
TXN101583,2025-11-01,Expense,Transport,Public Transit,4438.68,Unknown,Credit Card A/C,Yes,Discretionary,Uber,4000.0,Transport transaction #1583,None,2025,11,Nov,Q4,Saturday,False
TXN102079,2024-09-20,Income,Freelance,General,42259.14,Bank Transfer,Salary Account,No,N/A,Zomato,0.0,Freelance transaction #2079,reimbursable,2024,9,Sep,Q3,Friday,False
TXN101656,2024-05-28,Expense,Groceries,Groceries,3514.15,Credit Card,Salary Account,Yes,Essential,Employer,6000.0,Groceries transaction #1656,reimbursable,2024,5,May,Q2,Tuesday,False
TXN101304,2024-01-05,Expense,Education,Tuition,5930.7,Unknown,Credit Card A/C,No,Discretionary,Zomato,4000.0,Education transaction #1304,None,2024,1,Jan,Q1,Friday,False
TXN101771,2024-01-29,Income,Investment,General,27464.53,Bank Transfer,Salary Account,No,N/A,Zomato,0.0,Investment transaction #1771,None,2024,1,Jan,Q1,Monday,False
TXN101212,2024-11-15,Expense,Food,Dining Out,4741.35,Credit Card,Primary Savings,No,Discretionary,BESCOM,0.0,food transaction #1212,None,2024,11,Nov,Q4,Friday,False
TXN100407,2024-10-18,Expense,Education,Tuition,7708.14,Debit Card,Salary Account,Yes,Discretionary,Apollo Pharmacy,4000.0,Education transaction #407,None,2024,10,Oct,Q4,Friday,False
TXN102059,2025-09-02,Income,Salary,General,85715.16,Bank Transfer,Salary Account,Yes,N/A,Employer,0.0,Salary transaction #2059,None,2025,9,Sep,Q3,Tuesday,False
TXN100805,2024-04-24,Income,Gift,General,85604.75,Bank Transfer,Salary Account,No,N/A,Unknown Merchant,0.0,Gift transaction #805,None,2024,4,Apr,Q2,Wednesday,False
TXN102172,2025-02-01,Expense,Groceries,Groceries,424.25,Net Banking,Salary Account,Yes,Essential,Apollo Pharmacy,6000.0,Groceries transaction #2172,None,2025,2,Feb,Q1,Saturday,False
TXN100624,2024-10-01,Expense,Education,Tuition,7259.34,Net Banking,Primary Savings,Yes,Discretionary,Uber,4000.0,Education transaction #624,review,2024,10,Oct,Q4,Tuesday,False
TXN101919,2025-06-11,Expense,Transport,Fuel,7128.03,Unknown,Salary Account,No,Discretionary,Zomato,4000.0,Transport transaction #1919,None,2025,6,Jun,Q2,Wednesday,False
TXN101821,2025-12-18,Income,Bonus,General,54510.58,Bank Transfer,Salary Account,No,N/A,Zomato,0.0,Bonus transaction #1821,review,2025,12,Dec,Q4,Thursday,False
TXN100192,2025-03-06,Expense,Shopping,Electronics,7258.8,Cash,Primary Savings,Yes,Discretionary,Freelance Client,5000.0,Shopping transaction #192,reimbursable,2025,3,Mar,Q1,Thursday,False
TXN101492,2024-02-26,Income,Bonus,General,55272.95,Bank Transfer,Salary Account,No,N/A,Zomato,0.0,Bonus transaction #1492,reimbursable,2024,2,Feb,Q1,Monday,False
TXN100121,2025-10-20,Expense,Groceries,Groceries,5036.38,Credit Card,Cash Wallet,Yes,Essential,Apollo Pharmacy,6000.0,Groceries transaction #121,None,2025,10,Oct,Q4,Monday,False
TXN100311,2025-06-20,Expense,Food,Groceries,6671.79,UPI,Salary Account,Yes,Discretionary,Apollo Pharmacy,8000.0,Food transaction #311,None,2025,6,Jun,Q2,Friday,False
TXN101081,2025-01-01,Expense,Healthcare,Insurance Premium,222.91,Net Banking,Cash Wallet,No,Essential,Unknown Merchant,3000.0,Healthcare transaction #1081,None,2025,1,Jan,Q1,Wednesday,False
TXN101042,2025-07-02,Expense,Subscriptions,Streaming,1333.16,Debit Card,Credit Card A/C,Yes,Discretionary,Local Store,1500.0,Subscriptions transaction #1042,None,2025,7,Jul,Q3,Wednesday,False
TXN100740,2025-09-21,Income,Gift,General,47168.11,Bank Transfer,Salary Account,No,N/A,Freelance Client,0.0,Gift transaction #740,reimbursable,2025,9,Sep,Q3,Sunday,False
TXN100882,2025-05-30,Expense,Shopping,Electronics,7014.01,Net Banking,Credit Card A/C,No,Discretionary,Unknown Merchant,5000.0,Shopping transaction #882,None,2025,5,May,Q2,Friday,False
TXN102010,2025-06-23,Expense,Subscriptions,Memberships,6209.96,Unknown,Cash Wallet,Yes,Discretionary,Unknown Merchant,1500.0,Subscriptions transaction #2010,None,2025,6,Jun,Q2,Monday,False
TXN102246,2024-05-05,Expense,Utilities,Electricity,1256.43,Debit Card,Credit Card A/C,Yes,Essential,Zomato,3000.0,Utilities transaction #2246,None,2024,5,May,Q2,Sunday,False
TXN101995,2024-10-18,Expense,Transport,Public Transit,6217.33,Credit Card,Salary Account,No,Discretionary,BESCOM,4000.0,Transport transaction #1995,one-time,2024,10,Oct,Q4,Friday,False
TXN100017,2025-12-25,Expense,Transport,Fuel,6884.1,UPI,Salary Account,No,Discretionary,Freelance Client,4000.0,Transport transaction #17,review,2025,12,Dec,Q4,Thursday,False
TXN100353,2025-05-30,Expense,Insurance,Health,6098.16,Net Banking,Cash Wallet,Yes,Essential,Employer,2000.0,Insurance transaction #353,one-time,2025,5,May,Q2,Friday,False
TXN102050,2025-01-30,Expense,Insurance,Health,5438.52,Debit Card,Primary Savings,Yes,Essential,Zomato,2000.0,Insurance transaction #2050,reimbursable,2025,1,Jan,Q1,Thursday,False
TXN101262,2025-09-26,Expense,Shopping,Clothing,7194.19,Cash,Primary Savings,Yes,Discretionary,Uber,5000.0,Shopping transaction #1262,None,2025,9,Sep,Q3,Friday,False
TXN100862,2024-04-18,Expense,Subscriptions,SaaS Tools,2095.89,Unknown,Salary Account,Yes,Discretionary,Apollo Pharmacy,1500.0,Subscriptions transaction #862,reimbursable,2024,4,Apr,Q2,Thursday,False
TXN102125,2025-06-12,Expense,Rent,Housing,3982.42,UPI,Salary Account,Yes,Essential,Employer,15000.0,Rent transaction #2125,None,2025,6,Jun,Q2,Thursday,False
TXN100059,2025-09-02,Expense,Utilities,Internet,7587.1,UPI,Salary Account,No,Essential,Apollo Pharmacy,3000.0,Utilities transaction #59,one-time,2025,9,Sep,Q3,Tuesday,False
TXN101419,2024-03-03,Expense,Food,Snacks,2348.13,Cash,Primary Savings,No,Discretionary,Swiggy,8000.0,Food transaction #1419,None,2024,3,Mar,Q1,Sunday,False
TXN101727,2025-06-27,Expense,Rent,Housing,681.24,Unknown,Cash Wallet,Yes,Essential,Zomato,15000.0,Rent transaction #1727,None,2025,6,Jun,Q2,Friday,False
TXN101094,2024-04-24,Expense,Shopping,Home Goods,6969.0,UPI,Salary Account,Yes,Discretionary,Uber,5000.0,Shopping transaction #1094,None,2024,4,Apr,Q2,Wednesday,False
TXN101725,2024-09-28,Expense,Groceries,Groceries,7183.22,Cash,Primary Savings,No,Essential,Uber,6000.0,Groceries transaction #1725,None,2024,9,Sep,Q3,Saturday,False
TXN100421,2025-05-02,Expense,Food,Dining Out,2115.16,Debit Card,Credit Card A/C,No,Discretionary,Amazon,0.0,food transaction #421,review,2025,5,May,Q2,Friday,False
TXN101891,2025-09-28,Expense,Groceries,Groceries,5092.62,Credit Card,Salary Account,No,Essential,Landlord,6000.0,Groceries transaction #1891,review,2025,9,Sep,Q3,Sunday,False
TXN102018,2024-03-27,Expense,Transport,Cab,4333.01,Credit Card,Salary Account,Yes,Discretionary,Netflix,4000.0,Transport transaction #2018,reimbursable,2024,3,Mar,Q1,Wednesday,False
TXN102304,2024-10-26,Expense,Insurance,Life,1584.89,Unknown,Salary Account,Yes,Essential,Unknown Merchant,2000.0,Insurance transaction #2304,review,2024,10,Oct,Q4,Saturday,False
TXN100371,2025-12-03,Expense,Food,Dining Out,3529.53,Cash,Primary Savings,No,Discretionary,Swiggy,0.0,food transaction #371,one-time,2025,12,Dec,Q4,Wednesday,False
TXN100388,2024-08-04,Expense,Rent,Housing,6544.79,Unknown,Salary Account,Yes,Essential,Local Store,15000.0,Rent transaction #388,one-time,2024,8,Aug,Q3,Sunday,False
TXN102148,2024-04-19,Expense,Utilities,Water,6170.23,Net Banking,Cash Wallet,No,Essential,Amazon,3000.0,Utilities transaction #2148,None,2024,4,Apr,Q2,Friday,False
TXN100419,2025-01-25,Expense,Uncategorized,General,1238.91,UPI,Salary Account,No,Discretionary,Apollo Pharmacy,0.0,Misc transaction #419,review,2025,1,Jan,Q1,Saturday,False
TXN102460,2025-03-04,Expense,Entertainment,Movies,658.76,Unknown,Cash Wallet,Yes,Discretionary,Freelance Client,2500.0,Entertainment transaction #2460,None,2025,3,Mar,Q1,Tuesday,False
TXN100937,2025-08-20,Expense,Rent,Housing,6036.63,Cash,Cash Wallet,Yes,Essential,Freelance Client,15000.0,Rent transaction #937,reimbursable,2025,8,Aug,Q3,Wednesday,False
TXN100493,2024-10-21,Expense,Entertainment,Streaming,7960.44,Debit Card,Salary Account,No,Discretionary,Landlord,2500.0,Entertainment transaction #493,None,2024,10,Oct,Q4,Monday,False
TXN101193,2024-06-12,Expense,Entertainment,Movies,4675.68,Net Banking,Credit Card A/C,Yes,Discretionary,Local Store,2500.0,Entertainment transaction #1193,None,2024,6,Jun,Q2,Wednesday,False
TXN102413,2025-02-15,Expense,Shopping,Electronics,7522.65,Debit Card,Credit Card A/C,No,Discretionary,BESCOM,5000.0,Shopping transaction #2413,reimbursable,2025,2,Feb,Q1,Saturday,False
TXN101682,2025-11-24,Expense,Utilities,Internet,5535.73,Net Banking,Primary Savings,Yes,Essential,Netflix,3000.0,Utilities transaction #1682,None,2025,11,Nov,Q4,Monday,False
TXN100427,2025-11-01,Expense,Shopping,Electronics,5913.87,Cash,Salary Account,Yes,Discretionary,Landlord,5000.0,Shopping transaction #427,review,2025,11,Nov,Q4,Saturday,False
TXN101854,2024-07-07,Expense,Food,Dining Out,3589.1,Debit Card,Cash Wallet,No,Discretionary,Freelance Client,0.0,food transaction #1854,None,2024,7,Jul,Q3,Sunday,False
TXN100304,2024-02-13,Expense,Insurance,Health,6589.38,Credit Card,Credit Card A/C,Yes,Essential,Uber,2000.0,Insurance transaction #304,None,2024,2,Feb,Q1,Tuesday,False
TXN101971,2025-04-04,Expense,Utilities,Electricity,5238.99,Cash,Salary Account,Yes,Essential,Apollo Pharmacy,3000.0,Utilities transaction #1971,review,2025,4,Apr,Q2,Friday,False
TXN101984,2024-12-16,Expense,Food,Dining Out,1708.99,Cash,Cash Wallet,Yes,Discretionary,Netflix,8000.0,Food transaction #1984,None,2024,12,Dec,Q4,Monday,False
TXN100715,2025-03-31,Expense,Entertainment,Streaming,2895.83,Credit Card,Primary Savings,Yes,Discretionary,Apollo Pharmacy,2500.0,Entertainment transaction #715,None,2025,3,Mar,Q1,Monday,False
TXN100980,2024-03-04,Expense,Food,Groceries,629.41,Debit Card,Primary Savings,Yes,Discretionary,Uber,0.0,food transaction #980,None,2024,3,Mar,Q1,Monday,False
TXN100919,2025-08-16,Expense,Food,Dining Out,1025.34,Credit Card,Credit Card A/C,No,Discretionary,Swiggy,0.0,food transaction #919,None,2025,8,Aug,Q3,Saturday,False
TXN100087,2024-09-03,Expense,Groceries,Groceries,5121.34,Cash,Credit Card A/C,Yes,Essential,Apollo Pharmacy,6000.0,Groceries transaction #87,None,2024,9,Sep,Q3,Tuesday,False
TXN100589,2025-04-19,Expense,Uncategorized,General,68387.39,Unknown,Cash Wallet,Yes,Discretionary,Freelance Client,0.0,Misc transaction #589,None,2025,4,Apr,Q2,Saturday,True
TXN100512,2024-12-25,Expense,Rent,Housing,4855.3,Credit Card,Primary Savings,Yes,Essential,Local Store,15000.0,Rent transaction #512,None,2024,12,Dec,Q4,Wednesday,False
TXN100109,2024-08-05,Expense,Healthcare,Pharmacy,2833.41,Net Banking,Credit Card A/C,Yes,Essential,Netflix,3000.0,Healthcare transaction #109,reimbursable,2024,8,Aug,Q3,Monday,False
TXN102465,2025-03-14,Expense,Uncategorized,General,6655.83,Net Banking,Primary Savings,No,Discretionary,BESCOM,0.0,Misc transaction #2465,None,2025,3,Mar,Q1,Friday,False
TXN101661,2025-06-13,Expense,Subscriptions,SaaS Tools,1960.95,Credit Card,Cash Wallet,Yes,Discretionary,Zomato,1500.0,Subscriptions transaction #1661,None,2025,6,Jun,Q2,Friday,False
TXN101273,2025-12-26,Expense,Transport,Fuel,3784.53,UPI,Credit Card A/C,Yes,Discretionary,Local Store,4000.0,Transport transaction #1273,None,2025,12,Dec,Q4,Friday,False
TXN100442,2024-03-02,Income,Freelance,General,69092.97,Bank Transfer,Salary Account,No,N/A,Zomato,0.0,Freelance transaction #442,reimbursable,2024,3,Mar,Q1,Saturday,False
TXN102193,2024-06-27,Expense,Food,Groceries,6714.38,Credit Card,Salary Account,No,Discretionary,Employer,8000.0,Food transaction #2193,None,2024,6,Jun,Q2,Thursday,False
TXN101382,2024-05-05,Expense,Insurance,Vehicle,4721.98,Unknown,Salary Account,Yes,Essential,Apollo Pharmacy,2000.0,Insurance transaction #1382,one-time,2024,5,May,Q2,Sunday,False
TXN100661,2025-08-05,Income,Salary,General,84211.14,Bank Transfer,Salary Account,Yes,N/A,Employer,0.0,Salary transaction #661,one-time,2025,8,Aug,Q3,Tuesday,False
TXN101840,2024-11-06,Expense,Utilities,Electricity,7508.23,Cash,Cash Wallet,No,Essential,Freelance Client,3000.0,Utilities transaction #1840,one-time,2024,11,Nov,Q4,Wednesday,False
TXN101495,2025-10-19,Expense,Rent,Housing,1803.06,Debit Card,Credit Card A/C,Yes,Essential,Amazon,15000.0,Rent transaction #1495,reimbursable,2025,10,Oct,Q4,Sunday,False
TXN101602,2025-03-31,Expense,Food,Dining Out,6672.51,UPI,Credit Card A/C,Yes,Discretionary,BESCOM,0.0,food transaction #1602,review,2025,3,Mar,Q1,Monday,False
TXN100737,2024-11-08,Expense,Entertainment,Streaming,7532.24,Net Banking,Cash Wallet,Yes,Discretionary,Zomato,2500.0,Entertainment transaction #737,None,2024,11,Nov,Q4,Friday,False
TXN102354,2025-01-01,Income,Bonus,General,81536.85,Bank Transfer,Salary Account,No,N/A,Freelance Client,0.0,Bonus transaction #2354,None,2025,1,Jan,Q1,Wednesday,False
TXN102410,2024-03-23,Expense,Uncategorized,General,690.0,Debit Card,Credit Card A/C,No,Discretionary,Netflix,0.0,Misc transaction #2410,one-time,2024,3,Mar,Q1,Saturday,False
TXN102093,2024-08-30,Expense,Shopping,Clothing,7463.7,Net Banking,Cash Wallet,No,Discretionary,Netflix,5000.0,Shopping transaction #2093,reimbursable,2024,8,Aug,Q3,Friday,False
TXN102435,2024-09-14,Expense,Food,Dining Out,6219.05,Net Banking,Salary Account,Yes,Discretionary,Apollo Pharmacy,0.0,food transaction #2435,review,2024,9,Sep,Q3,Saturday,False
TXN100678,2025-12-24,Income,Bonus,General,75929.08,Bank Transfer,Salary Account,No,N/A,Zomato,0.0,Bonus transaction #678,reimbursable,2025,12,Dec,Q4,Wednesday,False
TXN100821,2024-01-06,Expense,Uncategorized,General,361.19,Net Banking,Salary Account,Yes,Discretionary,Zomato,0.0,Misc transaction #821,None,2024,1,Jan,Q1,Saturday,False
TXN100041,2024-06-22,Expense,Utilities,Internet,4973.12,UPI,Salary Account,No,Essential,BESCOM,3000.0,Utilities transaction #41,None,2024,6,Jun,Q2,Saturday,False
TXN102249,2025-12-25,Expense,Education,Tuition,2243.54,Net Banking,Credit Card A/C,No,Discretionary,Local Store,4000.0,Education transaction #2249,reimbursable,2025,12,Dec,Q4,Thursday,False
TXN100212,2025-05-26,Expense,Insurance,Health,6870.78,UPI,Primary Savings,Yes,Essential,BESCOM,2000.0,Insurance transaction #212,reimbursable,2025,5,May,Q2,Monday,False
TXN100771,2024-11-04,Expense,Healthcare,Pharmacy,6340.52,Net Banking,Salary Account,No,Essential,Zomato,3000.0,Healthcare transaction #771,review,2024,11,Nov,Q4,Monday,False
TXN100322,2025-04-28,Expense,Education,Courses,3084.27,Debit Card,Cash Wallet,Yes,Discretionary,Swiggy,4000.0,Education transaction #322,one-time,2025,4,Apr,Q2,Monday,False
TXN101635,2025-04-06,Expense,Education,Courses,5505.61,Unknown,Credit Card A/C,Yes,Discretionary,Freelance Client,4000.0,Education transaction #1635,one-time,2025,4,Apr,Q2,Sunday,False
TXN102382,2024-12-16,Expense,Utilities,Internet,7815.55,Net Banking,Primary Savings,Yes,Essential,Uber,3000.0,Utilities transaction #2382,None,2024,12,Dec,Q4,Monday,False
TXN100930,2024-03-17,Expense,Insurance,Health,3509.88,Debit Card,Salary Account,Yes,Essential,BESCOM,2000.0,Insurance transaction #930,None,2024,3,Mar,Q1,Sunday,False
TXN100978,2024-01-31,Expense,Rent,Housing,894.45,Unknown,Cash Wallet,Yes,Essential,Uber,15000.0,Rent transaction #978,review,2024,1,Jan,Q1,Wednesday,False
TXN100302,2025-08-26,Expense,Food,Dining Out,3378.12,Net Banking,Cash Wallet,Yes,Discretionary,Apollo Pharmacy,8000.0,Food transaction #302,review,2025,8,Aug,Q3,Tuesday,False
TXN102008,2025-08-11,Expense,Transport,Fuel,4731.85,Net Banking,Cash Wallet,No,Discretionary,Zomato,4000.0,Transport transaction #2008,None,2025,8,Aug,Q3,Monday,False
TXN101259,2025-03-29,Expense,Food,Groceries,1621.88,Credit Card,Salary Account,Yes,Discretionary,Unknown Merchant,8000.0,Food transaction #1259,None,2025,3,Mar,Q1,Saturday,False
TXN100091,2025-11-06,Expense,Rent,Housing,5188.41,Debit Card,Cash Wallet,Yes,Essential,Amazon,15000.0,Rent transaction #91,None,2025,11,Nov,Q4,Thursday,False
TXN101043,2024-02-06,Expense,Uncategorized,General,865.04,Cash,Cash Wallet,Yes,Discretionary,Swiggy,0.0,Misc transaction #1043,review,2024,2,Feb,Q1,Tuesday,False
TXN101206,2025-12-02,Expense,Shopping,Electronics,1151.15,Debit Card,Salary Account,Yes,Discretionary,Netflix,5000.0,Shopping transaction #1206,None,2025,12,Dec,Q4,Tuesday,False
TXN100021,2024-08-30,Expense,Healthcare,Doctor Visit,3238.27,UPI,Salary Account,No,Essential,Amazon,3000.0,Healthcare transaction #21,one-time,2024,8,Aug,Q3,Friday,False
TXN102454,2025-10-10,Expense,Education,Tuition,4889.79,Cash,Primary Savings,Yes,Discretionary,Employer,4000.0,Education transaction #2454,one-time,2025,10,Oct,Q4,Friday,False
TXN100948,2025-02-05,Expense,Transport,Public Transit,5548.89,Cash,Salary Account,Yes,Discretionary,BESCOM,4000.0,Transport transaction #948,reimbursable,2025,2,Feb,Q1,Wednesday,False
TXN101105,2024-06-04,Expense,Subscriptions,SaaS Tools,5596.92,Unknown,Cash Wallet,Yes,Discretionary,Netflix,1500.0,Subscriptions transaction #1105,reimbursable,2024,6,Jun,Q2,Tuesday,False
TXN101577,2024-08-22,Expense,Food,Dining Out,4269.02,Debit Card,Cash Wallet,No,Discretionary,BESCOM,8000.0,Food transaction #1577,review,2024,8,Aug,Q3,Thursday,False
TXN100422,2025-09-12,Expense,Groceries,Groceries,2312.64,Debit Card,Cash Wallet,No,Essential,Zomato,6000.0,Groceries transaction #422,review,2025,9,Sep,Q3,Friday,False
TXN101683,2025-03-14,Income,Gift,General,68911.08,Bank Transfer,Salary Account,No,N/A,Netflix,0.0,Gift transaction #1683,review,2025,3,Mar,Q1,Friday,False
TXN101604,2024-01-01,Expense,Transport,Fuel,2603.68,Net Banking,Primary Savings,No,Discretionary,Uber,4000.0,Transport transaction #1604,None,2024,1,Jan,Q1,Monday,False
TXN101286,2025-11-16,Expense,Shopping,Home Goods,1640.99,UPI,Salary Account,Yes,Discretionary,Employer,5000.0,Shopping transaction #1286,None,2025,11,Nov,Q4,Sunday,False
TXN100207,2025-02-26,Income,Freelance,General,24757.76,Bank Transfer,Salary Account,No,N/A,Swiggy,0.0,Freelance transaction #207,None,2025,2,Feb,Q1,Wednesday,False
TXN100498,2024-12-09,Expense,Shopping,Home Goods,4192.53,Net Banking,Credit Card A/C,Yes,Discretionary,BESCOM,5000.0,Shopping transaction #498,None,2024,12,Dec,Q4,Monday,False
TXN100070,2025-03-11,Income,Freelance,General,65334.43,Bank Transfer,Salary Account,No,N/A,Netflix,0.0,Freelance transaction #70,None,2025,3,Mar,Q1,Tuesday,False
TXN101768,2025-08-19,Expense,Utilities,Electricity,873.71,UPI,Cash Wallet,Yes,Essential,Amazon,3000.0,Utilities transaction #1768,one-time,2025,8,Aug,Q3,Tuesday,False
TXN102425,2024-11-16,Expense,Transport,Fuel,1640.92,UPI,Salary Account,No,Discretionary,Uber,4000.0,Transport transaction #2425,None,2024,11,Nov,Q4,Saturday,False
TXN102365,2024-02-12,Income,Bonus,General,64725.71,Bank Transfer,Salary Account,No,N/A,Amazon,0.0,Bonus transaction #2365,None,2024,2,Feb,Q1,Monday,False
TXN100020,2024-07-06,Expense,Transport,Fuel,6897.73,Net Banking,Primary Savings,Yes,Discretionary,Freelance Client,4000.0,Transport transaction #20,None,2024,7,Jul,Q3,Saturday,False
TXN100924,2025-12-26,Expense,Utilities,Water,3991.62,Net Banking,Cash Wallet,Yes,Essential,Netflix,3000.0,Utilities transaction #924,review,2025,12,Dec,Q4,Friday,False
TXN101037,2025-03-05,Expense,Entertainment,Movies,970.76,Cash,Credit Card A/C,Yes,Discretionary,Uber,2500.0,Entertainment transaction #1037,one-time,2025,3,Mar,Q1,Wednesday,False
TXN100612,2025-07-13,Income,Salary,General,89349.81,Bank Transfer,Salary Account,Yes,N/A,Employer,0.0,Salary transaction #612,one-time,2025,7,Jul,Q3,Sunday,False
TXN101309,2025-12-15,Expense,Entertainment,Streaming,2465.1,Net Banking,Cash Wallet,Yes,Discretionary,Freelance Client,2500.0,Entertainment transaction #1309,None,2025,12,Dec,Q4,Monday,False
TXN100044,2025-04-12,Income,Bonus,General,66730.44,Bank Transfer,Salary Account,No,N/A,Landlord,0.0,Bonus transaction #44,one-time,2025,4,Apr,Q2,Saturday,False
TXN102457,2024-08-05,Expense,Utilities,Internet,5178.2,Unknown,Cash Wallet,No,Essential,Local Store,3000.0,Utilities transaction #2457,reimbursable,2024,8,Aug,Q3,Monday,False
TXN101938,2024-10-05,Expense,Utilities,Electricity,3383.25,Unknown,Cash Wallet,Yes,Essential,Zomato,3000.0,Utilities transaction #1938,review,2024,10,Oct,Q4,Saturday,False
TXN101551,2024-02-26,Expense,Insurance,Vehicle,4239.65,Cash,Primary Savings,Yes,Essential,BESCOM,2000.0,Insurance transaction #1551,None,2024,2,Feb,Q1,Monday,False
TXN101403,2024-12-14,Income,Salary,General,75030.24,Bank Transfer,Salary Account,Yes,N/A,Employer,0.0,Salary transaction #1403,reimbursable,2024,12,Dec,Q4,Saturday,False
TXN100128,2025-07-26,Expense,Uncategorized,General,1065.96,Unknown,Primary Savings,No,Discretionary,Landlord,0.0,Misc transaction #128,None,2025,7,Jul,Q3,Saturday,False
TXN101553,2025-07-15,Expense,Food,Groceries,4455.97,Net Banking,Cash Wallet,No,Discretionary,Uber,8000.0,Food transaction #1553,review,2025,7,Jul,Q3,Tuesday,False
TXN100238,2025-06-01,Expense,Shopping,Home Goods,5695.63,Cash,Cash Wallet,Yes,Discretionary,Zomato,5000.0,Shopping transaction #238,None,2025,6,Jun,Q2,Sunday,False
TXN100107,2025-12-04,Expense,Food,Groceries,791.18,UPI,Credit Card A/C,Yes,Discretionary,Landlord,0.0,food transaction #107,reimbursable,2025,12,Dec,Q4,Thursday,False
TXN100664,2024-07-10,Expense,Food,Snacks,2111.58,Unknown,Primary Savings,No,Discretionary,Landlord,0.0,food transaction #664,None,2024,7,Jul,Q3,Wednesday,False
TXN100453,2025-02-26,Expense,Shopping,Home Goods,1963.74,Net Banking,Salary Account,No,Discretionary,Landlord,5000.0,Shopping transaction #453,one-time,2025,2,Feb,Q1,Wednesday,False
TXN101389,2024-12-06,Income,Gift,General,63892.99,Bank Transfer,Salary Account,No,N/A,Zomato,0.0,Gift transaction #1389,one-time,2024,12,Dec,Q4,Friday,False
TXN101912,2025-04-04,Expense,Food,Snacks,1830.81,Net Banking,Cash Wallet,No,Discretionary,Netflix,8000.0,Food transaction #1912,None,2025,4,Apr,Q2,Friday,False
TXN100686,2025-10-29,Expense,Entertainment,Events,1618.5,Debit Card,Primary Savings,Yes,Discretionary,Landlord,2500.0,Entertainment transaction #686,review,2025,10,Oct,Q4,Wednesday,False
TXN101019,2024-04-30,Income,Bonus,General,55351.82,Bank Transfer,Salary Account,No,N/A,Swiggy,0.0,Bonus transaction #1019,None,2024,4,Apr,Q2,Tuesday,False
TXN101002,2024-12-15,Expense,Groceries,Groceries,6271.77,Unknown,Primary Savings,Yes,Essential,Landlord,6000.0,Groceries transaction #1002,review,2024,12,Dec,Q4,Sunday,False
TXN100519,2025-02-17,Expense,Utilities,Electricity,4413.64,UPI,Primary Savings,No,Essential,Zomato,3000.0,Utilities transaction #519,None,2025,2,Feb,Q1,Monday,False
TXN100177,2024-08-26,Income,Bonus,General,43120.55,Bank Transfer,Salary Account,No,N/A,Apollo Pharmacy,0.0,Bonus transaction #177,None,2024,8,Aug,Q3,Monday,False
TXN101824,2024-04-23,Expense,Groceries,Groceries,4289.27,Credit Card,Credit Card A/C,No,Essential,Freelance Client,6000.0,Groceries transaction #1824,None,2024,4,Apr,Q2,Tuesday,False
TXN100203,2025-04-22,Expense,Entertainment,Streaming,4126.89,Cash,Cash Wallet,Yes,Discretionary,Unknown Merchant,2500.0,Entertainment transaction #203,None,2025,4,Apr,Q2,Tuesday,False
TXN101837,2024-12-30,Expense,Food,Dining Out,821.88,Debit Card,Salary Account,No,Discretionary,Landlord,8000.0,Food transaction #1837,None,2024,12,Dec,Q4,Monday,False
TXN101365,2024-07-20,Income,Bonus,General,39303.19,Bank Transfer,Salary Account,No,N/A,BESCOM,0.0,Bonus transaction #1365,None,2024,7,Jul,Q3,Saturday,False
TXN101281,2024-02-05,Expense,Entertainment,Events,363.08,Net Banking,Primary Savings,Yes,Discretionary,Apollo Pharmacy,2500.0,Entertainment transaction #1281,None,2024,2,Feb,Q1,Monday,False
TXN101129,2024-03-22,Expense,Food,Dining Out,2021.38,Debit Card,Salary Account,Yes,Discretionary,BESCOM,8000.0,Food transaction #1129,None,2024,3,Mar,Q1,Friday,False
TXN100289,2025-05-13,Expense,Rent,Housing,4732.15,Credit Card,Cash Wallet,Yes,Essential,Netflix,15000.0,Rent transaction #289,None,2025,5,May,Q2,Tuesday,False
TXN100047,2024-08-24,Expense,Rent,Housing,3290.41,Net Banking,Cash Wallet,Yes,Essential,Local Store,15000.0,Rent transaction #47,one-time,2024,8,Aug,Q3,Saturday,False
TXN100159,2025-02-19,Expense,Food,Snacks,3544.86,Cash,Cash Wallet,Yes,Discretionary,Uber,0.0,food transaction #159,review,2025,2,Feb,Q1,Wednesday,False
TXN102322,2025-07-06,Expense,Shopping,Electronics,4857.78,Credit Card,Primary Savings,Yes,Discretionary,Amazon,5000.0,Shopping transaction #2322,None,2025,7,Jul,Q3,Sunday,False
TXN101475,2024-12-14,Expense,Shopping,Home Goods,3518.11,UPI,Cash Wallet,No,Discretionary,Local Store,5000.0,Shopping transaction #1475,None,2024,12,Dec,Q4,Saturday,False
TXN101195,2024-10-27,Expense,Food,Dining Out,3568.16,UPI,Salary Account,Yes,Discretionary,Freelance Client,0.0,food transaction #1195,None,2024,10,Oct,Q4,Sunday,False
TXN101567,2025-08-20,Expense,Food,Groceries,3657.19,Credit Card,Credit Card A/C,Yes,Discretionary,Local Store,8000.0,Food transaction #1567,reimbursable,2025,8,Aug,Q3,Wednesday,False
TXN100067,2025-03-29,Expense,Groceries,Groceries,4987.17,Net Banking,Primary Savings,Yes,Essential,Freelance Client,6000.0,Groceries transaction #67,None,2025,3,Mar,Q1,Saturday,False
TXN101709,2024-03-16,Expense,Shopping,Home Goods,7561.88,Net Banking,Salary Account,Yes,Discretionary,Amazon,5000.0,Shopping transaction #1709,review,2024,3,Mar,Q1,Saturday,False
TXN101689,2024-03-15,Expense,Shopping,Electronics,7195.81,Credit Card,Credit Card A/C,Yes,Discretionary,Apollo Pharmacy,5000.0,Shopping transaction #1689,None,2024,3,Mar,Q1,Friday,False
TXN101980,2025-01-15,Income,Investment,General,78600.48,Bank Transfer,Salary Account,No,N/A,Local Store,0.0,Investment transaction #1980,None,2025,1,Jan,Q1,Wednesday,False
TXN101959,2024-08-10,Expense,Food,Snacks,2101.32,Credit Card,Credit Card A/C,Yes,Discretionary,Unknown Merchant,8000.0,Food transaction #1959,reimbursable,2024,8,Aug,Q3,Saturday,False
TXN102438,2025-10-28,Expense,Food,Dining Out,561.76,Credit Card,Salary Account,No,Discretionary,BESCOM,0.0,food transaction #2438,one-time,2025,10,Oct,Q4,Tuesday,False
TXN102113,2024-01-05,Income,Freelance,General,67557.35,Bank Transfer,Salary Account,No,N/A,Freelance Client,0.0,Freelance transaction #2113,None,2024,1,Jan,Q1,Friday,False
TXN101303,2024-05-22,Expense,Uncategorized,General,5561.06,UPI,Cash Wallet,Yes,Discretionary,Landlord,0.0,Misc transaction #1303,reimbursable,2024,5,May,Q2,Wednesday,False
TXN100285,2025-08-28,Income,Investment,General,86329.11,Bank Transfer,Salary Account,No,N/A,Employer,0.0,Investment transaction #285,one-time,2025,8,Aug,Q3,Thursday,False
TXN101754,2025-10-29,Expense,Uncategorized,General,7675.19,Unknown,Cash Wallet,No,Discretionary,Uber,0.0,Misc transaction #1754,None,2025,10,Oct,Q4,Wednesday,False
TXN100945,2025-06-04,Expense,Healthcare,Doctor Visit,440.62,Cash,Cash Wallet,Yes,Essential,Netflix,3000.0,Healthcare transaction #945,None,2025,6,Jun,Q2,Wednesday,False
TXN102466,2025-02-20,Expense,Food,Snacks,2618.46,Debit Card,Salary Account,Yes,Discretionary,Unknown Merchant,8000.0,Food transaction #2466,None,2025,2,Feb,Q1,Thursday,False
TXN101445,2025-08-22,Income,Freelance,General,53654.59,Bank Transfer,Salary Account,No,N/A,Zomato,0.0,Freelance transaction #1445,review,2025,8,Aug,Q3,Friday,False
TXN101183,2024-04-25,Expense,Shopping,Home Goods,5692.6,Cash,Credit Card A/C,Yes,Discretionary,Landlord,5000.0,Shopping transaction #1183,reimbursable,2024,4,Apr,Q2,Thursday,False
TXN101581,2024-03-06,Expense,Rent,Housing,507.77,Debit Card,Cash Wallet,Yes,Essential,Local Store,15000.0,Rent transaction #1581,None,2024,3,Mar,Q1,Wednesday,False
TXN101153,2024-04-13,Income,Gift,General,86114.63,Bank Transfer,Salary Account,No,N/A,Amazon,0.0,Gift transaction #1153,None,2024,4,Apr,Q2,Saturday,False
TXN102055,2024-03-18,Expense,Food,Dining Out,5499.11,Unknown,Cash Wallet,Yes,Discretionary,Swiggy,8000.0,Food transaction #2055,None,2024,3,Mar,Q1,Monday,False
TXN101798,2024-07-05,Expense,Insurance,Vehicle,7583.65,Net Banking,Credit Card A/C,Yes,Essential,Local Store,2000.0,Insurance transaction #1798,one-time,2024,7,Jul,Q3,Friday,False
TXN101953,2025-07-19,Expense,Food,Snacks,6686.58,Credit Card,Salary Account,No,Discretionary,Netflix,0.0,food transaction #1953,reimbursable,2025,7,Jul,Q3,Saturday,False
TXN100251,2024-12-17,Expense,Shopping,Home Goods,613.09,Cash,Primary Savings,Yes,Discretionary,Zomato,5000.0,Shopping transaction #251,None,2024,12,Dec,Q4,Tuesday,False
TXN101931,2025-03-15,Expense,Entertainment,Movies,6186.64,Unknown,Credit Card A/C,No,Discretionary,Local Store,2500.0,Entertainment transaction #1931,None,2025,3,Mar,Q1,Saturday,False
TXN101775,2024-10-26,Expense,Shopping,Clothing,198.8,Credit Card,Cash Wallet,No,Discretionary,Landlord,5000.0,Shopping transaction #1775,review,2024,10,Oct,Q4,Saturday,False
TXN102293,2025-05-29,Expense,Shopping,Home Goods,7768.65,Net Banking,Credit Card A/C,Yes,Discretionary,Apollo Pharmacy,5000.0,Shopping transaction #2293,review,2025,5,May,Q2,Thursday,False
TXN100603,2024-07-04,Expense,Shopping,Electronics,1859.06,UPI,Credit Card A/C,Yes,Discretionary,Apollo Pharmacy,5000.0,Shopping transaction #603,None,2024,7,Jul,Q3,Thursday,False
TXN100985,2024-02-22,Expense,Entertainment,Movies,7527.91,Debit Card,Cash Wallet,No,Discretionary,Zomato,2500.0,Entertainment transaction #985,None,2024,2,Feb,Q1,Thursday,False
TXN102341,2024-06-19,Expense,Healthcare,Insurance Premium,70.78,UPI,Salary Account,Yes,Essential,Landlord,3000.0,Healthcare transaction #2341,None,2024,6,Jun,Q2,Wednesday,False
TXN100905,2025-05-26,Expense,Food,Snacks,4189.5,UPI,Cash Wallet,Yes,Discretionary,Freelance Client,0.0,food transaction #905,None,2025,5,May,Q2,Monday,False
TXN100525,2025-04-21,Expense,Education,Tuition,3805.99,Unknown,Primary Savings,No,Discretionary,Employer,4000.0,Education transaction #525,None,2025,4,Apr,Q2,Monday,False
TXN101762,2024-12-24,Income,Gift,General,31277.16,Bank Transfer,Salary Account,No,N/A,Local Store,0.0,Gift transaction #1762,None,2024,12,Dec,Q4,Tuesday,False
TXN100544,2025-10-25,Expense,Education,Courses,5302.84,Debit Card,Cash Wallet,Yes,Discretionary,Freelance Client,4000.0,Education transaction #544,review,2025,10,Oct,Q4,Saturday,False
TXN102395,2025-11-20,Expense,Groceries,Groceries,6268.96,Debit Card,Primary Savings,No,Essential,BESCOM,6000.0,Groceries transaction #2395,one-time,2025,11,Nov,Q4,Thursday,False
TXN101828,2024-10-01,Expense,Rent,Housing,7908.28,Debit Card,Primary Savings,Yes,Essential,Apollo Pharmacy,15000.0,Rent transaction #1828,None,2024,10,Oct,Q4,Tuesday,False
TXN102242,2024-11-27,Expense,Food,Snacks,6336.19,UPI,Salary Account,Yes,Discretionary,Unknown Merchant,0.0,food transaction #2242,None,2024,11,Nov,Q4,Wednesday,False
TXN102343,2025-02-14,Expense,Transport,Public Transit,5177.47,Unknown,Salary Account,Yes,Discretionary,Uber,4000.0,Transport transaction #2343,None,2025,2,Feb,Q1,Friday,False
TXN101595,2024-06-03,Expense,Uncategorized,General,7549.0,Unknown,Cash Wallet,Yes,Discretionary,Netflix,0.0,Misc transaction #1595,review,2024,6,Jun,Q2,Monday,False
TXN101224,2024-08-16,Income,Salary,General,28069.49,Bank Transfer,Salary Account,Yes,N/A,Employer,0.0,Salary transaction #1224,None,2024,8,Aug,Q3,Friday,False
TXN100672,2024-04-29,Expense,Insurance,Health,3518.03,Credit Card,Credit Card A/C,Yes,Essential,Unknown Merchant,2000.0,Insurance transaction #672,None,2024,4,Apr,Q2,Monday,False
TXN100761,2024-03-19,Expense,Education,Books,1360.47,Credit Card,Primary Savings,No,Discretionary,Amazon,4000.0,Education transaction #761,review,2024,3,Mar,Q1,Tuesday,False
TXN100377,2025-04-06,Expense,Insurance,Health,1261.54,Net Banking,Credit Card A/C,Yes,Essential,Uber,2000.0,Insurance transaction #377,None,2025,4,Apr,Q2,Sunday,False
TXN102377,2024-12-09,Expense,Entertainment,Movies,5428.84,Unknown,Primary Savings,No,Discretionary,Uber,2500.0,Entertainment transaction #2377,reimbursable,2024,12,Dec,Q4,Monday,False
TXN101540,2025-06-22,Expense,Rent,Housing,1563.87,UPI,Salary Account,Yes,Essential,BESCOM,15000.0,Rent transaction #1540,review,2025,6,Jun,Q2,Sunday,False
TXN100743,2025-03-11,Expense,Groceries,Groceries,3024.15,Net Banking,Primary Savings,Yes,Essential,Zomato,6000.0,Groceries transaction #743,None,2025,3,Mar,Q1,Tuesday,False
TXN101067,2025-05-05,Expense,Subscriptions,Memberships,5020.9,Net Banking,Primary Savings,Yes,Discretionary,Unknown Merchant,1500.0,Subscriptions transaction #1067,review,2025,5,May,Q2,Monday,False
TXN100653,2025-11-06,Expense,Insurance,Health,96.15,UPI,Cash Wallet,Yes,Essential,Uber,2000.0,Insurance transaction #653,reimbursable,2025,11,Nov,Q4,Thursday,False
TXN101809,2025-06-21,Expense,Entertainment,Events,5907.15,Cash,Cash Wallet,No,Discretionary,Local Store,2500.0,Entertainment transaction #1809,None,2025,6,Jun,Q2,Saturday,False
TXN101842,2024-11-18,Expense,Uncategorized,General,7514.58,Credit Card,Primary Savings,Yes,Discretionary,Uber,0.0,Misc transaction #1842,review,2024,11,Nov,Q4,Monday,False
TXN100867,2024-05-15,Expense,Food,Dining Out,5037.71,UPI,Primary Savings,Yes,Discretionary,Landlord,0.0,food transaction #867,review,2024,5,May,Q2,Wednesday,False
TXN101507,2024-01-24,Expense,Subscriptions,Memberships,5111.37,Cash,Primary Savings,Yes,Discretionary,Apollo Pharmacy,1500.0,Subscriptions transaction #1507,one-time,2024,1,Jan,Q1,Wednesday,False
TXN100847,2024-04-15,Expense,Education,Tuition,7940.79,Net Banking,Salary Account,Yes,Discretionary,Zomato,4000.0,Education transaction #847,None,2024,4,Apr,Q2,Monday,False
TXN101091,2024-09-24,Expense,Shopping,Clothing,5474.6,UPI,Cash Wallet,Yes,Discretionary,Uber,5000.0,Shopping transaction #1091,one-time,2024,9,Sep,Q3,Tuesday,False
TXN100138,2024-02-18,Expense,Insurance,Vehicle,931.32,Cash,Primary Savings,Yes,Essential,Freelance Client,2000.0,Insurance transaction #138,None,2024,2,Feb,Q1,Sunday,False
TXN100325,2025-01-27,Income,Gift,General,33959.0,Bank Transfer,Salary Account,No,N/A,Uber,0.0,Gift transaction #325,reimbursable,2025,1,Jan,Q1,Monday,False
TXN102038,2025-12-18,Expense,Food,Snacks,1505.14,Credit Card,Cash Wallet,No,Discretionary,Apollo Pharmacy,0.0,food transaction #2038,None,2025,12,Dec,Q4,Thursday,False
TXN100553,2025-03-02,Expense,Uncategorized,General,5554.25,Credit Card,Salary Account,No,Discretionary,Landlord,0.0,Misc transaction #553,None,2025,3,Mar,Q1,Sunday,False
TXN101039,2024-11-21,Expense,Uncategorized,General,3219.5,UPI,Credit Card A/C,No,Discretionary,Unknown Merchant,0.0,Misc transaction #1039,None,2024,11,Nov,Q4,Thursday,False
TXN101182,2024-08-25,Expense,Utilities,Electricity,4899.78,Credit Card,Primary Savings,No,Essential,Netflix,3000.0,Utilities transaction #1182,None,2024,8,Aug,Q3,Sunday,False
TXN101574,2024-03-01,Expense,Uncategorized,General,1024.96,Credit Card,Primary Savings,No,Discretionary,Landlord,0.0,Misc transaction #1574,None,2024,3,Mar,Q1,Friday,False
TXN102379,2024-07-11,Income,Salary,General,27817.27,Bank Transfer,Salary Account,Yes,N/A,Employer,0.0,Salary transaction #2379,None,2024,7,Jul,Q3,Thursday,False
TXN102066,2025-09-10,Expense,Education,Books,635.84,Debit Card,Credit Card A/C,No,Discretionary,Freelance Client,4000.0,Education transaction #2066,None,2025,9,Sep,Q3,Wednesday,False
TXN101685,2024-05-30,Income,Bonus,General,24946.32,Bank Transfer,Salary Account,No,N/A,Amazon,0.0,Bonus transaction #1685,reimbursable,2024,5,May,Q2,Thursday,False
TXN102329,2024-10-12,Income,Investment,General,67259.5,Bank Transfer,Salary Account,No,N/A,Apollo Pharmacy,0.0,Investment transaction #2329,None,2024,10,Oct,Q4,Saturday,False
TXN101278,2025-10-21,Expense,Food,Dining Out,7282.96,Credit Card,Cash Wallet,No,Discretionary,Landlord,0.0,food transaction #1278,None,2025,10,Oct,Q4,Tuesday,False
TXN101083,2025-08-30,Income,Gift,General,31646.93,Bank Transfer,Salary Account,No,N/A,Netflix,0.0,Gift transaction #1083,reimbursable,2025,8,Aug,Q3,Saturday,False
TXN102327,2024-06-19,Expense,Uncategorized,General,3674.25,Unknown,Primary Savings,Yes,Discretionary,Landlord,0.0,Misc transaction #2327,review,2024,6,Jun,Q2,Wednesday,False
TXN101611,2024-07-03,Income,Bonus,General,89627.88,Bank Transfer,Salary Account,No,N/A,BESCOM,0.0,Bonus transaction #1611,review,2024,7,Jul,Q3,Wednesday,False
TXN101520,2024-12-16,Expense,Utilities,Water,4212.5,Cash,Cash Wallet,Yes,Essential,Swiggy,3000.0,Utilities transaction #1520,None,2024,12,Dec,Q4,Monday,False
TXN100327,2024-11-15,Income,Bonus,General,55233.55,Bank Transfer,Salary Account,No,N/A,Netflix,0.0,Bonus transaction #327,None,2024,11,Nov,Q4,Friday,False
TXN101433,2025-10-04,Expense,Insurance,Health,6587.4,Credit Card,Primary Savings,Yes,Essential,Unknown Merchant,2000.0,Insurance transaction #1433,None,2025,10,Oct,Q4,Saturday,False
TXN100099,2025-04-10,Income,Freelance,General,64919.31,Bank Transfer,Salary Account,No,N/A,Employer,0.0,Freelance transaction #99,None,2025,4,Apr,Q2,Thursday,False
TXN100328,2024-10-24,Expense,Education,Tuition,3497.64,Unknown,Salary Account,No,Discretionary,Apollo Pharmacy,4000.0,Education transaction #328,one-time,2024,10,Oct,Q4,Thursday,False
TXN101780,2024-08-27,Income,Salary,General,29410.94,Bank Transfer,Salary Account,Yes,N/A,Employer,0.0,Salary transaction #1780,None,2024,8,Aug,Q3,Tuesday,False
TXN101202,2025-08-06,Expense,Subscriptions,Streaming,3951.94,Unknown,Salary Account,Yes,Discretionary,Local Store,1500.0,Subscriptions transaction #1202,reimbursable,2025,8,Aug,Q3,Wednesday,False
TXN100595,2025-02-25,Expense,Rent,Housing,4051.89,Credit Card,Primary Savings,Yes,Essential,Local Store,15000.0,Rent transaction #595,None,2025,2,Feb,Q1,Tuesday,False
TXN100590,2025-05-18,Expense,Insurance,Life,6129.51,Cash,Primary Savings,Yes,Essential,Employer,2000.0,Insurance transaction #590,reimbursable,2025,5,May,Q2,Sunday,False
TXN100999,2025-04-09,Expense,Food,Dining Out,2198.87,Net Banking,Cash Wallet,No,Discretionary,Zomato,8000.0,Food transaction #999,one-time,2025,4,Apr,Q2,Wednesday,False
TXN100824,2024-02-07,Expense,Utilities,Electricity,4837.05,Credit Card,Credit Card A/C,No,Essential,Swiggy,3000.0,Utilities transaction #824,reimbursable,2024,2,Feb,Q1,Wednesday,False
TXN101417,2025-10-25,Expense,Entertainment,Streaming,3060.86,Net Banking,Credit Card A/C,No,Discretionary,Freelance Client,2500.0,Entertainment transaction #1417,None,2025,10,Oct,Q4,Saturday,False
TXN102144,2024-03-01,Expense,Rent,Housing,3236.17,UPI,Primary Savings,Yes,Essential,Local Store,15000.0,Rent transaction #2144,review,2024,3,Mar,Q1,Friday,False
TXN101163,2024-09-28,Expense,Food,Groceries,7116.12,UPI,Salary Account,No,Discretionary,Amazon,8000.0,Food transaction #1163,review,2024,9,Sep,Q3,Saturday,False
TXN100808,2024-05-30,Expense,Rent,Housing,2505.69,Unknown,Primary Savings,Yes,Essential,Netflix,15000.0,Rent transaction #808,one-time,2024,5,May,Q2,Thursday,False
TXN100727,2025-11-06,Expense,Healthcare,Doctor Visit,3453.44,Net Banking,Primary Savings,No,Essential,Freelance Client,3000.0,Healthcare transaction #727,one-time,2025,11,Nov,Q4,Thursday,False
TXN101284,2024-08-20,Expense,Insurance,Vehicle,467.24,Unknown,Salary Account,Yes,Essential,Apollo Pharmacy,2000.0,Insurance transaction #1284,None,2024,8,Aug,Q3,Tuesday,False
TXN101504,2025-05-26,Expense,Rent,Housing,6679.96,Unknown,Primary Savings,Yes,Essential,Apollo Pharmacy,15000.0,Rent transaction #1504,None,2025,5,May,Q2,Monday,False
TXN101541,2024-01-08,Expense,Groceries,Groceries,5919.46,UPI,Salary Account,No,Essential,Netflix,6000.0,Groceries transaction #1541,reimbursable,2024,1,Jan,Q1,Monday,False
TXN102165,2024-11-19,Expense,Uncategorized,General,5040.11,Cash,Primary Savings,No,Discretionary,Apollo Pharmacy,0.0,Misc transaction #2165,review,2024,11,Nov,Q4,Tuesday,False
TXN101077,2024-06-23,Income,Gift,General,46997.65,Bank Transfer,Salary Account,No,N/A,Landlord,0.0,Gift transaction #1077,one-time,2024,6,Jun,Q2,Sunday,False
TXN102483,2025-07-14,Expense,Subscriptions,Memberships,3014.27,Credit Card,Credit Card A/C,Yes,Discretionary,Local Store,1500.0,Subscriptions transaction #2483,None,2025,7,Jul,Q3,Monday,False
TXN100182,2024-01-15,Expense,Uncategorized,General,5411.49,Credit Card,Salary Account,No,Discretionary,Local Store,0.0,Misc transaction #182,review,2024,1,Jan,Q1,Monday,False
TXN100374,2024-12-18,Expense,Insurance,Vehicle,1512.74,Net Banking,Credit Card A/C,Yes,Essential,BESCOM,2000.0,Insurance transaction #374,reimbursable,2024,12,Dec,Q4,Wednesday,False
TXN100855,2025-10-06,Expense,Shopping,Clothing,4213.91,Net Banking,Primary Savings,Yes,Discretionary,Employer,5000.0,Shopping transaction #855,None,2025,10,Oct,Q4,Monday,False
TXN102334,2024-09-06,Expense,Subscriptions,Streaming,2926.67,Debit Card,Cash Wallet,Yes,Discretionary,Freelance Client,1500.0,Subscriptions transaction #2334,None,2024,9,Sep,Q3,Friday,False
TXN101489,2025-12-03,Expense,Uncategorized,General,4251.61,Net Banking,Credit Card A/C,Yes,Discretionary,Netflix,0.0,Misc transaction #1489,one-time,2025,12,Dec,Q4,Wednesday,False
TXN100578,2024-11-20,Expense,Rent,Housing,7804.95,Net Banking,Credit Card A/C,Yes,Essential,Zomato,15000.0,Rent transaction #578,one-time,2024,11,Nov,Q4,Wednesday,False
TXN101592,2025-04-07,Expense,Entertainment,Events,7420.46,Net Banking,Cash Wallet,No,Discretionary,Apollo Pharmacy,2500.0,Entertainment transaction #1592,None,2025,4,Apr,Q2,Monday,False
TXN101051,2024-12-11,Expense,Food,Dining Out,4809.9,UPI,Credit Card A/C,Yes,Discretionary,Landlord,8000.0,Food transaction #1051,None,2024,12,Dec,Q4,Wednesday,False
TXN100789,2024-04-01,Income,Gift,General,74368.38,Bank Transfer,Salary Account,No,N/A,Uber,0.0,Gift transaction #789,None,2024,4,Apr,Q2,Monday,False
TXN101641,2025-12-09,Expense,Healthcare,Doctor Visit,410.21,UPI,Cash Wallet,No,Essential,Zomato,3000.0,Healthcare transaction #1641,None,2025,12,Dec,Q4,Tuesday,False
TXN100941,2025-12-26,Expense,Rent,Housing,1789.34,Debit Card,Cash Wallet,Yes,Essential,Apollo Pharmacy,15000.0,Rent transaction #941,one-time,2025,12,Dec,Q4,Friday,False
TXN100172,2024-07-31,Expense,Insurance,Health,2544.33,Credit Card,Cash Wallet,Yes,Essential,Landlord,2000.0,Insurance transaction #172,review,2024,7,Jul,Q3,Wednesday,False
TXN101625,2025-06-29,Income,Gift,General,44524.81,Bank Transfer,Salary Account,No,N/A,Freelance Client,0.0,Gift transaction #1625,reimbursable,2025,6,Jun,Q2,Sunday,False
TXN100330,2025-01-19,Expense,Utilities,Internet,4771.7,UPI,Primary Savings,Yes,Essential,Amazon,3000.0,Utilities transaction #330,one-time,2025,1,Jan,Q1,Sunday,False
TXN100951,2025-08-31,Expense,Healthcare,Insurance Premium,111125.3,Cash,Primary Savings,Yes,Essential,Amazon,3000.0,Healthcare transaction #951,None,2025,8,Aug,Q3,Sunday,True
TXN100487,2025-04-14,Expense,Healthcare,Insurance Premium,4883.47,Cash,Salary Account,Yes,Essential,Employer,3000.0,Healthcare transaction #487,one-time,2025,4,Apr,Q2,Monday,False
TXN100796,2024-12-30,Expense,Uncategorized,General,3682.51,Unknown,Cash Wallet,Yes,Discretionary,Amazon,0.0,Misc transaction #796,None,2024,12,Dec,Q4,Monday,False
TXN102081,2025-03-05,Income,Gift,General,73325.66,Bank Transfer,Salary Account,No,N/A,Swiggy,0.0,Gift transaction #2081,None,2025,3,Mar,Q1,Wednesday,False
TXN101369,2025-08-26,Expense,Utilities,Internet,2000.11,UPI,Cash Wallet,No,Essential,Netflix,3000.0,Utilities transaction #1369,one-time,2025,8,Aug,Q3,Tuesday,False
TXN102309,2025-10-15,Income,Freelance,General,46683.34,Bank Transfer,Salary Account,No,N/A,Uber,0.0,Freelance transaction #2309,None,2025,10,Oct,Q4,Wednesday,False
TXN100593,2024-02-19,Expense,Education,Tuition,4135.24,Unknown,Salary Account,Yes,Discretionary,Employer,4000.0,Education transaction #593,None,2024,2,Feb,Q1,Monday,False
TXN100469,2024-07-09,Expense,Healthcare,Insurance Premium,220.83,Credit Card,Credit Card A/C,No,Essential,Apollo Pharmacy,3000.0,Healthcare transaction #469,None,2024,7,Jul,Q3,Tuesday,False
TXN102386,2024-06-12,Income,Gift,General,85303.65,Bank Transfer,Salary Account,No,N/A,Local Store,0.0,Gift transaction #2386,one-time,2024,6,Jun,Q2,Wednesday,False
TXN101524,2024-04-14,Expense,Education,Courses,3160.19,Debit Card,Primary Savings,No,Discretionary,Landlord,4000.0,Education transaction #1524,reimbursable,2024,4,Apr,Q2,Sunday,False
TXN102414,2025-05-04,Expense,Food,Groceries,1778.45,Unknown,Credit Card A/C,No,Discretionary,Zomato,8000.0,Food transaction #2414,one-time,2025,5,May,Q2,Sunday,False
TXN101399,2024-01-31,Expense,Shopping,Electronics,4123.74,Cash,Salary Account,Yes,Discretionary,BESCOM,5000.0,Shopping transaction #1399,reimbursable,2024,1,Jan,Q1,Wednesday,False
TXN100321,2024-11-10,Expense,Entertainment,Streaming,2387.71,UPI,Cash Wallet,Yes,Discretionary,Freelance Client,2500.0,Entertainment transaction #321,None,2024,11,Nov,Q4,Sunday,False
TXN102068,2025-08-05,Expense,Rent,Housing,3046.79,Net Banking,Salary Account,Yes,Essential,Employer,15000.0,Rent transaction #2068,review,2025,8,Aug,Q3,Tuesday,False
TXN101893,2024-11-01,Expense,Rent,Housing,6667.43,Unknown,Salary Account,Yes,Essential,Swiggy,15000.0,Rent transaction #1893,reimbursable,2024,11,Nov,Q4,Friday,False
TXN101420,2025-04-29,Expense,Education,Courses,2815.35,Unknown,Salary Account,No,Discretionary,BESCOM,4000.0,Education transaction #1420,one-time,2025,4,Apr,Q2,Tuesday,False
TXN102088,2024-09-11,Expense,Food,Dining Out,3960.58,Cash,Primary Savings,Yes,Discretionary,Netflix,0.0,food transaction #2088,None,2024,9,Sep,Q3,Wednesday,False
TXN100907,2025-08-13,Expense,Entertainment,Streaming,7178.41,Net Banking,Primary Savings,No,Discretionary,Freelance Client,2500.0,Entertainment transaction #907,None,2025,8,Aug,Q3,Wednesday,False
TXN101609,2025-03-08,Expense,Education,Tuition,2029.36,Net Banking,Cash Wallet,No,Discretionary,Netflix,4000.0,Education transaction #1609,None,2025,3,Mar,Q1,Saturday,False
TXN100782,2024-09-20,Expense,Utilities,Water,4519.03,Cash,Primary Savings,No,Essential,Swiggy,3000.0,Utilities transaction #782,None,2024,9,Sep,Q3,Friday,False
TXN100164,2024-05-17,Expense,Subscriptions,SaaS Tools,2959.2,Cash,Primary Savings,Yes,Discretionary,Employer,1500.0,Subscriptions transaction #164,None,2024,5,May,Q2,Friday,False
TXN101484,2025-02-21,Expense,Food,Snacks,3214.05,UPI,Cash Wallet,No,Discretionary,Amazon,8000.0,Food transaction #1484,None,2025,2,Feb,Q1,Friday,False
TXN101439,2024-07-19,Expense,Shopping,Home Goods,773.65,Net Banking,Primary Savings,Yes,Discretionary,Amazon,5000.0,Shopping transaction #1439,None,2024,7,Jul,Q3,Friday,False
TXN101084,2024-07-22,Expense,Groceries,Groceries,2698.52,UPI,Primary Savings,No,Essential,Swiggy,6000.0,Groceries transaction #1084,None,2024,7,Jul,Q3,Monday,False
TXN102256,2024-05-04,Expense,Uncategorized,General,1163.06,Credit Card,Salary Account,Yes,Discretionary,Swiggy,0.0,Misc transaction #2256,reimbursable,2024,5,May,Q2,Saturday,False
TXN100779,2024-08-29,Expense,Shopping,Home Goods,1355.06,Credit Card,Salary Account,No,Discretionary,Swiggy,5000.0,Shopping transaction #779,reimbursable,2024,8,Aug,Q3,Thursday,False
TXN100399,2025-02-22,Expense,Rent,Housing,2066.38,Net Banking,Cash Wallet,Yes,Essential,Employer,15000.0,Rent transaction #399,review,2025,2,Feb,Q1,Saturday,False
TXN100801,2024-06-21,Expense,Food,Dining Out,1965.17,Credit Card,Salary Account,Yes,Discretionary,Zomato,0.0,food transaction #801,None,2024,6,Jun,Q2,Friday,False
TXN101961,2024-03-17,Expense,Entertainment,Movies,852.43,UPI,Cash Wallet,No,Discretionary,Unknown Merchant,2500.0,Entertainment transaction #1961,reimbursable,2024,3,Mar,Q1,Sunday,False
TXN100813,2024-11-07,Expense,Rent,Housing,3885.41,Credit Card,Salary Account,Yes,Essential,BESCOM,15000.0,Rent transaction #813,review,2024,11,Nov,Q4,Thursday,False
TXN102173,2025-01-31,Expense,Transport,Fuel,5666.2,Unknown,Cash Wallet,No,Discretionary,Employer,4000.0,Transport transaction #2173,None,2025,1,Jan,Q1,Friday,False
TXN100028,2024-04-16,Expense,Rent,Housing,900.94,Net Banking,Salary Account,Yes,Essential,Netflix,15000.0,Rent transaction #28,None,2024,4,Apr,Q2,Tuesday,False
TXN100641,2024-04-01,Expense,Rent,Housing,4230.41,Cash,Cash Wallet,Yes,Essential,Zomato,15000.0,Rent transaction #641,None,2024,4,Apr,Q2,Monday,False
TXN100752,2025-08-04,Expense,Rent,Housing,7954.35,Net Banking,Cash Wallet,Yes,Essential,Local Store,15000.0,Rent transaction #752,reimbursable,2025,8,Aug,Q3,Monday,False
TXN101638,2025-09-04,Expense,Shopping,Home Goods,2179.01,Credit Card,Salary Account,No,Discretionary,Swiggy,5000.0,Shopping transaction #1638,None,2025,9,Sep,Q3,Thursday,False
TXN100926,2024-10-05,Expense,Groceries,Groceries,3463.04,Net Banking,Credit Card A/C,No,Essential,Freelance Client,6000.0,Groceries transaction #926,None,2024,10,Oct,Q4,Saturday,False
TXN101691,2025-10-20,Expense,Shopping,Home Goods,1992.07,Unknown,Cash Wallet,No,Discretionary,BESCOM,5000.0,Shopping transaction #1691,None,2025,10,Oct,Q4,Monday,False
TXN102044,2025-06-05,Expense,Food,Snacks,6540.39,Credit Card,Cash Wallet,Yes,Discretionary,Landlord,0.0,food transaction #2044,None,2025,6,Jun,Q2,Thursday,False
TXN101555,2024-07-25,Income,Investment,General,36540.11,Bank Transfer,Salary Account,No,N/A,Local Store,0.0,Investment transaction #1555,reimbursable,2024,7,Jul,Q3,Thursday,False
TXN100451,2024-09-11,Expense,Rent,Housing,6141.95,Net Banking,Credit Card A/C,Yes,Essential,Freelance Client,15000.0,Rent transaction #451,None,2024,9,Sep,Q3,Wednesday,False
TXN101876,2024-04-13,Expense,Transport,Cab,4926.88,Unknown,Salary Account,Yes,Discretionary,Apollo Pharmacy,4000.0,Transport transaction #1876,None,2024,4,Apr,Q2,Saturday,False
TXN102464,2024-12-05,Expense,Food,Dining Out,6763.65,Debit Card,Primary Savings,Yes,Discretionary,Landlord,0.0,food transaction #2464,one-time,2024,12,Dec,Q4,Thursday,False
TXN100126,2024-12-08,Income,Salary,General,59057.42,Bank Transfer,Salary Account,Yes,N/A,Employer,0.0,Salary transaction #126,review,2024,12,Dec,Q4,Sunday,False
TXN102071,2025-09-05,Income,Freelance,General,48171.57,Bank Transfer,Salary Account,No,N/A,Amazon,0.0,Freelance transaction #2071,None,2025,9,Sep,Q3,Friday,False
TXN101371,2024-08-12,Expense,Transport,Cab,7412.11,Unknown,Credit Card A/C,No,Discretionary,Unknown Merchant,4000.0,Transport transaction #1371,None,2024,8,Aug,Q3,Monday,False
TXN100932,2024-01-05,Expense,Utilities,Electricity,3252.35,Net Banking,Primary Savings,No,Essential,Freelance Client,3000.0,Utilities transaction #932,one-time,2024,1,Jan,Q1,Friday,False
TXN101688,2025-01-18,Expense,Food,Groceries,3694.89,Credit Card,Credit Card A/C,No,Discretionary,Amazon,8000.0,Food transaction #1688,None,2025,1,Jan,Q1,Saturday,False
TXN101023,2024-12-29,Expense,Shopping,Home Goods,6686.7,Debit Card,Cash Wallet,Yes,Discretionary,Unknown Merchant,5000.0,Shopping transaction #1023,reimbursable,2024,12,Dec,Q4,Sunday,False
TXN100705,2025-12-31,Income,Bonus,General,26912.1,Bank Transfer,Salary Account,No,N/A,Swiggy,0.0,Bonus transaction #705,one-time,2025,12,Dec,Q4,Wednesday,False
TXN101140,2025-12-22,Expense,Insurance,Vehicle,6668.79,UPI,Credit Card A/C,Yes,Essential,Local Store,2000.0,Insurance transaction #1140,reimbursable,2025,12,Dec,Q4,Monday,False
TXN101128,2024-08-21,Expense,Entertainment,Events,5029.9,Debit Card,Primary Savings,No,Discretionary,Landlord,2500.0,Entertainment transaction #1128,reimbursable,2024,8,Aug,Q3,Wednesday,False
TXN100379,2025-04-01,Expense,Utilities,Water,1447.37,Net Banking,Primary Savings,No,Essential,Swiggy,3000.0,Utilities transaction #379,review,2025,4,Apr,Q2,Tuesday,False
TXN100351,2024-05-16,Income,Gift,General,69001.0,Bank Transfer,Salary Account,No,N/A,Unknown Merchant,0.0,Gift transaction #351,reimbursable,2024,5,May,Q2,Thursday,False
TXN100293,2025-01-30,Expense,Shopping,Clothing,3970.0,Cash,Credit Card A/C,No,Discretionary,Zomato,5000.0,Shopping transaction #293,reimbursable,2025,1,Jan,Q1,Thursday,False
TXN101653,2025-04-10,Expense,Insurance,Vehicle,6656.74,Credit Card,Cash Wallet,Yes,Essential,Amazon,2000.0,Insurance transaction #1653,None,2025,4,Apr,Q2,Thursday,False
TXN102011,2024-01-19,Expense,Utilities,Water,5284.77,Credit Card,Credit Card A/C,No,Essential,BESCOM,3000.0,Utilities transaction #2011,None,2024,1,Jan,Q1,Friday,False
TXN101416,2024-10-10,Expense,Groceries,Groceries,5752.03,Unknown,Primary Savings,No,Essential,Zomato,6000.0,Groceries transaction #1416,None,2024,10,Oct,Q4,Thursday,False
TXN101168,2024-09-13,Expense,Insurance,Health,7792.96,Unknown,Credit Card A/C,Yes,Essential,Swiggy,2000.0,Insurance transaction #1168,None,2024,9,Sep,Q3,Friday,False
TXN100884,2025-12-10,Expense,Entertainment,Events,6626.67,Credit Card,Primary Savings,No,Discretionary,Freelance Client,2500.0,Entertainment transaction #884,None,2025,12,Dec,Q4,Wednesday,False
TXN101115,2024-03-07,Expense,Transport,Public Transit,1998.12,Net Banking,Cash Wallet,Yes,Discretionary,Swiggy,4000.0,Transport transaction #1115,None,2024,3,Mar,Q1,Thursday,False
TXN101939,2025-03-19,Expense,Groceries,Groceries,2091.38,Credit Card,Primary Savings,No,Essential,Freelance Client,6000.0,Groceries transaction #1939,review,2025,3,Mar,Q1,Wednesday,False
TXN101022,2024-10-27,Income,Investment,General,61403.46,Bank Transfer,Salary Account,No,N/A,Employer,0.0,Investment transaction #1022,None,2024,10,Oct,Q4,Sunday,False
TXN100023,2024-03-03,Expense,Food,Groceries,4047.66,Net Banking,Salary Account,Yes,Discretionary,Landlord,8000.0,Food transaction #23,reimbursable,2024,3,Mar,Q1,Sunday,False
TXN101860,2025-06-10,Expense,Utilities,Internet,7212.5,Unknown,Cash Wallet,No,Essential,Apollo Pharmacy,3000.0,Utilities transaction #1860,None,2025,6,Jun,Q2,Tuesday,False
TXN102090,2025-08-25,Expense,Uncategorized,General,7521.18,Unknown,Primary Savings,Yes,Discretionary,Landlord,0.0,Misc transaction #2090,reimbursable,2025,8,Aug,Q3,Monday,False
TXN100755,2024-02-28,Expense,Food,Groceries,7283.01,Cash,Salary Account,Yes,Discretionary,Swiggy,8000.0,Food transaction #755,None,2024,2,Feb,Q1,Wednesday,False
TXN100090,2024-02-20,Expense,Subscriptions,SaaS Tools,7228.33,Credit Card,Credit Card A/C,Yes,Discretionary,BESCOM,1500.0,Subscriptions transaction #90,review,2024,2,Feb,Q1,Tuesday,False
TXN100959,2024-10-22,Income,Investment,General,21091.47,Bank Transfer,Salary Account,No,N/A,Amazon,0.0,Investment transaction #959,None,2024,10,Oct,Q4,Tuesday,False
TXN101158,2024-01-08,Expense,Shopping,Electronics,845.52,Debit Card,Credit Card A/C,Yes,Discretionary,Local Store,5000.0,Shopping transaction #1158,None,2024,1,Jan,Q1,Monday,False
TXN101017,2025-03-31,Expense,Shopping,Electronics,4505.63,UPI,Credit Card A/C,No,Discretionary,Employer,5000.0,Shopping transaction #1017,None,2025,3,Mar,Q1,Monday,False
TXN100523,2025-04-05,Expense,Transport,Fuel,109.07,Cash,Salary Account,No,Discretionary,Local Store,4000.0,Transport transaction #523,None,2025,4,Apr,Q2,Saturday,False
TXN100000,2025-10-16,Income,Investment,General,37142.43,Bank Transfer,Salary Account,No,N/A,Swiggy,0.0,Investment transaction #0,reimbursable,2025,10,Oct,Q4,Thursday,False
TXN102164,2024-01-28,Expense,Rent,Housing,6628.82,UPI,Primary Savings,Yes,Essential,Unknown Merchant,15000.0,Rent transaction #2164,one-time,2024,1,Jan,Q1,Sunday,False
TXN100682,2025-03-07,Expense,Rent,Housing,3304.01,Cash,Credit Card A/C,Yes,Essential,Amazon,15000.0,Rent transaction #682,review,2025,3,Mar,Q1,Friday,False
TXN102007,2024-11-25,Expense,Education,Courses,5900.83,UPI,Credit Card A/C,No,Discretionary,Apollo Pharmacy,4000.0,Education transaction #2007,one-time,2024,11,Nov,Q4,Monday,False
TXN100381,2025-08-15,Expense,Groceries,Groceries,4435.17,Net Banking,Cash Wallet,Yes,Essential,Uber,6000.0,Groceries transaction #381,reimbursable,2025,8,Aug,Q3,Friday,False
TXN102070,2024-01-13,Expense,Transport,Cab,438.4,Debit Card,Salary Account,Yes,Discretionary,Uber,4000.0,Transport transaction #2070,None,2024,1,Jan,Q1,Saturday,False
TXN101491,2024-01-31,Expense,Rent,Housing,57.78,Unknown,Cash Wallet,Yes,Essential,Employer,15000.0,Rent transaction #1491,None,2024,1,Jan,Q1,Wednesday,False
TXN102387,2024-09-03,Income,Freelance,General,84606.3,Bank Transfer,Salary Account,No,N/A,Employer,0.0,Freelance transaction #2387,review,2024,9,Sep,Q3,Tuesday,False
TXN101251,2024-10-06,Expense,Uncategorized,General,5292.31,Debit Card,Primary Savings,Yes,Discretionary,Employer,0.0,Misc transaction #1251,None,2024,10,Oct,Q4,Sunday,False
TXN102421,2024-06-09,Expense,Food,Snacks,745.67,UPI,Cash Wallet,No,Discretionary,Freelance Client,0.0,food transaction #2421,None,2024,6,Jun,Q2,Sunday,False
TXN100915,2024-11-21,Expense,Shopping,Clothing,6419.32,Net Banking,Primary Savings,No,Discretionary,Freelance Client,5000.0,Shopping transaction #915,None,2024,11,Nov,Q4,Thursday,False
TXN100704,2024-06-21,Expense,Rent,Housing,1276.11,Cash,Salary Account,Yes,Essential,Amazon,15000.0,Rent transaction #704,None,2024,6,Jun,Q2,Friday,False
TXN101892,2025-07-25,Expense,Subscriptions,SaaS Tools,6931.12,Net Banking,Cash Wallet,Yes,Discretionary,BESCOM,1500.0,Subscriptions transaction #1892,one-time,2025,7,Jul,Q3,Friday,False
TXN102328,2025-05-07,Expense,Shopping,Clothing,92177.74,UPI,Cash Wallet,Yes,Discretionary,Swiggy,5000.0,Shopping transaction #2328,review,2025,5,May,Q2,Wednesday,True
TXN102274,2024-09-01,Expense,Transport,Fuel,4983.63,Debit Card,Credit Card A/C,No,Discretionary,Swiggy,4000.0,Transport transaction #2274,None,2024,9,Sep,Q3,Sunday,False
TXN100597,2024-08-15,Income,Freelance,General,68163.3,Bank Transfer,Salary Account,No,N/A,Netflix,0.0,Freelance transaction #597,None,2024,8,Aug,Q3,Thursday,False
TXN101706,2024-07-17,Income,Freelance,General,55233.67,Bank Transfer,Salary Account,No,N/A,Local Store,0.0,Freelance transaction #1706,None,2024,7,Jul,Q3,Wednesday,False
TXN101421,2025-02-03,Expense,Healthcare,Pharmacy,1111.22,Credit Card,Cash Wallet,No,Essential,BESCOM,3000.0,Healthcare transaction #1421,review,2025,2,Feb,Q1,Monday,False
TXN101720,2024-10-01,Expense,Insurance,Health,2915.92,Credit Card,Cash Wallet,Yes,Essential,Uber,2000.0,Insurance transaction #1720,None,2024,10,Oct,Q4,Tuesday,False
TXN100223,2024-11-22,Expense,Subscriptions,Memberships,4628.24,Credit Card,Credit Card A/C,Yes,Discretionary,Local Store,1500.0,Subscriptions transaction #223,None,2024,11,Nov,Q4,Friday,False
TXN100133,2025-04-17,Expense,Uncategorized,General,4243.31,Credit Card,Salary Account,Yes,Discretionary,Netflix,0.0,Misc transaction #133,None,2025,4,Apr,Q2,Thursday,False
TXN102351,2024-05-22,Income,Gift,General,89120.48,Bank Transfer,Salary Account,No,N/A,Unknown Merchant,0.0,Gift transaction #2351,reimbursable,2024,5,May,Q2,Wednesday,False
TXN100213,2025-05-01,Expense,Food,Snacks,7199.53,Net Banking,Primary Savings,Yes,Discretionary,Uber,0.0,food transaction #213,None,2025,5,May,Q2,Thursday,False
TXN101872,2025-02-14,Income,Investment,General,85286.63,Bank Transfer,Salary Account,No,N/A,Landlord,0.0,Investment transaction #1872,one-time,2025,2,Feb,Q1,Friday,False
TXN100572,2024-03-08,Expense,Healthcare,Pharmacy,7188.67,Debit Card,Primary Savings,Yes,Essential,Swiggy,3000.0,Healthcare transaction #572,one-time,2024,3,Mar,Q1,Friday,False
TXN101677,2025-01-14,Expense,Entertainment,Streaming,711.1,Credit Card,Primary Savings,Yes,Discretionary,Freelance Client,2500.0,Entertainment transaction #1677,None,2025,1,Jan,Q1,Tuesday,False
TXN101544,2024-05-25,Expense,Education,Tuition,3090.18,Unknown,Salary Account,Yes,Discretionary,Local Store,4000.0,Education transaction #1544,review,2024,5,May,Q2,Saturday,False
TXN100202,2024-04-30,Expense,Uncategorized,General,1978.62,Net Banking,Salary Account,No,Discretionary,BESCOM,0.0,Misc transaction #202,one-time,2024,4,Apr,Q2,Tuesday,False
TXN100077,2024-11-14,Expense,Education,Books,7938.44,UPI,Cash Wallet,Yes,Discretionary,Freelance Client,4000.0,Education transaction #77,review,2024,11,Nov,Q4,Thursday,False
TXN101962,2025-02-01,Expense,Shopping,Home Goods,1887.15,Net Banking,Credit Card A/C,Yes,Discretionary,Netflix,5000.0,Shopping transaction #1962,None,2025,2,Feb,Q1,Saturday,False
TXN102456,2024-07-25,Income,Gift,General,75871.88,Bank Transfer,Salary Account,No,N/A,Uber,0.0,Gift transaction #2456,one-time,2024,7,Jul,Q3,Thursday,False
TXN101412,2024-09-01,Expense,Food,Snacks,2222.85,Unknown,Salary Account,No,Discretionary,Landlord,8000.0,Food transaction #1412,reimbursable,2024,9,Sep,Q3,Sunday,False
TXN101654,2025-08-08,Expense,Rent,Housing,2921.59,Net Banking,Credit Card A/C,Yes,Essential,Zomato,15000.0,Rent transaction #1654,review,2025,8,Aug,Q3,Friday,False
TXN100439,2024-06-11,Expense,Food,Snacks,4191.36,Debit Card,Cash Wallet,No,Discretionary,BESCOM,8000.0,Food transaction #439,review,2024,6,Jun,Q2,Tuesday,False
TXN101736,2025-05-11,Expense,Entertainment,Movies,7732.56,Debit Card,Salary Account,Yes,Discretionary,Swiggy,2500.0,Entertainment transaction #1736,one-time,2025,5,May,Q2,Sunday,False
TXN100174,2024-10-22,Expense,Subscriptions,Memberships,3864.44,Net Banking,Credit Card A/C,Yes,Discretionary,Netflix,1500.0,Subscriptions transaction #174,one-time,2024,10,Oct,Q4,Tuesday,False
TXN101457,2024-05-13,Expense,Subscriptions,Memberships,877.54,Debit Card,Primary Savings,Yes,Discretionary,Apollo Pharmacy,1500.0,Subscriptions transaction #1457,None,2024,5,May,Q2,Monday,False
TXN100342,2025-11-23,Expense,Rent,Housing,7478.25,Net Banking,Cash Wallet,Yes,Essential,Apollo Pharmacy,15000.0,Rent transaction #342,one-time,2025,11,Nov,Q4,Sunday,False
TXN101032,2024-11-21,Expense,Education,Tuition,5027.34,Unknown,Primary Savings,Yes,Discretionary,Swiggy,4000.0,Education transaction #1032,None,2024,11,Nov,Q4,Thursday,False
TXN102495,2025-01-29,Expense,Rent,Housing,1298.04,Unknown,Credit Card A/C,Yes,Essential,Employer,15000.0,Rent transaction #2495,None,2025,1,Jan,Q1,Wednesday,False
TXN101575,2024-04-02,Expense,Shopping,Home Goods,154.38,UPI,Credit Card A/C,No,Discretionary,Zomato,5000.0,Shopping transaction #1575,review,2024,4,Apr,Q2,Tuesday,False
TXN100252,2025-01-26,Expense,Uncategorized,General,5150.53,Unknown,Salary Account,Yes,Discretionary,Landlord,0.0,Misc transaction #252,None,2025,1,Jan,Q1,Sunday,False
TXN100297,2025-07-21,Expense,Subscriptions,Memberships,2288.11,Credit Card,Primary Savings,Yes,Discretionary,Amazon,1500.0,Subscriptions transaction #297,one-time,2025,7,Jul,Q3,Monday,False
TXN100545,2025-03-24,Expense,Rent,Housing,5771.93,Net Banking,Salary Account,Yes,Essential,Apollo Pharmacy,15000.0,Rent transaction #545,review,2025,3,Mar,Q1,Monday,False
TXN100543,2024-12-07,Expense,Shopping,Clothing,7672.65,UPI,Credit Card A/C,No,Discretionary,Zomato,5000.0,Shopping transaction #543,None,2024,12,Dec,Q4,Saturday,False
TXN102270,2025-02-12,Expense,Rent,Housing,2445.29,Cash,Salary Account,Yes,Essential,Uber,15000.0,Rent transaction #2270,reimbursable,2025,2,Feb,Q1,Wednesday,False
TXN102445,2024-10-18,Income,Bonus,General,44608.71,Bank Transfer,Salary Account,No,N/A,Employer,0.0,Bonus transaction #2445,None,2024,10,Oct,Q4,Friday,False
TXN101346,2024-12-19,Expense,Food,Dining Out,3590.35,Cash,Primary Savings,No,Discretionary,Netflix,8000.0,Food transaction #1346,None,2024,12,Dec,Q4,Thursday,False
TXN100594,2025-12-02,Expense,Utilities,Internet,2932.06,Net Banking,Credit Card A/C,Yes,Essential,Amazon,3000.0,Utilities transaction #594,one-time,2025,12,Dec,Q4,Tuesday,False
TXN100908,2024-12-26,Expense,Shopping,Home Goods,2719.82,Credit Card,Cash Wallet,No,Discretionary,Uber,5000.0,Shopping transaction #908,reimbursable,2024,12,Dec,Q4,Thursday,False
TXN101895,2025-05-01,Income,Gift,General,47954.94,Bank Transfer,Salary Account,No,N/A,Unknown Merchant,0.0,Gift transaction #1895,None,2025,5,May,Q2,Thursday,False
TXN100490,2024-10-18,Expense,Subscriptions,Memberships,6309.1,Credit Card,Cash Wallet,Yes,Discretionary,Unknown Merchant,1500.0,Subscriptions transaction #490,None,2024,10,Oct,Q4,Friday,False
TXN102103,2024-02-12,Expense,Transport,Cab,2999.17,Credit Card,Primary Savings,No,Discretionary,Netflix,4000.0,Transport transaction #2103,reimbursable,2024,2,Feb,Q1,Monday,False
TXN101918,2025-07-10,Expense,Food,Snacks,7999.8,Cash,Salary Account,Yes,Discretionary,Amazon,0.0,food transaction #1918,reimbursable,2025,7,Jul,Q3,Thursday,True
TXN102234,2025-08-22,Income,Salary,General,33628.12,Bank Transfer,Salary Account,Yes,N/A,Employer,0.0,Salary transaction #2234,None,2025,8,Aug,Q3,Friday,False
TXN102253,2024-04-23,Expense,Food,Dining Out,7647.98,Cash,Salary Account,No,Discretionary,Amazon,8000.0,Food transaction #2253,None,2024,4,Apr,Q2,Tuesday,False
TXN102258,2025-07-21,Expense,Groceries,Groceries,7124.76,UPI,Primary Savings,Yes,Essential,Uber,6000.0,Groceries transaction #2258,None,2025,7,Jul,Q3,Monday,False
TXN100394,2025-12-01,Expense,Rent,Housing,7217.79,Net Banking,Primary Savings,Yes,Essential,Landlord,15000.0,Rent transaction #394,one-time,2025,12,Dec,Q4,Monday,False
TXN101723,2024-11-26,Expense,Entertainment,Events,2451.59,Cash,Salary Account,Yes,Discretionary,BESCOM,2500.0,Entertainment transaction #1723,None,2024,11,Nov,Q4,Tuesday,False
TXN100685,2024-11-17,Expense,Food,Dining Out,4902.69,Credit Card,Cash Wallet,No,Discretionary,Freelance Client,8000.0,Food transaction #685,reimbursable,2024,11,Nov,Q4,Sunday,False
TXN101320,2025-11-06,Expense,Entertainment,Events,581.21,Unknown,Salary Account,No,Discretionary,Zomato,2500.0,Entertainment transaction #1320,None,2025,11,Nov,Q4,Thursday,False
TXN100788,2024-03-23,Expense,Transport,Cab,3443.63,Unknown,Credit Card A/C,No,Discretionary,Employer,4000.0,Transport transaction #788,review,2024,3,Mar,Q1,Saturday,False
TXN102316,2024-10-15,Expense,Healthcare,Doctor Visit,336.93,Net Banking,Primary Savings,Yes,Essential,Apollo Pharmacy,3000.0,Healthcare transaction #2316,one-time,2024,10,Oct,Q4,Tuesday,False
TXN100254,2025-08-26,Expense,Entertainment,Streaming,1161.65,Debit Card,Primary Savings,Yes,Discretionary,Landlord,2500.0,Entertainment transaction #254,None,2025,8,Aug,Q3,Tuesday,False
TXN101841,2025-01-18,Expense,Food,Dining Out,6236.04,UPI,Credit Card A/C,No,Discretionary,Employer,8000.0,Food transaction #1841,None,2025,1,Jan,Q1,Saturday,False
TXN101715,2024-12-17,Expense,Education,Tuition,5404.37,UPI,Primary Savings,No,Discretionary,Employer,4000.0,Education transaction #1715,review,2024,12,Dec,Q4,Tuesday,False
TXN101269,2025-12-23,Expense,Utilities,Electricity,7549.54,Credit Card,Cash Wallet,No,Essential,Amazon,3000.0,Utilities transaction #1269,None,2025,12,Dec,Q4,Tuesday,False
TXN102124,2025-08-12,Income,Salary,General,24568.11,Bank Transfer,Salary Account,Yes,N/A,Employer,0.0,Salary transaction #2124,None,2025,8,Aug,Q3,Tuesday,False
TXN100408,2024-06-28,Expense,Food,Snacks,2389.3,UPI,Credit Card A/C,No,Discretionary,Unknown Merchant,0.0,food transaction #408,one-time,2024,6,Jun,Q2,Friday,False
TXN101868,2025-04-20,Expense,Food,Snacks,1055.97,Cash,Primary Savings,Yes,Discretionary,Zomato,8000.0,Food transaction #1868,None,2025,4,Apr,Q2,Sunday,False
TXN100357,2024-10-21,Expense,Food,Dining Out,7655.78,Unknown,Credit Card A/C,Yes,Discretionary,Amazon,8000.0,Food transaction #357,one-time,2024,10,Oct,Q4,Monday,False
TXN101222,2025-12-28,Expense,Insurance,Health,7035.51,Unknown,Credit Card A/C,Yes,Essential,Local Store,2000.0,Insurance transaction #1222,one-time,2025,12,Dec,Q4,Sunday,False
TXN100629,2025-06-18,Expense,Groceries,Groceries,767.48,Net Banking,Primary Savings,No,Essential,Uber,6000.0,Groceries transaction #629,review,2025,6,Jun,Q2,Wednesday,False
TXN100701,2024-07-16,Expense,Education,Tuition,7660.48,Net Banking,Salary Account,No,Discretionary,Landlord,4000.0,Education transaction #701,reimbursable,2024,7,Jul,Q3,Tuesday,False
TXN100295,2024-06-23,Expense,Rent,Housing,7190.09,UPI,Credit Card A/C,Yes,Essential,Employer,15000.0,Rent transaction #295,review,2024,6,Jun,Q2,Sunday,False
TXN100709,2024-05-25,Expense,Rent,Housing,3418.83,Net Banking,Cash Wallet,Yes,Essential,Amazon,15000.0,Rent transaction #709,reimbursable,2024,5,May,Q2,Saturday,False
TXN102286,2024-06-30,Expense,Insurance,Health,260.7,Net Banking,Salary Account,Yes,Essential,Landlord,2000.0,Insurance transaction #2286,None,2024,6,Jun,Q2,Sunday,False
TXN100011,2024-09-30,Expense,Entertainment,Movies,1307.35,UPI,Credit Card A/C,Yes,Discretionary,Landlord,2500.0,Entertainment transaction #11,None,2024,9,Sep,Q3,Monday,False
TXN100640,2025-10-24,Expense,Transport,Fuel,1626.22,Unknown,Salary Account,Yes,Discretionary,Local Store,4000.0,Transport transaction #640,None,2025,10,Oct,Q4,Friday,False
TXN102314,2024-03-18,Expense,Entertainment,Movies,5253.51,Debit Card,Salary Account,No,Discretionary,Netflix,2500.0,Entertainment transaction #2314,None,2024,3,Mar,Q1,Monday,False
TXN101333,2025-07-20,Expense,Uncategorized,General,4184.9,UPI,Credit Card A/C,Yes,Discretionary,BESCOM,0.0,Misc transaction #1333,None,2025,7,Jul,Q3,Sunday,False
TXN102181,2025-04-29,Expense,Utilities,Electricity,7917.92,Cash,Cash Wallet,No,Essential,Amazon,3000.0,Utilities transaction #2181,None,2025,4,Apr,Q2,Tuesday,False
TXN101447,2024-04-27,Expense,Education,Tuition,2372.5,Credit Card,Primary Savings,Yes,Discretionary,Employer,4000.0,Education transaction #1447,None,2024,4,Apr,Q2,Saturday,False
TXN100281,2024-09-12,Expense,Uncategorized,General,205.26,Cash,Credit Card A/C,No,Discretionary,Landlord,0.0,Misc transaction #281,reimbursable,2024,9,Sep,Q3,Thursday,False
TXN101036,2025-05-11,Expense,Insurance,Health,4370.14,Debit Card,Primary Savings,Yes,Essential,BESCOM,2000.0,Insurance transaction #1036,None,2025,5,May,Q2,Sunday,False
TXN100946,2025-06-26,Expense,Education,Books,446.48,Credit Card,Primary Savings,Yes,Discretionary,Zomato,4000.0,Education transaction #946,None,2025,6,Jun,Q2,Thursday,False
TXN100516,2025-03-31,Expense,Shopping,Clothing,5499.79,Net Banking,Cash Wallet,No,Discretionary,Apollo Pharmacy,5000.0,Shopping transaction #516,None,2025,3,Mar,Q1,Monday,False
TXN100922,2025-09-20,Expense,Food,Groceries,2073.28,UPI,Salary Account,Yes,Discretionary,Landlord,8000.0,Food transaction #922,None,2025,9,Sep,Q3,Saturday,False
TXN100618,2024-02-08,Expense,Shopping,Home Goods,3398.32,UPI,Cash Wallet,Yes,Discretionary,Uber,5000.0,Shopping transaction #618,reimbursable,2024,2,Feb,Q1,Thursday,False
TXN100148,2024-02-01,Income,Gift,General,67466.22,Bank Transfer,Salary Account,No,N/A,Apollo Pharmacy,0.0,Gift transaction #148,review,2024,2,Feb,Q1,Thursday,False
TXN100397,2025-08-12,Income,Freelance,General,37816.26,Bank Transfer,Salary Account,No,N/A,BESCOM,0.0,Freelance transaction #397,reimbursable,2025,8,Aug,Q3,Tuesday,False
TXN102384,2025-04-11,Expense,Healthcare,Doctor Visit,7981.62,Credit Card,Primary Savings,No,Essential,Apollo Pharmacy,3000.0,Healthcare transaction #2384,review,2025,4,Apr,Q2,Friday,False
TXN102480,2025-11-12,Expense,Shopping,Clothing,5531.01,Net Banking,Cash Wallet,No,Discretionary,Zomato,5000.0,Shopping transaction #2480,None,2025,11,Nov,Q4,Wednesday,False
TXN101351,2024-08-29,Income,Freelance,General,62184.4,Bank Transfer,Salary Account,No,N/A,Zomato,0.0,Freelance transaction #1351,None,2024,8,Aug,Q3,Thursday,False
TXN100719,2025-08-06,Expense,Education,Tuition,1575.22,Unknown,Primary Savings,No,Discretionary,Freelance Client,4000.0,Education transaction #719,one-time,2025,8,Aug,Q3,Wednesday,False
TXN101510,2024-04-17,Expense,Shopping,Home Goods,629.25,Unknown,Salary Account,Yes,Discretionary,Employer,5000.0,Shopping transaction #1510,one-time,2024,4,Apr,Q2,Wednesday,False
TXN101601,2024-09-29,Expense,Education,Tuition,4931.94,Cash,Salary Account,No,Discretionary,Local Store,4000.0,Education transaction #1601,reimbursable,2024,9,Sep,Q3,Sunday,False
TXN101767,2025-07-28,Expense,Transport,Fuel,4029.01,Credit Card,Cash Wallet,Yes,Discretionary,Employer,4000.0,Transport transaction #1767,reimbursable,2025,7,Jul,Q3,Monday,False
TXN101546,2025-11-02,Expense,Rent,Housing,1421.72,Net Banking,Salary Account,Yes,Essential,Unknown Merchant,15000.0,Rent transaction #1546,None,2025,11,Nov,Q4,Sunday,False
TXN102060,2024-09-11,Income,Gift,General,83663.09,Bank Transfer,Salary Account,No,N/A,Employer,0.0,Gift transaction #2060,review,2024,9,Sep,Q3,Wednesday,False
TXN101703,2025-11-01,Expense,Rent,Housing,7792.81,Debit Card,Salary Account,Yes,Essential,Unknown Merchant,15000.0,Rent transaction #1703,review,2025,11,Nov,Q4,Saturday,False
TXN101295,2024-05-25,Expense,Uncategorized,General,1006.58,Unknown,Primary Savings,No,Discretionary,Swiggy,0.0,Misc transaction #1295,None,2024,5,May,Q2,Saturday,False
TXN102339,2025-02-27,Expense,Shopping,Electronics,1958.52,Credit Card,Primary Savings,Yes,Discretionary,Zomato,5000.0,Shopping transaction #2339,review,2025,2,Feb,Q1,Thursday,False
TXN100655,2024-04-01,Income,Freelance,General,31405.85,Bank Transfer,Salary Account,No,N/A,Local Store,0.0,Freelance transaction #655,review,2024,4,Apr,Q2,Monday,False
TXN100626,2025-12-04,Expense,Shopping,Clothing,1575.73,Credit Card,Credit Card A/C,No,Discretionary,Apollo Pharmacy,5000.0,Shopping transaction #626,review,2025,12,Dec,Q4,Thursday,False
TXN100555,2025-06-26,Expense,Groceries,Groceries,7894.92,Net Banking,Salary Account,No,Essential,Freelance Client,6000.0,Groceries transaction #555,None,2025,6,Jun,Q2,Thursday,False
TXN101110,2024-04-18,Expense,Insurance,Vehicle,2576.31,Net Banking,Cash Wallet,Yes,Essential,BESCOM,2000.0,Insurance transaction #1110,one-time,2024,4,Apr,Q2,Thursday,False
TXN101188,2025-03-26,Expense,Groceries,Groceries,6514.63,Unknown,Cash Wallet,Yes,Essential,BESCOM,6000.0,Groceries transaction #1188,None,2025,3,Mar,Q1,Wednesday,False
TXN102138,2024-07-05,Expense,Shopping,Home Goods,7357.69,Credit Card,Salary Account,Yes,Discretionary,Employer,5000.0,Shopping transaction #2138,None,2024,7,Jul,Q3,Friday,False
TXN101120,2024-06-22,Expense,Insurance,Health,1982.4,Cash,Salary Account,Yes,Essential,Netflix,2000.0,Insurance transaction #1120,None,2024,6,Jun,Q2,Saturday,False
TXN101144,2024-07-23,Expense,Healthcare,Pharmacy,4395.35,Unknown,Credit Card A/C,No,Essential,Unknown Merchant,3000.0,Healthcare transaction #1144,None,2024,7,Jul,Q3,Tuesday,False
TXN100637,2024-07-07,Expense,Uncategorized,General,74.45,Credit Card,Credit Card A/C,No,Discretionary,Employer,0.0,Misc transaction #637,reimbursable,2024,7,Jul,Q3,Sunday,False
TXN102492,2024-12-17,Expense,Uncategorized,General,6480.32,Net Banking,Credit Card A/C,Yes,Discretionary,Swiggy,0.0,Misc transaction #2492,one-time,2024,12,Dec,Q4,Tuesday,False
TXN101801,2024-08-11,Income,Gift,General,42242.23,Bank Transfer,Salary Account,No,N/A,Freelance Client,0.0,Gift transaction #1801,one-time,2024,8,Aug,Q3,Sunday,False
TXN101217,2025-12-01,Expense,Education,Courses,759.04,Net Banking,Salary Account,No,Discretionary,Unknown Merchant,4000.0,Education transaction #1217,None,2025,12,Dec,Q4,Monday,False
TXN101791,2025-03-01,Expense,Subscriptions,Memberships,7334.83,UPI,Cash Wallet,Yes,Discretionary,Amazon,1500.0,Subscriptions transaction #1791,review,2025,3,Mar,Q1,Saturday,False
TXN100326,2024-07-14,Income,Salary,General,63868.09,Bank Transfer,Salary Account,Yes,N/A,Employer,0.0,Salary transaction #326,None,2024,7,Jul,Q3,Sunday,False
TXN101367,2024-09-28,Expense,Uncategorized,General,3773.04,Credit Card,Cash Wallet,Yes,Discretionary,Zomato,0.0,Misc transaction #1367,None,2024,9,Sep,Q3,Saturday,False
TXN101132,2025-08-26,Expense,Healthcare,Doctor Visit,4674.62,UPI,Cash Wallet,Yes,Essential,Employer,3000.0,Healthcare transaction #1132,one-time,2025,8,Aug,Q3,Tuesday,False
TXN101179,2025-09-19,Expense,Food,Groceries,1165.41,Cash,Salary Account,Yes,Discretionary,Local Store,0.0,food transaction #1179,one-time,2025,9,Sep,Q3,Friday,False
TXN101554,2025-12-22,Expense,Insurance,Vehicle,1932.53,Net Banking,Cash Wallet,Yes,Essential,Amazon,2000.0,Insurance transaction #1554,None,2025,12,Dec,Q4,Monday,False
TXN102288,2025-10-03,Expense,Healthcare,Pharmacy,6615.95,Unknown,Cash Wallet,Yes,Essential,Uber,3000.0,Healthcare transaction #2288,review,2025,10,Oct,Q4,Friday,False
TXN100667,2024-01-28,Expense,Insurance,Life,3514.52,Unknown,Salary Account,Yes,Essential,Zomato,2000.0,Insurance transaction #667,one-time,2024,1,Jan,Q1,Sunday,False
TXN100873,2024-10-20,Expense,Food,Dining Out,5310.77,Debit Card,Primary Savings,Yes,Discretionary,Swiggy,0.0,food transaction #873,None,2024,10,Oct,Q4,Sunday,False
TXN100375,2024-02-25,Expense,Education,Books,631.5,Unknown,Primary Savings,No,Discretionary,Zomato,4000.0,Education transaction #375,None,2024,2,Feb,Q1,Sunday,False
TXN101847,2025-10-19,Expense,Transport,Public Transit,2601.83,Unknown,Credit Card A/C,No,Discretionary,Swiggy,4000.0,Transport transaction #1847,None,2025,10,Oct,Q4,Sunday,False
TXN101646,2024-10-02,Income,Salary,General,83349.1,Bank Transfer,Salary Account,Yes,N/A,Employer,0.0,Salary transaction #1646,None,2024,10,Oct,Q4,Wednesday,False
TXN101053,2024-06-14,Expense,Food,Groceries,6964.51,UPI,Primary Savings,No,Discretionary,Apollo Pharmacy,0.0,food transaction #1053,one-time,2024,6,Jun,Q2,Friday,False
TXN100480,2025-06-21,Expense,Subscriptions,Streaming,3640.3,UPI,Salary Account,Yes,Discretionary,Landlord,1500.0,Subscriptions transaction #480,None,2025,6,Jun,Q2,Saturday,False
TXN100986,2024-03-17,Expense,Transport,Public Transit,4025.37,Cash,Primary Savings,Yes,Discretionary,Employer,4000.0,Transport transaction #986,None,2024,3,Mar,Q1,Sunday,False
TXN100596,2024-01-18,Expense,Utilities,Internet,6545.46,Net Banking,Credit Card A/C,Yes,Essential,Unknown Merchant,3000.0,Utilities transaction #596,None,2024,1,Jan,Q1,Thursday,False
TXN101502,2025-11-14,Expense,Utilities,Water,5821.59,Credit Card,Credit Card A/C,Yes,Essential,Swiggy,3000.0,Utilities transaction #1502,None,2025,11,Nov,Q4,Friday,False
TXN101372,2024-03-24,Expense,Groceries,Groceries,5319.91,Debit Card,Primary Savings,No,Essential,Local Store,6000.0,Groceries transaction #1372,one-time,2024,3,Mar,Q1,Sunday,False
TXN102430,2024-12-03,Expense,Food,Groceries,4836.31,UPI,Salary Account,No,Discretionary,Freelance Client,8000.0,Food transaction #2430,None,2024,12,Dec,Q4,Tuesday,False
TXN100720,2025-10-18,Expense,Insurance,Life,2617.84,Cash,Credit Card A/C,Yes,Essential,Zomato,2000.0,Insurance transaction #720,None,2025,10,Oct,Q4,Saturday,False
TXN101509,2025-10-06,Expense,Insurance,Life,3177.19,Unknown,Credit Card A/C,Yes,Essential,Amazon,2000.0,Insurance transaction #1509,one-time,2025,10,Oct,Q4,Monday,False
TXN100471,2025-07-22,Expense,Transport,Fuel,3173.13,Credit Card,Primary Savings,No,Discretionary,Landlord,4000.0,Transport transaction #471,review,2025,7,Jul,Q3,Tuesday,False
TXN101386,2024-07-03,Expense,Uncategorized,General,75250.93,Debit Card,Credit Card A/C,No,Discretionary,Amazon,0.0,Misc transaction #1386,reimbursable,2024,7,Jul,Q3,Wednesday,True
TXN100016,2024-08-18,Income,Salary,General,61181.61,Bank Transfer,Salary Account,Yes,N/A,Employer,0.0,Salary transaction #16,None,2024,8,Aug,Q3,Sunday,False
TXN101877,2025-07-11,Expense,Uncategorized,General,3308.38,Debit Card,Salary Account,No,Discretionary,Swiggy,0.0,Misc transaction #1877,None,2025,7,Jul,Q3,Friday,False
TXN102488,2024-01-18,Expense,Subscriptions,Memberships,5789.96,Net Banking,Cash Wallet,Yes,Discretionary,Freelance Client,1500.0,Subscriptions transaction #2488,None,2024,1,Jan,Q1,Thursday,False
TXN100075,2025-06-10,Expense,Food,Snacks,3722.71,UPI,Salary Account,No,Discretionary,Employer,8000.0,Food transaction #75,None,2025,6,Jun,Q2,Tuesday,False
TXN100134,2025-07-21,Expense,Subscriptions,Memberships,2316.25,Credit Card,Credit Card A/C,Yes,Discretionary,Apollo Pharmacy,1500.0,Subscriptions transaction #134,one-time,2025,7,Jul,Q3,Monday,False
TXN100001,2024-03-30,Expense,Food,Groceries,1899.65,Net Banking,Primary Savings,Yes,Discretionary,Unknown Merchant,8000.0,Food transaction #1,None,2024,3,Mar,Q1,Saturday,False
TXN100762,2025-04-17,Expense,Subscriptions,SaaS Tools,3203.56,UPI,Credit Card A/C,Yes,Discretionary,Zomato,1500.0,Subscriptions transaction #762,review,2025,4,Apr,Q2,Thursday,False
TXN100437,2024-09-29,Expense,Food,Snacks,1577.93,Debit Card,Cash Wallet,Yes,Discretionary,Zomato,0.0,food transaction #437,one-time,2024,9,Sep,Q3,Sunday,False
TXN102110,2025-02-11,Expense,Rent,Housing,5502.34,Credit Card,Primary Savings,Yes,Essential,Apollo Pharmacy,15000.0,Rent transaction #2110,review,2025,2,Feb,Q1,Tuesday,False
TXN102404,2024-11-17,Income,Freelance,General,39657.21,Bank Transfer,Salary Account,No,N/A,Amazon,0.0,Freelance transaction #2404,None,2024,11,Nov,Q4,Sunday,False
TXN100319,2025-12-26,Expense,Transport,Cab,1817.79,Net Banking,Cash Wallet,No,Discretionary,Landlord,4000.0,Transport transaction #319,review,2025,12,Dec,Q4,Friday,False
TXN102467,2024-05-24,Expense,Groceries,Groceries,718.27,Net Banking,Salary Account,Yes,Essential,Netflix,6000.0,Groceries transaction #2467,None,2024,5,May,Q2,Friday,False
TXN100931,2024-10-08,Expense,Food,Dining Out,2648.65,Cash,Salary Account,Yes,Discretionary,Netflix,0.0,food transaction #931,reimbursable,2024,10,Oct,Q4,Tuesday,False
TXN102042,2024-04-30,Expense,Food,Dining Out,4510.22,Unknown,Primary Savings,No,Discretionary,Freelance Client,8000.0,Food transaction #2042,one-time,2024,4,Apr,Q2,Tuesday,False
TXN100518,2024-07-19,Expense,Entertainment,Streaming,7309.97,Debit Card,Cash Wallet,No,Discretionary,Zomato,2500.0,Entertainment transaction #518,reimbursable,2024,7,Jul,Q3,Friday,False
TXN100689,2024-02-18,Expense,Food,Dining Out,5908.03,Cash,Credit Card A/C,Yes,Discretionary,Unknown Merchant,0.0,food transaction #689,review,2024,2,Feb,Q1,Sunday,False
TXN101734,2024-01-28,Expense,Transport,Public Transit,1031.17,Credit Card,Cash Wallet,Yes,Discretionary,Apollo Pharmacy,4000.0,Transport transaction #1734,None,2024,1,Jan,Q1,Sunday,False
TXN100699,2024-04-01,Expense,Insurance,Vehicle,1900.94,Cash,Credit Card A/C,Yes,Essential,Landlord,2000.0,Insurance transaction #699,one-time,2024,4,Apr,Q2,Monday,False
TXN101345,2024-10-07,Expense,Utilities,Electricity,7027.96,UPI,Salary Account,Yes,Essential,Apollo Pharmacy,3000.0,Utilities transaction #1345,reimbursable,2024,10,Oct,Q4,Monday,False
TXN100567,2025-10-04,Income,Investment,General,57164.42,Bank Transfer,Salary Account,No,N/A,Netflix,0.0,Investment transaction #567,reimbursable,2025,10,Oct,Q4,Saturday,False
TXN102023,2024-09-22,Expense,Food,Dining Out,7512.6,Unknown,Primary Savings,No,Discretionary,Uber,0.0,food transaction #2023,None,2024,9,Sep,Q3,Sunday,False
TXN101275,2024-08-16,Expense,Entertainment,Streaming,3886.3,Credit Card,Credit Card A/C,No,Discretionary,Apollo Pharmacy,2500.0,Entertainment transaction #1275,reimbursable,2024,8,Aug,Q3,Friday,False
TXN100378,2024-09-09,Expense,Subscriptions,Memberships,2249.6,Debit Card,Salary Account,Yes,Discretionary,Freelance Client,1500.0,Subscriptions transaction #378,one-time,2024,9,Sep,Q3,Monday,False
TXN101191,2025-05-26,Expense,Entertainment,Streaming,5931.88,Credit Card,Credit Card A/C,No,Discretionary,Zomato,2500.0,Entertainment transaction #1191,one-time,2025,5,May,Q2,Monday,False
TXN101558,2025-06-07,Expense,Groceries,Groceries,4633.57,Cash,Primary Savings,Yes,Essential,Freelance Client,6000.0,Groceries transaction #1558,None,2025,6,Jun,Q2,Saturday,False
TXN101086,2024-07-27,Expense,Subscriptions,Streaming,4465.02,Debit Card,Primary Savings,Yes,Discretionary,Apollo Pharmacy,1500.0,Subscriptions transaction #1086,reimbursable,2024,7,Jul,Q3,Saturday,False
TXN101855,2025-05-09,Expense,Uncategorized,General,857.14,Net Banking,Primary Savings,No,Discretionary,Local Store,0.0,Misc transaction #1855,None,2025,5,May,Q2,Friday,False
TXN100982,2024-03-29,Expense,Insurance,Vehicle,314.25,Credit Card,Primary Savings,Yes,Essential,Uber,2000.0,Insurance transaction #982,None,2024,3,Mar,Q1,Friday,False
TXN101113,2025-08-07,Expense,Food,Dining Out,1373.35,Unknown,Cash Wallet,Yes,Discretionary,Uber,8000.0,Food transaction #1113,review,2025,8,Aug,Q3,Thursday,False
TXN101900,2025-02-03,Expense,Rent,Housing,6597.84,Debit Card,Credit Card A/C,Yes,Essential,Unknown Merchant,15000.0,Rent transaction #1900,one-time,2025,2,Feb,Q1,Monday,False
TXN101880,2024-07-12,Expense,Education,Courses,7842.03,UPI,Credit Card A/C,Yes,Discretionary,Apollo Pharmacy,4000.0,Education transaction #1880,reimbursable,2024,7,Jul,Q3,Friday,False
TXN101180,2025-08-28,Expense,Entertainment,Movies,7594.95,Credit Card,Cash Wallet,Yes,Discretionary,Unknown Merchant,2500.0,Entertainment transaction #1180,None,2025,8,Aug,Q3,Thursday,False
TXN101465,2024-02-10,Expense,Food,Snacks,716.73,Net Banking,Cash Wallet,No,Discretionary,Local Store,8000.0,Food transaction #1465,one-time,2024,2,Feb,Q1,Saturday,False
TXN101618,2025-01-25,Expense,Insurance,Life,2725.23,Debit Card,Primary Savings,Yes,Essential,Zomato,2000.0,Insurance transaction #1618,reimbursable,2025,1,Jan,Q1,Saturday,False
TXN101838,2025-03-18,Expense,Food,Snacks,7316.15,UPI,Primary Savings,No,Discretionary,Swiggy,8000.0,Food transaction #1838,None,2025,3,Mar,Q1,Tuesday,False
TXN100414,2025-09-27,Expense,Groceries,Groceries,7875.94,Net Banking,Credit Card A/C,No,Essential,BESCOM,6000.0,Groceries transaction #414,reimbursable,2025,9,Sep,Q3,Saturday,False
TXN101981,2024-06-28,Expense,Shopping,Home Goods,90915.99,Credit Card,Salary Account,Yes,Discretionary,Swiggy,5000.0,Shopping transaction #1981,reimbursable,2024,6,Jun,Q2,Friday,True
TXN101698,2024-12-06,Expense,Food,Snacks,2537.93,Unknown,Cash Wallet,No,Discretionary,Swiggy,0.0,food transaction #1698,reimbursable,2024,12,Dec,Q4,Friday,False
TXN102252,2025-01-05,Expense,Food,Dining Out,113.56,UPI,Primary Savings,Yes,Discretionary,Netflix,8000.0,Food transaction #2252,None,2025,1,Jan,Q1,Sunday,False
TXN101576,2024-04-20,Expense,Subscriptions,Streaming,1604.11,UPI,Cash Wallet,Yes,Discretionary,Apollo Pharmacy,1500.0,Subscriptions transaction #1576,review,2024,4,Apr,Q2,Saturday,False
TXN101535,2024-02-10,Income,Investment,General,46075.25,Bank Transfer,Salary Account,No,N/A,BESCOM,0.0,Investment transaction #1535,None,2024,2,Feb,Q1,Saturday,False
TXN101007,2025-07-18,Expense,Food,Dining Out,6139.52,Debit Card,Credit Card A/C,No,Discretionary,Swiggy,0.0,food transaction #1007,reimbursable,2025,7,Jul,Q3,Friday,False
TXN100647,2024-04-29,Expense,Rent,Housing,6686.69,Unknown,Credit Card A/C,Yes,Essential,Local Store,15000.0,Rent transaction #647,reimbursable,2024,4,Apr,Q2,Monday,False
TXN100706,2024-05-03,Income,Freelance,General,72649.36,Bank Transfer,Salary Account,No,N/A,Employer,0.0,Freelance transaction #706,reimbursable,2024,5,May,Q2,Friday,False
TXN100717,2024-08-27,Expense,Entertainment,Movies,7240.84,Unknown,Salary Account,Yes,Discretionary,BESCOM,2500.0,Entertainment transaction #717,None,2024,8,Aug,Q3,Tuesday,False
TXN101714,2024-05-12,Expense,Shopping,Clothing,6680.49,UPI,Credit Card A/C,Yes,Discretionary,Netflix,5000.0,Shopping transaction #1714,None,2024,5,May,Q2,Sunday,False
TXN101154,2024-12-01,Expense,Transport,Public Transit,2458.29,Cash,Credit Card A/C,Yes,Discretionary,BESCOM,4000.0,Transport transaction #1154,one-time,2024,12,Dec,Q4,Sunday,False
TXN102447,2025-12-01,Expense,Food,Snacks,1473.71,UPI,Primary Savings,Yes,Discretionary,Freelance Client,8000.0,Food transaction #2447,reimbursable,2025,12,Dec,Q4,Monday,False
TXN101806,2024-03-19,Expense,Utilities,Internet,7073.31,Unknown,Credit Card A/C,Yes,Essential,Local Store,3000.0,Utilities transaction #1806,one-time,2024,3,Mar,Q1,Tuesday,False
TXN100870,2025-01-29,Income,Investment,General,35811.91,Bank Transfer,Salary Account,No,N/A,Freelance Client,0.0,Investment transaction #870,None,2025,1,Jan,Q1,Wednesday,False
TXN101497,2025-07-22,Expense,Subscriptions,SaaS Tools,6616.75,Cash,Primary Savings,Yes,Discretionary,Swiggy,1500.0,Subscriptions transaction #1497,None,2025,7,Jul,Q3,Tuesday,False
TXN101137,2024-06-10,Expense,Rent,Housing,7850.18,Unknown,Cash Wallet,Yes,Essential,Unknown Merchant,15000.0,Rent transaction #1137,one-time,2024,6,Jun,Q2,Monday,False
TXN102027,2024-09-30,Expense,Food,Dining Out,2185.91,Cash,Credit Card A/C,Yes,Discretionary,Landlord,0.0,food transaction #2027,one-time,2024,9,Sep,Q3,Monday,False
TXN100189,2025-04-09,Income,Bonus,General,51975.89,Bank Transfer,Salary Account,No,N/A,Amazon,0.0,Bonus transaction #189,None,2025,4,Apr,Q2,Wednesday,False
TXN100634,2024-11-04,Income,Freelance,General,40819.6,Bank Transfer,Salary Account,No,N/A,Swiggy,0.0,Freelance transaction #634,review,2024,11,Nov,Q4,Monday,False
TXN101204,2025-08-24,Income,Salary,General,62969.53,Bank Transfer,Salary Account,Yes,N/A,Employer,0.0,Salary transaction #1204,review,2025,8,Aug,Q3,Sunday,False
TXN100179,2024-10-19,Expense,Uncategorized,General,4614.36,Net Banking,Primary Savings,Yes,Discretionary,Local Store,0.0,Misc transaction #179,None,2024,10,Oct,Q4,Saturday,False
TXN100149,2025-01-10,Expense,Groceries,Groceries,5448.54,Debit Card,Credit Card A/C,No,Essential,Zomato,6000.0,Groceries transaction #149,one-time,2025,1,Jan,Q1,Friday,False
TXN101121,2025-04-14,Expense,Healthcare,Pharmacy,2772.42,Unknown,Cash Wallet,No,Essential,Apollo Pharmacy,3000.0,Healthcare transaction #1121,reimbursable,2025,4,Apr,Q2,Monday,False
TXN102108,2024-10-06,Expense,Groceries,Groceries,2322.35,Net Banking,Credit Card A/C,No,Essential,Uber,6000.0,Groceries transaction #2108,reimbursable,2024,10,Oct,Q4,Sunday,False
TXN101728,2024-06-09,Expense,Insurance,Health,1450.93,Net Banking,Cash Wallet,Yes,Essential,Netflix,2000.0,Insurance transaction #1728,review,2024,6,Jun,Q2,Sunday,False
TXN100863,2025-10-06,Expense,Uncategorized,General,3596.14,Unknown,Cash Wallet,No,Discretionary,Swiggy,0.0,Misc transaction #863,None,2025,10,Oct,Q4,Monday,False
TXN102353,2025-06-05,Expense,Shopping,Clothing,4364.41,Credit Card,Cash Wallet,Yes,Discretionary,Local Store,5000.0,Shopping transaction #2353,review,2025,6,Jun,Q2,Thursday,False
TXN101616,2024-09-25,Expense,Uncategorized,General,2552.24,Debit Card,Cash Wallet,No,Discretionary,Uber,0.0,Misc transaction #1616,one-time,2024,9,Sep,Q3,Wednesday,False
TXN100345,2024-04-03,Expense,Groceries,Groceries,4520.54,Unknown,Cash Wallet,No,Essential,Uber,6000.0,Groceries transaction #345,one-time,2024,4,Apr,Q2,Wednesday,False
TXN101786,2024-02-29,Expense,Subscriptions,SaaS Tools,2108.6,Net Banking,Cash Wallet,Yes,Discretionary,Unknown Merchant,1500.0,Subscriptions transaction #1786,one-time,2024,2,Feb,Q1,Thursday,False
TXN101274,2025-06-25,Expense,Groceries,Groceries,3147.13,Credit Card,Credit Card A/C,Yes,Essential,Uber,6000.0,Groceries transaction #1274,None,2025,6,Jun,Q2,Wednesday,False
TXN101319,2025-01-01,Expense,Education,Courses,7010.49,UPI,Primary Savings,Yes,Discretionary,Zomato,4000.0,Education transaction #1319,one-time,2025,1,Jan,Q1,Wednesday,False
TXN101660,2024-05-19,Expense,Healthcare,Pharmacy,7360.36,Net Banking,Credit Card A/C,No,Essential,Amazon,3000.0,Healthcare transaction #1660,review,2024,5,May,Q2,Sunday,False
TXN100050,2024-01-28,Expense,Groceries,Groceries,3457.47,Cash,Salary Account,Yes,Essential,Netflix,6000.0,Groceries transaction #50,None,2024,1,Jan,Q1,Sunday,False
TXN101974,2025-08-28,Expense,Rent,Housing,6252.37,Credit Card,Credit Card A/C,Yes,Essential,Amazon,15000.0,Rent transaction #1974,reimbursable,2025,8,Aug,Q3,Thursday,False
TXN101800,2024-05-25,Expense,Rent,Housing,4603.0,Credit Card,Salary Account,Yes,Essential,Employer,15000.0,Rent transaction #1800,one-time,2024,5,May,Q2,Saturday,False
TXN100968,2024-05-04,Expense,Insurance,Vehicle,471.51,Credit Card,Salary Account,Yes,Essential,Landlord,2000.0,Insurance transaction #968,None,2024,5,May,Q2,Saturday,False
TXN100262,2024-12-21,Expense,Uncategorized,General,2111.01,Debit Card,Salary Account,No,Discretionary,Unknown Merchant,0.0,Misc transaction #262,None,2024,12,Dec,Q4,Saturday,False
TXN100120,2025-11-02,Income,Bonus,General,52476.71,Bank Transfer,Salary Account,No,N/A,Employer,0.0,Bonus transaction #120,reimbursable,2025,11,Nov,Q4,Sunday,False
TXN100987,2025-10-30,Income,Investment,General,49498.4,Bank Transfer,Salary Account,No,N/A,BESCOM,0.0,Investment transaction #987,None,2025,10,Oct,Q4,Thursday,False
TXN101316,2024-06-29,Expense,Food,Dining Out,2753.56,Unknown,Cash Wallet,Yes,Discretionary,Unknown Merchant,8000.0,Food transaction #1316,None,2024,6,Jun,Q2,Saturday,False
TXN102436,2024-12-11,Expense,Groceries,Groceries,3457.76,Unknown,Credit Card A/C,No,Essential,Employer,6000.0,Groceries transaction #2436,None,2024,12,Dec,Q4,Wednesday,False
TXN100219,2025-09-04,Expense,Shopping,Clothing,3133.01,UPI,Salary Account,Yes,Discretionary,Freelance Client,5000.0,Shopping transaction #219,None,2025,9,Sep,Q3,Thursday,False
TXN100267,2025-04-21,Expense,Uncategorized,General,2652.04,Net Banking,Cash Wallet,Yes,Discretionary,Uber,0.0,Misc transaction #267,None,2025,4,Apr,Q2,Monday,False
TXN101392,2025-07-02,Expense,Education,Books,6954.94,Unknown,Credit Card A/C,Yes,Discretionary,Apollo Pharmacy,4000.0,Education transaction #1392,review,2025,7,Jul,Q3,Wednesday,False
TXN101216,2025-03-12,Expense,Shopping,Clothing,3955.35,Debit Card,Cash Wallet,No,Discretionary,Netflix,5000.0,Shopping transaction #1216,None,2025,3,Mar,Q1,Wednesday,False
TXN100843,2024-04-23,Expense,Food,Groceries,5964.2,UPI,Salary Account,Yes,Discretionary,Apollo Pharmacy,8000.0,Food transaction #843,None,2024,4,Apr,Q2,Tuesday,False
TXN100290,2024-01-02,Expense,Groceries,Groceries,6178.1,Net Banking,Primary Savings,Yes,Essential,Employer,6000.0,Groceries transaction #290,reimbursable,2024,1,Jan,Q1,Tuesday,False
TXN100692,2025-05-02,Expense,Food,Dining Out,3251.89,Net Banking,Cash Wallet,No,Discretionary,Employer,0.0,food transaction #692,one-time,2025,5,May,Q2,Friday,False
TXN100697,2024-10-17,Expense,Subscriptions,SaaS Tools,88327.61,UPI,Primary Savings,Yes,Discretionary,Local Store,1500.0,Subscriptions transaction #697,one-time,2024,10,Oct,Q4,Thursday,True
TXN101285,2024-06-05,Expense,Rent,Housing,6059.91,Unknown,Cash Wallet,Yes,Essential,Amazon,15000.0,Rent transaction #1285,None,2024,6,Jun,Q2,Wednesday,False
TXN100478,2024-10-03,Expense,Transport,Public Transit,1662.53,Credit Card,Primary Savings,Yes,Discretionary,Apollo Pharmacy,4000.0,Transport transaction #478,None,2024,10,Oct,Q4,Thursday,False
TXN101413,2025-11-13,Expense,Education,Books,3265.94,Net Banking,Cash Wallet,No,Discretionary,Netflix,4000.0,Education transaction #1413,None,2025,11,Nov,Q4,Thursday,False
TXN100716,2024-08-14,Expense,Uncategorized,General,7375.12,Debit Card,Salary Account,Yes,Discretionary,Employer,0.0,Misc transaction #716,None,2024,8,Aug,Q3,Wednesday,False
TXN102257,2024-10-11,Expense,Rent,Housing,4867.67,Net Banking,Credit Card A/C,Yes,Essential,Amazon,15000.0,Rent transaction #2257,review,2024,10,Oct,Q4,Friday,False
TXN101570,2024-03-28,Expense,Groceries,Groceries,1083.4,Debit Card,Primary Savings,No,Essential,Uber,6000.0,Groceries transaction #1570,review,2024,3,Mar,Q1,Thursday,False
TXN100074,2024-04-17,Expense,Entertainment,Streaming,2341.33,Cash,Primary Savings,No,Discretionary,Zomato,2500.0,Entertainment transaction #74,one-time,2024,4,Apr,Q2,Wednesday,False
TXN101210,2024-07-12,Expense,Healthcare,Pharmacy,7807.41,UPI,Salary Account,No,Essential,Employer,3000.0,Healthcare transaction #1210,None,2024,7,Jul,Q3,Friday,False
TXN100574,2024-10-25,Expense,Food,Groceries,4180.98,Debit Card,Cash Wallet,No,Discretionary,Freelance Client,8000.0,Food transaction #574,reimbursable,2024,10,Oct,Q4,Friday,False
TXN102298,2025-02-20,Expense,Entertainment,Movies,4649.83,Net Banking,Cash Wallet,No,Discretionary,Local Store,2500.0,Entertainment transaction #2298,None,2025,2,Feb,Q1,Thursday,False
TXN101456,2025-09-25,Expense,Subscriptions,Streaming,5179.23,Unknown,Credit Card A/C,Yes,Discretionary,Local Store,1500.0,Subscriptions transaction #1456,one-time,2025,9,Sep,Q3,Thursday,False
TXN101538,2025-09-23,Expense,Groceries,Groceries,7706.61,Unknown,Salary Account,No,Essential,Apollo Pharmacy,6000.0,Groceries transaction #1538,review,2025,9,Sep,Q3,Tuesday,False
TXN101803,2025-01-21,Income,Investment,General,63645.17,Bank Transfer,Salary Account,No,N/A,Amazon,0.0,Investment transaction #1803,None,2025,1,Jan,Q1,Tuesday,False
TXN101620,2025-03-14,Expense,Healthcare,Insurance Premium,2519.4,Credit Card,Credit Card A/C,Yes,Essential,Local Store,3000.0,Healthcare transaction #1620,None,2025,3,Mar,Q1,Friday,False
TXN100773,2025-04-04,Expense,Insurance,Vehicle,4720.37,UPI,Salary Account,Yes,Essential,Amazon,2000.0,Insurance transaction #773,None,2025,4,Apr,Q2,Friday,False
TXN102461,2024-09-24,Expense,Subscriptions,Memberships,2308.49,Credit Card,Credit Card A/C,Yes,Discretionary,Employer,1500.0,Subscriptions transaction #2461,reimbursable,2024,9,Sep,Q3,Tuesday,False
TXN101035,2025-03-04,Expense,Groceries,Groceries,1915.99,Debit Card,Cash Wallet,Yes,Essential,Netflix,6000.0,Groceries transaction #1035,review,2025,3,Mar,Q1,Tuesday,False
TXN101789,2025-12-05,Expense,Shopping,Home Goods,2075.04,Net Banking,Salary Account,Yes,Discretionary,Apollo Pharmacy,5000.0,Shopping transaction #1789,reimbursable,2025,12,Dec,Q4,Friday,False
TXN100317,2024-10-10,Expense,Utilities,Water,7619.89,Unknown,Credit Card A/C,Yes,Essential,Swiggy,3000.0,Utilities transaction #317,None,2024,10,Oct,Q4,Thursday,False
TXN100963,2024-11-26,Expense,Rent,Housing,3359.68,Credit Card,Credit Card A/C,Yes,Essential,Netflix,15000.0,Rent transaction #963,review,2024,11,Nov,Q4,Tuesday,False
TXN100654,2024-05-12,Expense,Food,Snacks,6395.27,Unknown,Primary Savings,No,Discretionary,Zomato,8000.0,Food transaction #654,one-time,2024,5,May,Q2,Sunday,False
TXN101020,2024-07-03,Expense,Food,Groceries,2143.84,Net Banking,Cash Wallet,Yes,Discretionary,Swiggy,8000.0,Food transaction #1020,None,2024,7,Jul,Q3,Wednesday,False
TXN101249,2025-12-29,Expense,Uncategorized,General,4842.36,Cash,Primary Savings,No,Discretionary,Swiggy,0.0,Misc transaction #1249,reimbursable,2025,12,Dec,Q4,Monday,False
TXN101859,2025-12-26,Expense,Food,Snacks,4775.89,Unknown,Credit Card A/C,No,Discretionary,Swiggy,0.0,food transaction #1859,review,2025,12,Dec,Q4,Friday,False
TXN101692,2024-03-31,Expense,Healthcare,Pharmacy,4949.32,UPI,Credit Card A/C,No,Essential,Apollo Pharmacy,3000.0,Healthcare transaction #1692,reimbursable,2024,3,Mar,Q1,Sunday,False
TXN101233,2025-08-03,Income,Freelance,General,73352.34,Bank Transfer,Salary Account,No,N/A,Amazon,0.0,Freelance transaction #1233,review,2025,8,Aug,Q3,Sunday,False
TXN101902,2024-11-04,Expense,Uncategorized,General,1097.37,Debit Card,Salary Account,Yes,Discretionary,Freelance Client,0.0,Misc transaction #1902,None,2024,11,Nov,Q4,Monday,False
TXN100955,2024-09-07,Expense,Subscriptions,SaaS Tools,5967.7,Credit Card,Cash Wallet,Yes,Discretionary,Freelance Client,1500.0,Subscriptions transaction #955,review,2024,9,Sep,Q3,Saturday,False
TXN101917,2025-08-18,Expense,Uncategorized,General,3705.66,Unknown,Primary Savings,No,Discretionary,Amazon,0.0,Misc transaction #1917,None,2025,8,Aug,Q3,Monday,False
TXN102400,2025-07-27,Expense,Groceries,Groceries,5970.97,Debit Card,Credit Card A/C,Yes,Essential,Swiggy,6000.0,Groceries transaction #2400,one-time,2025,7,Jul,Q3,Sunday,False
TXN101203,2025-12-14,Expense,Entertainment,Movies,7013.95,Cash,Salary Account,No,Discretionary,Amazon,2500.0,Entertainment transaction #1203,None,2025,12,Dec,Q4,Sunday,False
TXN100901,2024-01-24,Expense,Insurance,Health,5103.71,UPI,Salary Account,Yes,Essential,Zomato,2000.0,Insurance transaction #901,review,2024,1,Jan,Q1,Wednesday,False
TXN101670,2024-12-11,Expense,Rent,Housing,3274.77,Debit Card,Cash Wallet,Yes,Essential,Amazon,15000.0,Rent transaction #1670,reimbursable,2024,12,Dec,Q4,Wednesday,False
TXN100513,2025-07-23,Expense,Uncategorized,General,3714.75,Net Banking,Cash Wallet,Yes,Discretionary,Employer,0.0,Misc transaction #513,one-time,2025,7,Jul,Q3,Wednesday,False
TXN101336,2025-05-21,Expense,Education,Tuition,4113.39,Cash,Salary Account,No,Discretionary,Amazon,4000.0,Education transaction #1336,one-time,2025,5,May,Q2,Wednesday,False
TXN100440,2024-08-11,Expense,Transport,Public Transit,169.79,Debit Card,Primary Savings,No,Discretionary,BESCOM,4000.0,Transport transaction #440,review,2024,8,Aug,Q3,Sunday,False
TXN100621,2025-10-01,Expense,Food,Snacks,803.13,Debit Card,Credit Card A/C,Yes,Discretionary,Employer,0.0,food transaction #621,None,2025,10,Oct,Q4,Wednesday,False
TXN101184,2025-09-05,Expense,Transport,Public Transit,5627.71,Cash,Cash Wallet,Yes,Discretionary,Freelance Client,4000.0,Transport transaction #1184,review,2025,9,Sep,Q3,Friday,False
TXN100983,2024-12-14,Expense,Subscriptions,Memberships,3994.59,Credit Card,Cash Wallet,Yes,Discretionary,Landlord,1500.0,Subscriptions transaction #983,reimbursable,2024,12,Dec,Q4,Saturday,False
TXN101985,2024-04-25,Expense,Healthcare,Pharmacy,6271.03,Cash,Salary Account,Yes,Essential,Landlord,3000.0,Healthcare transaction #1985,review,2024,4,Apr,Q2,Thursday,False
TXN101400,2025-12-15,Income,Freelance,General,78415.78,Bank Transfer,Salary Account,No,N/A,Apollo Pharmacy,0.0,Freelance transaction #1400,None,2025,12,Dec,Q4,Monday,False
TXN100205,2025-08-06,Expense,Healthcare,Insurance Premium,5494.53,Debit Card,Cash Wallet,No,Essential,Apollo Pharmacy,3000.0,Healthcare transaction #205,None,2025,8,Aug,Q3,Wednesday,False
TXN102279,2024-01-08,Expense,Food,Dining Out,4701.06,UPI,Salary Account,Yes,Discretionary,BESCOM,8000.0,Food transaction #2279,reimbursable,2024,1,Jan,Q1,Monday,False
TXN101312,2025-10-08,Expense,Healthcare,Doctor Visit,1968.96,Cash,Primary Savings,No,Essential,Netflix,3000.0,Healthcare transaction #1312,one-time,2025,10,Oct,Q4,Wednesday,False
TXN100056,2025-06-02,Expense,Food,Dining Out,889.03,Debit Card,Cash Wallet,Yes,Discretionary,Local Store,8000.0,Food transaction #56,review,2025,6,Jun,Q2,Monday,False
TXN101708,2024-04-08,Expense,Transport,Fuel,5486.11,Unknown,Salary Account,Yes,Discretionary,Local Store,4000.0,Transport transaction #1708,review,2024,4,Apr,Q2,Monday,False
TXN101408,2025-12-30,Expense,Groceries,Groceries,5280.3,UPI,Cash Wallet,Yes,Essential,Netflix,6000.0,Groceries transaction #1408,review,2025,12,Dec,Q4,Tuesday,False
TXN100500,2025-12-23,Expense,Subscriptions,Streaming,740.04,Credit Card,Credit Card A/C,Yes,Discretionary,Apollo Pharmacy,1500.0,Subscriptions transaction #500,reimbursable,2025,12,Dec,Q4,Tuesday,False
TXN101159,2025-12-19,Income,Bonus,General,81315.93,Bank Transfer,Salary Account,No,N/A,Amazon,0.0,Bonus transaction #1159,review,2025,12,Dec,Q4,Friday,False
TXN101977,2024-03-19,Expense,Food,Groceries,4239.4,Credit Card,Salary Account,No,Discretionary,BESCOM,8000.0,Food transaction #1977,None,2024,3,Mar,Q1,Tuesday,False
TXN101255,2024-08-30,Expense,Food,Groceries,5905.2,Debit Card,Primary Savings,Yes,Discretionary,Employer,0.0,food transaction #1255,one-time,2024,8,Aug,Q3,Friday,False
TXN100531,2025-10-19,Expense,Food,Groceries,3220.02,Debit Card,Cash Wallet,Yes,Discretionary,Local Store,0.0,food transaction #531,None,2025,10,Oct,Q4,Sunday,False
TXN100425,2024-08-28,Expense,Subscriptions,Memberships,1724.04,Cash,Primary Savings,Yes,Discretionary,Zomato,1500.0,Subscriptions transaction #425,reimbursable,2024,8,Aug,Q3,Wednesday,False
TXN101674,2025-08-01,Expense,Food,Snacks,7498.49,Debit Card,Primary Savings,Yes,Discretionary,Apollo Pharmacy,8000.0,Food transaction #1674,None,2025,8,Aug,Q3,Friday,False
TXN100741,2025-04-20,Expense,Subscriptions,SaaS Tools,3892.21,Cash,Cash Wallet,Yes,Discretionary,Netflix,1500.0,Subscriptions transaction #741,reimbursable,2025,4,Apr,Q2,Sunday,False
TXN102220,2025-07-28,Expense,Subscriptions,Memberships,1061.89,Unknown,Credit Card A/C,Yes,Discretionary,Unknown Merchant,1500.0,Subscriptions transaction #2220,review,2025,7,Jul,Q3,Monday,False
TXN102427,2024-03-13,Income,Freelance,General,56788.9,Bank Transfer,Salary Account,No,N/A,Unknown Merchant,0.0,Freelance transaction #2427,reimbursable,2024,3,Mar,Q1,Wednesday,False
TXN101334,2024-07-06,Expense,Uncategorized,General,2002.79,Cash,Credit Card A/C,No,Discretionary,Landlord,0.0,Misc transaction #1334,None,2024,7,Jul,Q3,Saturday,False
TXN100237,2025-09-26,Income,Investment,General,86628.94,Bank Transfer,Salary Account,No,N/A,Apollo Pharmacy,0.0,Investment transaction #237,reimbursable,2025,9,Sep,Q3,Friday,False
TXN101260,2024-08-21,Expense,Insurance,Vehicle,3327.64,Unknown,Credit Card A/C,Yes,Essential,BESCOM,2000.0,Insurance transaction #1260,review,2024,8,Aug,Q3,Wednesday,False
TXN101450,2025-10-13,Expense,Entertainment,Events,4263.78,Cash,Cash Wallet,Yes,Discretionary,BESCOM,2500.0,Entertainment transaction #1450,reimbursable,2025,10,Oct,Q4,Monday,False
TXN101164,2025-06-21,Expense,Food,Groceries,1820.46,Cash,Primary Savings,Yes,Discretionary,Apollo Pharmacy,0.0,food transaction #1164,reimbursable,2025,6,Jun,Q2,Saturday,False
TXN101173,2024-08-20,Expense,Food,Groceries,2400.92,Debit Card,Credit Card A/C,No,Discretionary,Local Store,0.0,food transaction #1173,reimbursable,2024,8,Aug,Q3,Tuesday,False
TXN101605,2025-01-03,Expense,Utilities,Water,2134.35,Net Banking,Primary Savings,No,Essential,Uber,3000.0,Utilities transaction #1605,review,2025,1,Jan,Q1,Friday,False
TXN100605,2024-08-19,Expense,Utilities,Water,603.39,Cash,Credit Card A/C,Yes,Essential,Amazon,3000.0,Utilities transaction #605,None,2024,8,Aug,Q3,Monday,False
TXN102450,2024-07-15,Expense,Food,Snacks,6278.36,Debit Card,Salary Account,No,Discretionary,Freelance Client,8000.0,Food transaction #2450,None,2024,7,Jul,Q3,Monday,False
TXN100175,2025-02-08,Expense,Uncategorized,General,2359.1,Debit Card,Primary Savings,No,Discretionary,Apollo Pharmacy,0.0,Misc transaction #175,None,2025,2,Feb,Q1,Saturday,False
TXN101737,2024-08-20,Expense,Transport,Public Transit,1435.74,Debit Card,Credit Card A/C,No,Discretionary,Unknown Merchant,4000.0,Transport transaction #1737,None,2024,8,Aug,Q3,Tuesday,False
TXN101034,2024-08-07,Income,Salary,General,54348.38,Bank Transfer,Salary Account,Yes,N/A,Employer,0.0,Salary transaction #1034,None,2024,8,Aug,Q3,Wednesday,False
TXN101213,2025-04-10,Expense,Education,Books,7554.89,Unknown,Primary Savings,No,Discretionary,BESCOM,4000.0,Education transaction #1213,one-time,2025,4,Apr,Q2,Thursday,False
TXN101783,2025-10-19,Expense,Food,Groceries,1425.68,Credit Card,Credit Card A/C,No,Discretionary,Swiggy,8000.0,Food transaction #1783,review,2025,10,Oct,Q4,Sunday,False
TXN101480,2025-12-24,Expense,Insurance,Health,4603.09,Cash,Credit Card A/C,Yes,Essential,Landlord,2000.0,Insurance transaction #1480,review,2025,12,Dec,Q4,Wednesday,False
TXN101933,2024-03-31,Expense,Food,Dining Out,5961.0,Unknown,Salary Account,No,Discretionary,Apollo Pharmacy,8000.0,Food transaction #1933,None,2024,3,Mar,Q1,Sunday,False
TXN101434,2024-05-15,Expense,Food,Snacks,4968.24,UPI,Primary Savings,Yes,Discretionary,Uber,8000.0,Food transaction #1434,None,2024,5,May,Q2,Wednesday,False
TXN101941,2024-08-27,Expense,Entertainment,Events,2335.63,Net Banking,Salary Account,Yes,Discretionary,Landlord,2500.0,Entertainment transaction #1941,one-time,2024,8,Aug,Q3,Tuesday,False
TXN101390,2025-09-15,Expense,Entertainment,Events,2154.37,Unknown,Primary Savings,Yes,Discretionary,Freelance Client,2500.0,Entertainment transaction #1390,None,2025,9,Sep,Q3,Monday,False
TXN101341,2024-08-14,Expense,Groceries,Groceries,7345.12,Debit Card,Primary Savings,Yes,Essential,BESCOM,6000.0,Groceries transaction #1341,reimbursable,2024,8,Aug,Q3,Wednesday,False
TXN101517,2024-11-23,Expense,Transport,Cab,353.53,Unknown,Credit Card A/C,Yes,Discretionary,Local Store,4000.0,Transport transaction #1517,None,2024,11,Nov,Q4,Saturday,False
TXN102085,2025-04-27,Expense,Subscriptions,Memberships,7801.16,UPI,Cash Wallet,Yes,Discretionary,Unknown Merchant,1500.0,Subscriptions transaction #2085,reimbursable,2025,4,Apr,Q2,Sunday,False
TXN101695,2024-09-18,Expense,Healthcare,Pharmacy,1052.35,Cash,Primary Savings,Yes,Essential,Uber,3000.0,Healthcare transaction #1695,reimbursable,2024,9,Sep,Q3,Wednesday,False
TXN102104,2024-05-03,Income,Freelance,General,61064.92,Bank Transfer,Salary Account,No,N/A,Employer,0.0,Freelance transaction #2104,review,2024,5,May,Q2,Friday,False
TXN100152,2025-11-14,Expense,Food,Snacks,7136.09,Credit Card,Salary Account,No,Discretionary,Landlord,0.0,food transaction #152,None,2025,11,Nov,Q4,Friday,False
TXN101582,2025-10-03,Expense,Uncategorized,General,976.01,Cash,Cash Wallet,No,Discretionary,Zomato,0.0,Misc transaction #1582,review,2025,10,Oct,Q4,Friday,False
TXN100438,2025-03-29,Expense,Food,Groceries,6179.42,Net Banking,Salary Account,No,Discretionary,Local Store,8000.0,Food transaction #438,None,2025,3,Mar,Q1,Saturday,False
TXN100211,2025-10-31,Expense,Insurance,Life,3065.15,Net Banking,Cash Wallet,Yes,Essential,Amazon,2000.0,Insurance transaction #211,None,2025,10,Oct,Q4,Friday,False
TXN102051,2025-11-04,Income,Gift,General,26520.75,Bank Transfer,Salary Account,No,N/A,Amazon,0.0,Gift transaction #2051,None,2025,11,Nov,Q4,Tuesday,False
TXN102078,2025-02-22,Expense,Education,Books,7826.46,Credit Card,Credit Card A/C,Yes,Discretionary,Netflix,4000.0,Education transaction #2078,one-time,2025,2,Feb,Q1,Saturday,False
TXN100859,2024-05-16,Expense,Uncategorized,General,7841.19,Credit Card,Primary Savings,Yes,Discretionary,Freelance Client,0.0,Misc transaction #859,None,2024,5,May,Q2,Thursday,False
TXN102349,2024-01-04,Expense,Subscriptions,Streaming,6634.26,UPI,Primary Savings,Yes,Discretionary,Uber,1500.0,Subscriptions transaction #2349,review,2024,1,Jan,Q1,Thursday,False
TXN100348,2025-02-06,Expense,Uncategorized,General,2736.57,Cash,Primary Savings,Yes,Discretionary,Apollo Pharmacy,0.0,Misc transaction #348,reimbursable,2025,2,Feb,Q1,Thursday,False
TXN101776,2025-02-09,Expense,Education,Courses,6342.18,Unknown,Credit Card A/C,Yes,Discretionary,Employer,4000.0,Education transaction #1776,reimbursable,2025,2,Feb,Q1,Sunday,False
TXN102141,2024-03-10,Expense,Food,Dining Out,7900.22,Credit Card,Credit Card A/C,No,Discretionary,Local Store,8000.0,Food transaction #2141,reimbursable,2024,3,Mar,Q1,Sunday,False
TXN101901,2024-04-23,Expense,Education,Courses,99.99,Debit Card,Credit Card A/C,Yes,Discretionary,Local Store,4000.0,Education transaction #1901,None,2024,4,Apr,Q2,Tuesday,False
TXN100883,2024-04-04,Expense,Rent,Housing,495.17,Cash,Salary Account,Yes,Essential,Unknown Merchant,15000.0,Rent transaction #883,None,2024,4,Apr,Q2,Thursday,False
TXN102417,2024-01-28,Expense,Shopping,Electronics,7816.81,Cash,Cash Wallet,Yes,Discretionary,BESCOM,5000.0,Shopping transaction #2417,None,2024,1,Jan,Q1,Sunday,False
TXN102455,2024-10-17,Expense,Entertainment,Events,6902.0,Cash,Credit Card A/C,Yes,Discretionary,Netflix,2500.0,Entertainment transaction #2455,reimbursable,2024,10,Oct,Q4,Thursday,False
TXN102385,2024-06-19,Expense,Utilities,Electricity,3423.3,Net Banking,Credit Card A/C,Yes,Essential,Landlord,3000.0,Utilities transaction #2385,one-time,2024,6,Jun,Q2,Wednesday,False
TXN100291,2024-08-14,Expense,Food,Dining Out,5975.48,Credit Card,Credit Card A/C,No,Discretionary,Swiggy,0.0,food transaction #291,review,2024,8,Aug,Q3,Wednesday,False
TXN100253,2025-03-26,Expense,Transport,Public Transit,7363.16,Net Banking,Cash Wallet,Yes,Discretionary,Zomato,4000.0,Transport transaction #253,None,2025,3,Mar,Q1,Wednesday,False
TXN101623,2025-03-30,Expense,Food,Dining Out,7954.02,Cash,Credit Card A/C,Yes,Discretionary,Freelance Client,8000.0,Food transaction #1623,review,2025,3,Mar,Q1,Sunday,False
TXN102198,2025-12-02,Expense,Utilities,Electricity,407.6,Credit Card,Credit Card A/C,Yes,Essential,Swiggy,3000.0,Utilities transaction #2198,None,2025,12,Dec,Q4,Tuesday,False
TXN101178,2024-11-25,Income,Investment,General,20024.75,Bank Transfer,Salary Account,No,N/A,Netflix,0.0,Investment transaction #1178,None,2024,11,Nov,Q4,Monday,False
TXN102443,2024-10-04,Expense,Insurance,Life,2272.11,Debit Card,Primary Savings,Yes,Essential,Unknown Merchant,2000.0,Insurance transaction #2443,None,2024,10,Oct,Q4,Friday,False
TXN100022,2024-10-19,Expense,Subscriptions,Memberships,3919.04,Credit Card,Credit Card A/C,Yes,Discretionary,BESCOM,1500.0,Subscriptions transaction #22,reimbursable,2024,10,Oct,Q4,Saturday,False
TXN101983,2025-03-08,Expense,Food,Dining Out,7102.12,UPI,Salary Account,Yes,Discretionary,Local Store,0.0,food transaction #1983,None,2025,3,Mar,Q1,Saturday,False
TXN102216,2025-10-02,Expense,Transport,Cab,4423.66,Unknown,Credit Card A/C,Yes,Discretionary,Employer,4000.0,Transport transaction #2216,one-time,2025,10,Oct,Q4,Thursday,False
TXN100700,2024-10-11,Expense,Rent,Housing,6379.46,Unknown,Credit Card A/C,Yes,Essential,Landlord,15000.0,Rent transaction #700,None,2024,10,Oct,Q4,Friday,False
TXN100881,2025-12-12,Income,Salary,General,30912.11,Bank Transfer,Salary Account,Yes,N/A,Employer,0.0,Salary transaction #881,None,2025,12,Dec,Q4,Friday,False
TXN100338,2025-12-07,Expense,Uncategorized,General,7094.68,Credit Card,Primary Savings,Yes,Discretionary,Unknown Merchant,0.0,Misc transaction #338,None,2025,12,Dec,Q4,Sunday,False
TXN101430,2025-08-25,Expense,Transport,Fuel,1931.84,UPI,Primary Savings,No,Discretionary,Employer,4000.0,Transport transaction #1430,None,2025,8,Aug,Q3,Monday,False
TXN101925,2025-06-27,Expense,Food,Dining Out,2631.86,Credit Card,Cash Wallet,Yes,Discretionary,Uber,0.0,food transaction #1925,None,2025,6,Jun,Q2,Friday,False
TXN101282,2024-04-14,Expense,Subscriptions,Streaming,2914.52,Debit Card,Credit Card A/C,Yes,Discretionary,Zomato,1500.0,Subscriptions transaction #1282,one-time,2024,4,Apr,Q2,Sunday,False
TXN100227,2025-10-15,Expense,Food,Groceries,2872.32,Unknown,Primary Savings,No,Discretionary,Uber,0.0,food transaction #227,None,2025,10,Oct,Q4,Wednesday,False
TXN102486,2024-08-09,Expense,Education,Books,2501.2,Debit Card,Cash Wallet,Yes,Discretionary,BESCOM,4000.0,Education transaction #2486,None,2024,8,Aug,Q3,Friday,False
TXN101487,2025-12-12,Expense,Shopping,Electronics,6446.45,Credit Card,Cash Wallet,No,Discretionary,Landlord,5000.0,Shopping transaction #1487,None,2025,12,Dec,Q4,Friday,False
TXN101388,2024-07-20,Expense,Subscriptions,Streaming,5766.9,Net Banking,Credit Card A/C,Yes,Discretionary,Landlord,1500.0,Subscriptions transaction #1388,None,2024,7,Jul,Q3,Saturday,False
TXN101404,2025-03-11,Expense,Food,Groceries,5335.35,Credit Card,Credit Card A/C,No,Discretionary,Swiggy,0.0,food transaction #1404,None,2025,3,Mar,Q1,Tuesday,False
TXN101451,2024-08-21,Expense,Entertainment,Events,2515.5,Credit Card,Cash Wallet,Yes,Discretionary,Landlord,2500.0,Entertainment transaction #1451,None,2024,8,Aug,Q3,Wednesday,False
TXN102355,2025-08-29,Expense,Shopping,Electronics,4142.05,Unknown,Primary Savings,Yes,Discretionary,Apollo Pharmacy,5000.0,Shopping transaction #2355,one-time,2025,8,Aug,Q3,Friday,False
TXN100898,2024-04-21,Income,Salary,General,84222.22,Bank Transfer,Salary Account,Yes,N/A,Employer,0.0,Salary transaction #898,None,2024,4,Apr,Q2,Sunday,False
TXN101680,2024-04-12,Expense,Subscriptions,Streaming,3736.38,Net Banking,Primary Savings,Yes,Discretionary,Uber,1500.0,Subscriptions transaction #1680,None,2024,4,Apr,Q2,Friday,False
TXN101189,2024-04-11,Expense,Shopping,Clothing,6802.97,Debit Card,Credit Card A/C,No,Discretionary,Uber,5000.0,Shopping transaction #1189,one-time,2024,4,Apr,Q2,Thursday,False
TXN100857,2025-02-14,Expense,Transport,Fuel,90032.86,Net Banking,Primary Savings,No,Discretionary,Landlord,4000.0,Transport transaction #857,None,2025,2,Feb,Q1,Friday,True
TXN100592,2024-06-15,Expense,Rent,Housing,5561.6,Debit Card,Salary Account,Yes,Essential,Amazon,15000.0,Rent transaction #592,None,2024,6,Jun,Q2,Saturday,False
TXN101634,2024-09-17,Expense,Entertainment,Streaming,475.22,Net Banking,Salary Account,No,Discretionary,Unknown Merchant,2500.0,Entertainment transaction #1634,None,2024,9,Sep,Q3,Tuesday,False
TXN101548,2025-12-20,Expense,Uncategorized,General,7161.45,Credit Card,Credit Card A/C,No,Discretionary,Netflix,0.0,Misc transaction #1548,review,2025,12,Dec,Q4,Saturday,False
TXN100030,2025-10-14,Expense,Rent,Housing,3450.11,UPI,Primary Savings,Yes,Essential,Zomato,15000.0,Rent transaction #30,None,2025,10,Oct,Q4,Tuesday,False
TXN100010,2025-11-27,Expense,Food,Dining Out,7969.16,Net Banking,Credit Card A/C,Yes,Discretionary,Freelance Client,0.0,food transaction #10,reimbursable,2025,11,Nov,Q4,Thursday,False
TXN101628,2024-05-29,Expense,Food,Groceries,1588.72,Unknown,Cash Wallet,No,Discretionary,Landlord,0.0,food transaction #1628,one-time,2024,5,May,Q2,Wednesday,False
TXN101366,2024-07-18,Expense,Transport,Cab,7071.17,Cash,Credit Card A/C,Yes,Discretionary,Amazon,4000.0,Transport transaction #1366,None,2024,7,Jul,Q3,Thursday,False
TXN100971,2025-05-10,Expense,Transport,Public Transit,4921.44,Cash,Primary Savings,No,Discretionary,Swiggy,4000.0,Transport transaction #971,review,2025,5,May,Q2,Saturday,False
TXN100710,2024-10-23,Expense,Rent,Housing,7378.4,Debit Card,Credit Card A/C,Yes,Essential,Freelance Client,15000.0,Rent transaction #710,review,2024,10,Oct,Q4,Wednesday,False
TXN101976,2025-11-02,Expense,Shopping,Electronics,3815.84,Net Banking,Cash Wallet,No,Discretionary,Unknown Merchant,5000.0,Shopping transaction #1976,one-time,2025,11,Nov,Q4,Sunday,False
TXN101482,2025-08-01,Income,Salary,General,74060.97,Bank Transfer,Salary Account,Yes,N/A,Employer,0.0,Salary transaction #1482,None,2025,8,Aug,Q3,Friday,False
TXN102344,2025-01-25,Expense,Uncategorized,General,1646.14,UPI,Primary Savings,Yes,Discretionary,Amazon,0.0,Misc transaction #2344,reimbursable,2025,1,Jan,Q1,Saturday,False
TXN100669,2024-01-21,Expense,Groceries,Groceries,4576.97,Cash,Primary Savings,No,Essential,Amazon,6000.0,Groceries transaction #669,one-time,2024,1,Jan,Q1,Sunday,False
TXN100866,2025-09-09,Income,Bonus,General,21450.11,Bank Transfer,Salary Account,No,N/A,Amazon,0.0,Bonus transaction #866,None,2025,9,Sep,Q3,Tuesday,False
TXN101192,2024-11-16,Expense,Insurance,Life,1657.09,Unknown,Cash Wallet,Yes,Essential,Uber,2000.0,Insurance transaction #1192,None,2024,11,Nov,Q4,Saturday,False
TXN100845,2024-06-08,Expense,Food,Snacks,5442.57,Debit Card,Cash Wallet,Yes,Discretionary,Local Store,8000.0,Food transaction #845,None,2024,6,Jun,Q2,Saturday,False
TXN100125,2025-06-20,Expense,Rent,Housing,2299.0,Cash,Credit Card A/C,Yes,Essential,Freelance Client,15000.0,Rent transaction #125,review,2025,6,Jun,Q2,Friday,False
TXN100257,2025-06-24,Expense,Food,Dining Out,1099.26,Net Banking,Cash Wallet,No,Discretionary,Landlord,8000.0,Food transaction #257,None,2025,6,Jun,Q2,Tuesday,False
TXN102470,2024-09-07,Expense,Education,Courses,1246.79,Credit Card,Credit Card A/C,No,Discretionary,Freelance Client,4000.0,Education transaction #2470,review,2024,9,Sep,Q3,Saturday,False
TXN101968,2025-05-07,Expense,Insurance,Life,5795.15,Credit Card,Primary Savings,Yes,Essential,Apollo Pharmacy,2000.0,Insurance transaction #1968,reimbursable,2025,5,May,Q2,Wednesday,False
TXN101926,2024-06-12,Expense,Transport,Cab,188.3,Debit Card,Primary Savings,Yes,Discretionary,Employer,4000.0,Transport transaction #1926,None,2024,6,Jun,Q2,Wednesday,False
TXN101337,2025-09-01,Income,Bonus,General,47081.93,Bank Transfer,Salary Account,No,N/A,Zomato,0.0,Bonus transaction #1337,None,2025,9,Sep,Q3,Monday,False
TXN102015,2025-08-31,Income,Salary,General,62383.92,Bank Transfer,Salary Account,Yes,N/A,Employer,0.0,Salary transaction #2015,review,2025,8,Aug,Q3,Sunday,False
TXN101160,2024-11-27,Income,Freelance,General,32415.09,Bank Transfer,Salary Account,No,N/A,Amazon,0.0,Freelance transaction #1160,review,2024,11,Nov,Q4,Wednesday,False
TXN101028,2025-06-04,Expense,Food,Snacks,7680.86,Net Banking,Salary Account,Yes,Discretionary,Apollo Pharmacy,8000.0,Food transaction #1028,None,2025,6,Jun,Q2,Wednesday,False
TXN101059,2025-07-08,Expense,Transport,Fuel,868.66,Credit Card,Credit Card A/C,Yes,Discretionary,Netflix,4000.0,Transport transaction #1059,reimbursable,2025,7,Jul,Q3,Tuesday,False
TXN100198,2024-12-18,Expense,Insurance,Health,2583.94,Cash,Cash Wallet,Yes,Essential,Swiggy,2000.0,Insurance transaction #198,reimbursable,2024,12,Dec,Q4,Wednesday,False
TXN100628,2024-11-17,Expense,Food,Dining Out,5389.79,UPI,Cash Wallet,Yes,Discretionary,BESCOM,0.0,food transaction #628,None,2024,11,Nov,Q4,Sunday,False
TXN100409,2024-09-06,Expense,Uncategorized,General,3712.73,Net Banking,Primary Savings,No,Discretionary,Zomato,0.0,Misc transaction #409,None,2024,9,Sep,Q3,Friday,False
TXN102472,2025-02-01,Expense,Shopping,Electronics,5588.13,Net Banking,Cash Wallet,No,Discretionary,Netflix,5000.0,Shopping transaction #2472,None,2025,2,Feb,Q1,Saturday,False
TXN101740,2024-06-08,Expense,Entertainment,Events,6597.83,Net Banking,Salary Account,Yes,Discretionary,Unknown Merchant,2500.0,Entertainment transaction #1740,review,2024,6,Jun,Q2,Saturday,False
TXN102269,2025-07-19,Income,Investment,General,35396.64,Bank Transfer,Salary Account,No,N/A,Amazon,0.0,Investment transaction #2269,review,2025,7,Jul,Q3,Saturday,False
TXN101198,2024-09-26,Expense,Entertainment,Movies,2888.74,Unknown,Salary Account,No,Discretionary,Unknown Merchant,2500.0,Entertainment transaction #1198,None,2024,9,Sep,Q3,Thursday,False
TXN100282,2025-05-29,Expense,Utilities,Electricity,4797.08,UPI,Credit Card A/C,Yes,Essential,Apollo Pharmacy,3000.0,Utilities transaction #282,None,2025,5,May,Q2,Thursday,False
TXN102418,2024-01-04,Income,Gift,General,35392.25,Bank Transfer,Salary Account,No,N/A,Freelance Client,0.0,Gift transaction #2418,one-time,2024,1,Jan,Q1,Thursday,False
TXN100839,2024-08-10,Expense,Insurance,Vehicle,331.66,Cash,Cash Wallet,Yes,Essential,Amazon,2000.0,Insurance transaction #839,None,2024,8,Aug,Q3,Saturday,False
TXN101493,2024-12-08,Expense,Food,Groceries,3032.77,UPI,Credit Card A/C,Yes,Discretionary,Netflix,8000.0,Food transaction #1493,review,2024,12,Dec,Q4,Sunday,False
TXN101226,2024-09-24,Income,Salary,General,47643.44,Bank Transfer,Salary Account,Yes,N/A,Employer,0.0,Salary transaction #1226,None,2024,9,Sep,Q3,Tuesday,False
TXN100639,2025-12-04,Expense,Entertainment,Streaming,3345.25,Credit Card,Cash Wallet,No,Discretionary,Employer,2500.0,Entertainment transaction #639,reimbursable,2025,12,Dec,Q4,Thursday,False
TXN101619,2024-12-21,Expense,Food,Groceries,5418.38,Credit Card,Salary Account,Yes,Discretionary,Swiggy,8000.0,Food transaction #1619,one-time,2024,12,Dec,Q4,Saturday,False
TXN100631,2025-01-18,Expense,Food,Dining Out,3825.09,Credit Card,Credit Card A/C,Yes,Discretionary,Uber,0.0,food transaction #631,None,2025,1,Jan,Q1,Saturday,False
TXN101201,2024-01-23,Expense,Education,Tuition,2813.44,Unknown,Salary Account,Yes,Discretionary,Freelance Client,4000.0,Education transaction #1201,None,2024,1,Jan,Q1,Tuesday,False
TXN101299,2024-02-18,Expense,Food,Snacks,6574.68,Net Banking,Salary Account,No,Discretionary,Freelance Client,0.0,food transaction #1299,reimbursable,2024,2,Feb,Q1,Sunday,False
TXN102033,2024-09-25,Expense,Healthcare,Pharmacy,3032.65,Net Banking,Cash Wallet,No,Essential,Local Store,3000.0,Healthcare transaction #2033,one-time,2024,9,Sep,Q3,Wednesday,False
TXN100412,2025-11-30,Expense,Transport,Cab,1917.15,Credit Card,Credit Card A/C,Yes,Discretionary,BESCOM,4000.0,Transport transaction #412,reimbursable,2025,11,Nov,Q4,Sunday,False
TXN100013,2024-09-02,Income,Gift,General,86286.46,Bank Transfer,Salary Account,No,N/A,Zomato,0.0,Gift transaction #13,reimbursable,2024,9,Sep,Q3,Monday,False
TXN100483,2025-12-13,Expense,Shopping,Electronics,248.05,Cash,Salary Account,No,Discretionary,Zomato,5000.0,Shopping transaction #483,review,2025,12,Dec,Q4,Saturday,False
TXN101058,2024-12-19,Expense,Transport,Cab,7296.51,Cash,Credit Card A/C,No,Discretionary,Employer,4000.0,Transport transaction #1058,reimbursable,2024,12,Dec,Q4,Thursday,False
TXN100475,2024-01-31,Expense,Shopping,Electronics,5977.6,Unknown,Credit Card A/C,Yes,Discretionary,BESCOM,5000.0,Shopping transaction #475,reimbursable,2024,1,Jan,Q1,Wednesday,False
TXN102224,2025-11-04,Income,Salary,General,44813.92,Bank Transfer,Salary Account,Yes,N/A,Employer,0.0,Salary transaction #2224,None,2025,11,Nov,Q4,Tuesday,False
TXN101562,2025-06-25,Expense,Transport,Fuel,5986.85,Credit Card,Primary Savings,No,Discretionary,Employer,4000.0,Transport transaction #1562,None,2025,6,Jun,Q2,Wednesday,False
TXN101639,2024-06-03,Expense,Insurance,Vehicle,289.16,Credit Card,Salary Account,Yes,Essential,Swiggy,2000.0,Insurance transaction #1639,None,2024,6,Jun,Q2,Monday,False
TXN100656,2024-06-06,Income,Bonus,General,76077.03,Bank Transfer,Salary Account,No,N/A,Unknown Merchant,0.0,Bonus transaction #656,review,2024,6,Jun,Q2,Thursday,False
TXN101141,2024-07-23,Expense,Groceries,Groceries,899.33,Credit Card,Salary Account,No,Essential,Unknown Merchant,6000.0,Groceries transaction #1141,one-time,2024,7,Jul,Q3,Tuesday,False
TXN100536,2025-10-15,Income,Salary,General,26047.05,Bank Transfer,Salary Account,Yes,N/A,Employer,0.0,Salary transaction #536,review,2025,10,Oct,Q4,Wednesday,False
TXN100967,2025-04-16,Expense,Food,Groceries,7890.08,UPI,Credit Card A/C,Yes,Discretionary,Netflix,0.0,food transaction #967,None,2025,4,Apr,Q2,Wednesday,False
TXN102200,2024-08-22,Expense,Utilities,Water,7655.78,UPI,Credit Card A/C,No,Essential,Netflix,3000.0,Utilities transaction #2200,None,2024,8,Aug,Q3,Thursday,False
TXN102446,2025-04-23,Income,Investment,General,78157.26,Bank Transfer,Salary Account,No,N/A,Swiggy,0.0,Investment transaction #2446,None,2025,4,Apr,Q2,Wednesday,False
TXN101665,2025-12-18,Expense,Insurance,Life,4613.32,Debit Card,Credit Card A/C,Yes,Essential,Unknown Merchant,2000.0,Insurance transaction #1665,None,2025,12,Dec,Q4,Thursday,False
TXN100602,2024-06-24,Expense,Education,Courses,834.55,Credit Card,Cash Wallet,No,Discretionary,Unknown Merchant,4000.0,Education transaction #602,None,2024,6,Jun,Q2,Monday,False
TXN101647,2025-12-26,Income,Freelance,General,89074.71,Bank Transfer,Salary Account,No,N/A,Amazon,0.0,Freelance transaction #1647,None,2025,12,Dec,Q4,Friday,False
TXN102025,2025-09-10,Expense,Groceries,Groceries,7046.0,UPI,Cash Wallet,No,Essential,Uber,6000.0,Groceries transaction #2025,None,2025,9,Sep,Q3,Wednesday,False
TXN100163,2025-02-06,Expense,Transport,Fuel,436.83,Debit Card,Cash Wallet,No,Discretionary,Netflix,4000.0,Transport transaction #163,one-time,2025,2,Feb,Q1,Thursday,False
TXN101135,2024-06-16,Expense,Uncategorized,General,2471.9,Cash,Credit Card A/C,Yes,Discretionary,BESCOM,0.0,Misc transaction #1135,None,2024,6,Jun,Q2,Sunday,False
TXN101368,2025-09-23,Expense,Entertainment,Streaming,2101.76,Net Banking,Credit Card A/C,No,Discretionary,Landlord,2500.0,Entertainment transaction #1368,review,2025,9,Sep,Q3,Tuesday,False
TXN101593,2024-01-27,Expense,Food,Dining Out,3812.54,UPI,Salary Account,Yes,Discretionary,Local Store,8000.0,Food transaction #1593,one-time,2024,1,Jan,Q1,Saturday,False
TXN101458,2025-10-08,Expense,Entertainment,Streaming,6936.87,UPI,Salary Account,No,Discretionary,BESCOM,2500.0,Entertainment transaction #1458,reimbursable,2025,10,Oct,Q4,Wednesday,False
TXN100482,2025-03-08,Expense,Food,Snacks,1180.8,Unknown,Cash Wallet,Yes,Discretionary,Unknown Merchant,8000.0,Food transaction #482,reimbursable,2025,3,Mar,Q1,Saturday,False
TXN101244,2024-07-26,Expense,Transport,Cab,2935.37,Debit Card,Cash Wallet,No,Discretionary,Uber,4000.0,Transport transaction #1244,None,2024,7,Jul,Q3,Friday,False
TXN102076,2024-02-01,Expense,Healthcare,Doctor Visit,7542.15,UPI,Credit Card A/C,No,Essential,Swiggy,3000.0,Healthcare transaction #2076,reimbursable,2024,2,Feb,Q1,Thursday,False
TXN100130,2025-06-23,Income,Investment,General,81347.49,Bank Transfer,Salary Account,No,N/A,Employer,0.0,Investment transaction #130,None,2025,6,Jun,Q2,Monday,False
TXN102065,2025-01-13,Expense,Subscriptions,SaaS Tools,7992.55,Credit Card,Salary Account,Yes,Discretionary,Local Store,1500.0,Subscriptions transaction #2065,one-time,2025,1,Jan,Q1,Monday,True
TXN101063,2024-11-20,Expense,Groceries,Groceries,7566.64,Debit Card,Salary Account,No,Essential,Landlord,6000.0,Groceries transaction #1063,None,2024,11,Nov,Q4,Wednesday,False
TXN100233,2025-08-29,Expense,Food,Snacks,2262.84,Unknown,Primary Savings,Yes,Discretionary,Landlord,8000.0,Food transaction #233,one-time,2025,8,Aug,Q3,Friday,False
TXN101362,2024-01-12,Expense,Rent,Housing,4100.58,Unknown,Credit Card A/C,Yes,Essential,Amazon,15000.0,Rent transaction #1362,reimbursable,2024,1,Jan,Q1,Friday,False
TXN102031,2024-11-16,Expense,Utilities,Electricity,5822.6,Credit Card,Credit Card A/C,Yes,Essential,Amazon,3000.0,Utilities transaction #2031,reimbursable,2024,11,Nov,Q4,Saturday,False
TXN102210,2024-04-07,Expense,Shopping,Electronics,1686.16,Unknown,Salary Account,Yes,Discretionary,Swiggy,5000.0,Shopping transaction #2210,None,2024,4,Apr,Q2,Sunday,False
TXN102155,2025-07-15,Income,Bonus,General,20076.28,Bank Transfer,Salary Account,No,N/A,Unknown Merchant,0.0,Bonus transaction #2155,review,2025,7,Jul,Q3,Tuesday,False
TXN100072,2024-02-10,Expense,Subscriptions,SaaS Tools,255.63,Credit Card,Primary Savings,Yes,Discretionary,Freelance Client,1500.0,Subscriptions transaction #72,None,2024,2,Feb,Q1,Saturday,False
TXN100514,2025-01-28,Income,Freelance,General,76974.1,Bank Transfer,Salary Account,No,N/A,Employer,0.0,Freelance transaction #514,reimbursable,2025,1,Jan,Q1,Tuesday,False
TXN102074,2024-05-15,Income,Gift,General,57810.23,Bank Transfer,Salary Account,No,N/A,Freelance Client,0.0,Gift transaction #2074,None,2024,5,May,Q2,Wednesday,False
TXN101539,2024-10-26,Expense,Rent,Housing,6775.41,Unknown,Salary Account,Yes,Essential,Uber,15000.0,Rent transaction #1539,None,2024,10,Oct,Q4,Saturday,False
TXN101578,2024-07-20,Income,Gift,General,50456.73,Bank Transfer,Salary Account,No,N/A,Uber,0.0,Gift transaction #1578,None,2024,7,Jul,Q3,Saturday,False
TXN102157,2024-11-15,Expense,Transport,Fuel,3548.15,Cash,Cash Wallet,No,Discretionary,Landlord,4000.0,Transport transaction #2157,None,2024,11,Nov,Q4,Friday,False
TXN100012,2025-10-16,Expense,Transport,Fuel,1334.31,Net Banking,Primary Savings,No,Discretionary,Apollo Pharmacy,4000.0,Transport transaction #12,None,2025,10,Oct,Q4,Thursday,False
TXN101471,2025-03-04,Income,Investment,General,85364.45,Bank Transfer,Salary Account,No,N/A,Unknown Merchant,0.0,Investment transaction #1471,None,2025,3,Mar,Q1,Tuesday,False
TXN102313,2024-02-06,Expense,Insurance,Life,538.41,Credit Card,Primary Savings,Yes,Essential,Uber,2000.0,Insurance transaction #2313,None,2024,2,Feb,Q1,Tuesday,False
TXN102357,2025-08-02,Expense,Rent,Housing,3839.14,Cash,Salary Account,Yes,Essential,Local Store,15000.0,Rent transaction #2357,one-time,2025,8,Aug,Q3,Saturday,False
TXN102267,2025-09-14,Expense,Shopping,Clothing,5836.71,Cash,Credit Card A/C,No,Discretionary,Apollo Pharmacy,5000.0,Shopping transaction #2267,None,2025,9,Sep,Q3,Sunday,False
TXN100303,2024-02-05,Expense,Education,Tuition,4981.17,UPI,Cash Wallet,Yes,Discretionary,Swiggy,4000.0,Education transaction #303,None,2024,2,Feb,Q1,Monday,False
TXN101600,2024-05-25,Expense,Entertainment,Events,6612.88,Cash,Credit Card A/C,Yes,Discretionary,Amazon,2500.0,Entertainment transaction #1600,None,2024,5,May,Q2,Saturday,False
TXN100620,2025-05-23,Expense,Uncategorized,General,6810.16,Credit Card,Credit Card A/C,No,Discretionary,Amazon,0.0,Misc transaction #620,None,2025,5,May,Q2,Friday,False
TXN100865,2025-12-04,Expense,Food,Groceries,1999.77,Unknown,Cash Wallet,Yes,Discretionary,Unknown Merchant,0.0,food transaction #865,None,2025,12,Dec,Q4,Thursday,False
TXN102150,2025-02-22,Expense,Groceries,Groceries,2178.86,Credit Card,Cash Wallet,Yes,Essential,Swiggy,6000.0,Groceries transaction #2150,review,2025,2,Feb,Q1,Saturday,False
TXN100565,2025-02-20,Expense,Rent,Housing,5198.74,UPI,Primary Savings,Yes,Essential,Apollo Pharmacy,15000.0,Rent transaction #565,one-time,2025,2,Feb,Q1,Thursday,False
TXN101533,2024-12-11,Expense,Subscriptions,Memberships,5075.77,Unknown,Cash Wallet,Yes,Discretionary,Uber,1500.0,Subscriptions transaction #1533,review,2024,12,Dec,Q4,Wednesday,False
TXN100693,2025-12-06,Expense,Healthcare,Insurance Premium,6599.3,Credit Card,Salary Account,No,Essential,Unknown Merchant,3000.0,Healthcare transaction #693,reimbursable,2025,12,Dec,Q4,Saturday,False
TXN101882,2024-02-15,Expense,Shopping,Electronics,6891.48,Unknown,Primary Savings,Yes,Discretionary,Swiggy,5000.0,Shopping transaction #1882,None,2024,2,Feb,Q1,Thursday,False
TXN102350,2024-09-07,Income,Gift,General,50285.53,Bank Transfer,Salary Account,No,N/A,BESCOM,0.0,Gift transaction #2350,None,2024,9,Sep,Q3,Saturday,False
TXN101668,2024-03-13,Income,Investment,General,23178.28,Bank Transfer,Salary Account,No,N/A,Uber,0.0,Investment transaction #1668,one-time,2024,3,Mar,Q1,Wednesday,False
TXN101015,2025-08-01,Expense,Groceries,Groceries,1013.88,Net Banking,Primary Savings,No,Essential,Freelance Client,6000.0,Groceries transaction #1015,None,2025,8,Aug,Q3,Friday,False
TXN102191,2024-01-30,Expense,Shopping,Home Goods,7465.95,UPI,Cash Wallet,Yes,Discretionary,Zomato,5000.0,Shopping transaction #2191,one-time,2024,1,Jan,Q1,Tuesday,False
TXN101906,2024-12-25,Income,Salary,General,29198.93,Bank Transfer,Salary Account,Yes,N/A,Employer,0.0,Salary transaction #1906,None,2024,12,Dec,Q4,Wednesday,False
TXN100340,2024-05-13,Expense,Healthcare,Pharmacy,3553.47,UPI,Credit Card A/C,No,Essential,Amazon,3000.0,Healthcare transaction #340,review,2024,5,May,Q2,Monday,False
TXN102045,2024-08-26,Expense,Healthcare,Insurance Premium,98.3,Cash,Credit Card A/C,No,Essential,Swiggy,3000.0,Healthcare transaction #2045,None,2024,8,Aug,Q3,Monday,False
TXN101370,2025-02-18,Income,Gift,General,41023.97,Bank Transfer,Salary Account,No,N/A,Netflix,0.0,Gift transaction #1370,None,2025,2,Feb,Q1,Tuesday,False
TXN100820,2025-10-29,Income,Freelance,General,87597.67,Bank Transfer,Salary Account,No,N/A,Zomato,0.0,Freelance transaction #820,None,2025,10,Oct,Q4,Wednesday,False
TXN100153,2024-08-30,Expense,Food,Dining Out,2982.84,Net Banking,Salary Account,Yes,Discretionary,Zomato,8000.0,Food transaction #153,review,2024,8,Aug,Q3,Friday,False
TXN101328,2025-03-19,Expense,Shopping,Clothing,5650.57,Credit Card,Primary Savings,No,Discretionary,Netflix,5000.0,Shopping transaction #1328,None,2025,3,Mar,Q1,Wednesday,False
TXN101060,2025-08-24,Expense,Shopping,Electronics,6834.53,Net Banking,Credit Card A/C,No,Discretionary,BESCOM,5000.0,Shopping transaction #1060,None,2025,8,Aug,Q3,Sunday,False
TXN100811,2025-04-29,Expense,Uncategorized,General,620.99,Unknown,Credit Card A/C,No,Discretionary,Unknown Merchant,0.0,Misc transaction #811,reimbursable,2025,4,Apr,Q2,Tuesday,False
TXN100042,2024-09-07,Expense,Groceries,Groceries,7094.79,Net Banking,Salary Account,No,Essential,Apollo Pharmacy,6000.0,Groceries transaction #42,review,2024,9,Sep,Q3,Saturday,False
TXN101240,2025-10-29,Expense,Uncategorized,General,3326.34,Credit Card,Salary Account,No,Discretionary,Landlord,0.0,Misc transaction #1240,reimbursable,2025,10,Oct,Q4,Wednesday,False
TXN101418,2025-02-02,Expense,Insurance,Vehicle,3936.86,Debit Card,Cash Wallet,Yes,Essential,Amazon,2000.0,Insurance transaction #1418,None,2025,2,Feb,Q1,Sunday,False
TXN100878,2025-03-07,Expense,Transport,Fuel,982.02,Unknown,Salary Account,No,Discretionary,Unknown Merchant,4000.0,Transport transaction #878,None,2025,3,Mar,Q1,Friday,False
TXN101949,2024-12-29,Expense,Groceries,Groceries,2104.05,Net Banking,Credit Card A/C,No,Essential,Landlord,6000.0,Groceries transaction #1949,None,2024,12,Dec,Q4,Sunday,False
TXN102176,2025-03-26,Expense,Food,Dining Out,794.23,Cash,Salary Account,No,Discretionary,Unknown Merchant,8000.0,Food transaction #2176,None,2025,3,Mar,Q1,Wednesday,False
TXN101483,2024-06-28,Expense,Food,Groceries,6466.27,Credit Card,Credit Card A/C,Yes,Discretionary,Local Store,0.0,food transaction #1483,None,2024,6,Jun,Q2,Friday,False
TXN100359,2025-11-30,Income,Freelance,General,71455.56,Bank Transfer,Salary Account,No,N/A,Zomato,0.0,Freelance transaction #359,reimbursable,2025,11,Nov,Q4,Sunday,False
TXN100055,2025-12-08,Expense,Transport,Fuel,2447.58,Unknown,Primary Savings,Yes,Discretionary,Uber,4000.0,Transport transaction #55,None,2025,12,Dec,Q4,Monday,False
TXN100879,2024-02-25,Expense,Insurance,Vehicle,6707.63,Credit Card,Primary Savings,Yes,Essential,Swiggy,2000.0,Insurance transaction #879,None,2024,2,Feb,Q1,Sunday,False
TXN101318,2025-10-12,Expense,Shopping,Electronics,3518.51,Unknown,Cash Wallet,Yes,Discretionary,Zomato,5000.0,Shopping transaction #1318,review,2025,10,Oct,Q4,Sunday,False
TXN100026,2024-01-10,Expense,Groceries,Groceries,1744.58,Debit Card,Salary Account,No,Essential,Zomato,6000.0,Groceries transaction #26,None,2024,1,Jan,Q1,Wednesday,False
TXN100680,2025-05-25,Expense,Food,Groceries,2710.13,Credit Card,Primary Savings,Yes,Discretionary,Apollo Pharmacy,0.0,food transaction #680,None,2025,5,May,Q2,Sunday,False
TXN101238,2025-04-08,Expense,Shopping,Electronics,2641.79,Cash,Salary Account,Yes,Discretionary,BESCOM,5000.0,Shopping transaction #1238,None,2025,4,Apr,Q2,Tuesday,False
TXN101513,2024-10-25,Expense,Utilities,Internet,5896.63,Net Banking,Primary Savings,Yes,Essential,Netflix,3000.0,Utilities transaction #1513,reimbursable,2024,10,Oct,Q4,Friday,False
TXN100135,2024-04-03,Expense,Transport,Cab,7447.25,Cash,Primary Savings,No,Discretionary,Landlord,4000.0,Transport transaction #135,None,2024,4,Apr,Q2,Wednesday,False
TXN101534,2025-09-20,Expense,Education,Courses,4934.34,UPI,Primary Savings,No,Discretionary,Uber,4000.0,Education transaction #1534,None,2025,9,Sep,Q3,Saturday,False
TXN101377,2024-02-10,Expense,Transport,Fuel,6602.32,Cash,Primary Savings,No,Discretionary,Employer,4000.0,Transport transaction #1377,None,2024,2,Feb,Q1,Saturday,False
TXN102358,2025-01-24,Expense,Education,Courses,2986.39,Unknown,Primary Savings,No,Discretionary,Amazon,4000.0,Education transaction #2358,None,2025,1,Jan,Q1,Friday,False
TXN101000,2025-05-22,Income,Bonus,General,46926.43,Bank Transfer,Salary Account,No,N/A,Amazon,0.0,Bonus transaction #1000,review,2025,5,May,Q2,Thursday,False
TXN101862,2025-08-20,Expense,Education,Tuition,5317.47,Unknown,Primary Savings,Yes,Discretionary,Netflix,4000.0,Education transaction #1862,reimbursable,2025,8,Aug,Q3,Wednesday,False
TXN101064,2025-12-02,Income,Bonus,General,65646.45,Bank Transfer,Salary Account,No,N/A,Swiggy,0.0,Bonus transaction #1064,one-time,2025,12,Dec,Q4,Tuesday,False
TXN100396,2025-03-17,Expense,Entertainment,Movies,3460.2,Cash,Cash Wallet,No,Discretionary,Employer,2500.0,Entertainment transaction #396,review,2025,3,Mar,Q1,Monday,False
TXN102474,2025-04-15,Expense,Food,Groceries,3752.56,Net Banking,Cash Wallet,No,Discretionary,Amazon,8000.0,Food transaction #2474,one-time,2025,4,Apr,Q2,Tuesday,False
TXN100053,2025-11-16,Income,Freelance,General,52552.38,Bank Transfer,Salary Account,No,N/A,Netflix,0.0,Freelance transaction #53,reimbursable,2025,11,Nov,Q4,Sunday,False
TXN100178,2025-07-17,Expense,Rent,Housing,7051.15,Cash,Cash Wallet,Yes,Essential,Freelance Client,15000.0,Rent transaction #178,None,2025,7,Jul,Q3,Thursday,False
TXN100507,2025-08-10,Expense,Food,Dining Out,2742.97,Cash,Primary Savings,Yes,Discretionary,Amazon,0.0,food transaction #507,None,2025,8,Aug,Q3,Sunday,False
TXN100300,2024-09-28,Income,Gift,General,47126.9,Bank Transfer,Salary Account,No,N/A,Uber,0.0,Gift transaction #300,one-time,2024,9,Sep,Q3,Saturday,False
TXN101552,2024-05-21,Expense,Education,Tuition,1236.45,Unknown,Primary Savings,Yes,Discretionary,Uber,4000.0,Education transaction #1552,None,2024,5,May,Q2,Tuesday,False
TXN101663,2025-04-19,Expense,Food,Snacks,1528.14,UPI,Primary Savings,No,Discretionary,BESCOM,0.0,food transaction #1663,one-time,2025,4,Apr,Q2,Saturday,False
TXN102236,2024-09-28,Income,Salary,General,86850.94,Bank Transfer,Salary Account,Yes,N/A,Employer,0.0,Salary transaction #2236,None,2024,9,Sep,Q3,Saturday,False
TXN101001,2025-03-17,Expense,Insurance,Health,6115.82,UPI,Credit Card A/C,Yes,Essential,Netflix,2000.0,Insurance transaction #1001,None,2025,3,Mar,Q1,Monday,False
TXN100078,2024-10-25,Expense,Utilities,Water,7842.94,Credit Card,Cash Wallet,Yes,Essential,Local Store,3000.0,Utilities transaction #78,review,2024,10,Oct,Q4,Friday,False
TXN100995,2024-10-26,Income,Bonus,General,53509.1,Bank Transfer,Salary Account,No,N/A,Zomato,0.0,Bonus transaction #995,reimbursable,2024,10,Oct,Q4,Saturday,False
TXN100726,2025-09-17,Expense,Food,Groceries,4496.1,Debit Card,Cash Wallet,No,Discretionary,Zomato,0.0,food transaction #726,reimbursable,2025,9,Sep,Q3,Wednesday,False
TXN100228,2024-04-10,Expense,Education,Tuition,4665.12,Net Banking,Salary Account,No,Discretionary,Uber,4000.0,Education transaction #228,reimbursable,2024,4,Apr,Q2,Wednesday,False
TXN100818,2025-12-11,Expense,Uncategorized,General,3102.48,Unknown,Cash Wallet,No,Discretionary,Employer,0.0,Misc transaction #818,review,2025,12,Dec,Q4,Thursday,False
TXN101397,2025-07-01,Expense,Food,Dining Out,2262.49,UPI,Credit Card A/C,Yes,Discretionary,Uber,0.0,food transaction #1397,reimbursable,2025,7,Jul,Q3,Tuesday,False
TXN100988,2024-07-28,Expense,Subscriptions,SaaS Tools,5323.52,UPI,Salary Account,Yes,Discretionary,Apollo Pharmacy,1500.0,Subscriptions transaction #988,reimbursable,2024,7,Jul,Q3,Sunday,False
TXN100029,2024-07-27,Expense,Utilities,Internet,7247.43,UPI,Primary Savings,No,Essential,Netflix,3000.0,Utilities transaction #29,None,2024,7,Jul,Q3,Saturday,False
TXN101657,2024-03-17,Expense,Uncategorized,General,7965.84,Debit Card,Credit Card A/C,No,Discretionary,Swiggy,0.0,Misc transaction #1657,review,2024,3,Mar,Q1,Sunday,False
TXN100561,2025-04-21,Expense,Rent,Housing,2396.53,Credit Card,Salary Account,Yes,Essential,Employer,15000.0,Rent transaction #561,None,2025,4,Apr,Q2,Monday,False
TXN100225,2024-03-11,Expense,Uncategorized,General,5400.17,Credit Card,Credit Card A/C,Yes,Discretionary,Netflix,0.0,Misc transaction #225,one-time,2024,3,Mar,Q1,Monday,False
TXN100005,2024-03-22,Expense,Food,Dining Out,5103.69,Debit Card,Salary Account,No,Discretionary,Uber,0.0,food transaction #5,review,2024,3,Mar,Q1,Friday,False
TXN101227,2025-07-22,Expense,Transport,Fuel,333.78,Cash,Primary Savings,Yes,Discretionary,BESCOM,4000.0,Transport transaction #1227,None,2025,7,Jul,Q3,Tuesday,False
TXN100444,2025-12-24,Expense,Utilities,Internet,1558.72,Credit Card,Credit Card A/C,No,Essential,Unknown Merchant,3000.0,Utilities transaction #444,reimbursable,2025,12,Dec,Q4,Wednesday,False
TXN100032,2024-02-10,Expense,Transport,Public Transit,867.21,Net Banking,Cash Wallet,Yes,Discretionary,BESCOM,4000.0,Transport transaction #32,None,2024,2,Feb,Q1,Saturday,False
TXN100965,2025-04-17,Income,Gift,General,21849.55,Bank Transfer,Salary Account,No,N/A,Local Store,0.0,Gift transaction #965,None,2025,4,Apr,Q2,Thursday,False
TXN101681,2025-10-21,Income,Freelance,General,66649.89,Bank Transfer,Salary Account,No,N/A,Zomato,0.0,Freelance transaction #1681,None,2025,10,Oct,Q4,Tuesday,False
TXN100893,2024-06-14,Income,Gift,General,45432.98,Bank Transfer,Salary Account,No,N/A,Zomato,0.0,Gift transaction #893,one-time,2024,6,Jun,Q2,Friday,False
TXN100668,2025-03-08,Income,Freelance,General,83169.07,Bank Transfer,Salary Account,No,N/A,Unknown Merchant,0.0,Freelance transaction #668,one-time,2025,3,Mar,Q1,Saturday,False
TXN101358,2025-05-13,Expense,Food,Groceries,5125.71,Credit Card,Cash Wallet,Yes,Discretionary,Freelance Client,8000.0,Food transaction #1358,None,2025,5,May,Q2,Tuesday,False
TXN102174,2025-12-31,Expense,Shopping,Electronics,4112.71,Cash,Salary Account,Yes,Discretionary,Uber,5000.0,Shopping transaction #2174,one-time,2025,12,Dec,Q4,Wednesday,False
TXN101396,2024-09-02,Income,Investment,General,87560.06,Bank Transfer,Salary Account,No,N/A,Zomato,0.0,Investment transaction #1396,reimbursable,2024,9,Sep,Q3,Monday,False
TXN100151,2025-09-18,Expense,Healthcare,Pharmacy,6829.97,Cash,Salary Account,No,Essential,Zomato,3000.0,Healthcare transaction #151,None,2025,9,Sep,Q3,Thursday,False
TXN102265,2025-02-16,Expense,Food,Dining Out,4442.77,Debit Card,Cash Wallet,No,Discretionary,Employer,8000.0,Food transaction #2265,None,2025,2,Feb,Q1,Sunday,False
TXN100222,2025-08-31,Income,Investment,General,62224.79,Bank Transfer,Salary Account,No,N/A,Unknown Merchant,0.0,Investment transaction #222,one-time,2025,8,Aug,Q3,Sunday,False
TXN102119,2024-02-20,Expense,Transport,Public Transit,6788.14,Unknown,Primary Savings,No,Discretionary,BESCOM,4000.0,Transport transaction #2119,None,2024,2,Feb,Q1,Tuesday,False
TXN100702,2024-07-03,Expense,Utilities,Electricity,5659.66,Net Banking,Cash Wallet,Yes,Essential,Landlord,3000.0,Utilities transaction #702,None,2024,7,Jul,Q3,Wednesday,False
TXN101666,2025-08-04,Expense,Shopping,Home Goods,1746.04,Cash,Credit Card A/C,Yes,Discretionary,Employer,5000.0,Shopping transaction #1666,None,2025,8,Aug,Q3,Monday,False
TXN101444,2024-02-03,Expense,Uncategorized,General,5335.81,UPI,Primary Savings,Yes,Discretionary,Uber,0.0,Misc transaction #1444,review,2024,2,Feb,Q1,Saturday,False
TXN100854,2024-07-25,Expense,Rent,Housing,3374.79,Unknown,Credit Card A/C,Yes,Essential,Landlord,15000.0,Rent transaction #854,one-time,2024,7,Jul,Q3,Thursday,False
TXN101832,2024-10-23,Expense,Uncategorized,General,5319.91,Net Banking,Cash Wallet,Yes,Discretionary,Uber,0.0,Misc transaction #1832,None,2024,10,Oct,Q4,Wednesday,False
TXN101586,2025-01-26,Expense,Rent,Housing,7622.74,Cash,Cash Wallet,Yes,Essential,Employer,15000.0,Rent transaction #1586,None,2025,1,Jan,Q1,Sunday,False
TXN101525,2024-11-28,Income,Investment,General,72919.15,Bank Transfer,Salary Account,No,N/A,Freelance Client,0.0,Investment transaction #1525,None,2024,11,Nov,Q4,Thursday,False
TXN100113,2024-03-24,Expense,Insurance,Health,3564.25,Debit Card,Salary Account,Yes,Essential,Landlord,2000.0,Insurance transaction #113,None,2024,3,Mar,Q1,Sunday,False
TXN102096,2025-02-03,Expense,Food,Dining Out,4450.68,Net Banking,Primary Savings,No,Discretionary,Swiggy,0.0,food transaction #2096,review,2025,2,Feb,Q1,Monday,False
TXN101100,2024-07-07,Expense,Utilities,Internet,7069.26,Cash,Primary Savings,Yes,Essential,Employer,3000.0,Utilities transaction #1100,reimbursable,2024,7,Jul,Q3,Sunday,False
TXN100206,2024-05-23,Expense,Healthcare,Pharmacy,4359.99,Unknown,Primary Savings,Yes,Essential,Zomato,3000.0,Healthcare transaction #206,None,2024,5,May,Q2,Thursday,False
TXN102159,2025-09-12,Expense,Insurance,Vehicle,5585.83,Debit Card,Primary Savings,Yes,Essential,Employer,2000.0,Insurance transaction #2159,None,2025,9,Sep,Q3,Friday,False
TXN101147,2025-06-25,Income,Gift,General,46143.21,Bank Transfer,Salary Account,No,N/A,Employer,0.0,Gift transaction #1147,reimbursable,2025,6,Jun,Q2,Wednesday,False
TXN101410,2025-07-08,Income,Freelance,General,61359.77,Bank Transfer,Salary Account,No,N/A,Landlord,0.0,Freelance transaction #1410,None,2025,7,Jul,Q3,Tuesday,False
TXN100889,2024-06-02,Income,Bonus,General,53386.71,Bank Transfer,Salary Account,No,N/A,Amazon,0.0,Bonus transaction #889,one-time,2024,6,Jun,Q2,Sunday,False
TXN100899,2025-02-15,Expense,Entertainment,Streaming,3916.05,Unknown,Cash Wallet,Yes,Discretionary,Netflix,2500.0,Entertainment transaction #899,one-time,2025,2,Feb,Q1,Saturday,False
TXN100832,2025-12-31,Expense,Rent,Housing,5896.61,UPI,Credit Card A/C,Yes,Essential,Unknown Merchant,15000.0,Rent transaction #832,one-time,2025,12,Dec,Q4,Wednesday,False
TXN101245,2025-07-29,Expense,Rent,Housing,4281.83,Net Banking,Cash Wallet,Yes,Essential,Swiggy,15000.0,Rent transaction #1245,review,2025,7,Jul,Q3,Tuesday,False
TXN102426,2025-02-28,Income,Gift,General,41356.18,Bank Transfer,Salary Account,No,N/A,Local Store,0.0,Gift transaction #2426,reimbursable,2025,2,Feb,Q1,Friday,False
TXN101241,2025-03-18,Expense,Healthcare,Pharmacy,3118.47,Unknown,Salary Account,No,Essential,Unknown Merchant,3000.0,Healthcare transaction #1241,review,2025,3,Mar,Q1,Tuesday,False
TXN101982,2025-07-16,Income,Investment,General,32906.93,Bank Transfer,Salary Account,No,N/A,Local Store,0.0,Investment transaction #1982,None,2025,7,Jul,Q3,Wednesday,False
TXN100869,2025-10-04,Expense,Food,Groceries,2409.07,Net Banking,Cash Wallet,Yes,Discretionary,Amazon,8000.0,Food transaction #869,one-time,2025,10,Oct,Q4,Saturday,False
TXN101659,2024-01-19,Expense,Food,Groceries,1795.48,Unknown,Credit Card A/C,No,Discretionary,Netflix,8000.0,Food transaction #1659,None,2024,1,Jan,Q1,Friday,False
TXN100673,2025-06-03,Expense,Insurance,Health,6834.96,Unknown,Cash Wallet,Yes,Essential,Swiggy,2000.0,Insurance transaction #673,one-time,2025,6,Jun,Q2,Tuesday,False
TXN101676,2024-12-02,Expense,Subscriptions,SaaS Tools,479.17,Unknown,Salary Account,Yes,Discretionary,Swiggy,1500.0,Subscriptions transaction #1676,reimbursable,2024,12,Dec,Q4,Monday,False
TXN102209,2024-10-23,Expense,Food,Dining Out,341.51,Debit Card,Primary Savings,No,Discretionary,Uber,8000.0,Food transaction #2209,None,2024,10,Oct,Q4,Wednesday,False
TXN100139,2024-10-25,Expense,Groceries,Groceries,3361.71,Unknown,Primary Savings,No,Essential,Zomato,6000.0,Groceries transaction #139,reimbursable,2024,10,Oct,Q4,Friday,False
TXN100489,2024-05-28,Expense,Insurance,Vehicle,2422.61,UPI,Primary Savings,Yes,Essential,Zomato,2000.0,Insurance transaction #489,review,2024,5,May,Q2,Tuesday,False
TXN100913,2025-11-20,Expense,Shopping,Clothing,1269.33,Debit Card,Credit Card A/C,No,Discretionary,Swiggy,5000.0,Shopping transaction #913,None,2025,11,Nov,Q4,Thursday,False
TXN101615,2025-08-17,Expense,Food,Dining Out,7989.19,Unknown,Credit Card A/C,No,Discretionary,Local Store,8000.0,Food transaction #1615,one-time,2025,8,Aug,Q3,Sunday,True
TXN101671,2025-07-15,Expense,Subscriptions,SaaS Tools,7451.04,Net Banking,Salary Account,Yes,Discretionary,Landlord,1500.0,Subscriptions transaction #1671,None,2025,7,Jul,Q3,Tuesday,False
TXN101898,2025-05-02,Expense,Food,Groceries,1984.99,Debit Card,Primary Savings,Yes,Discretionary,Apollo Pharmacy,8000.0,Food transaction #1898,None,2025,5,May,Q2,Friday,False
TXN102178,2024-08-20,Expense,Uncategorized,General,441.3,Cash,Cash Wallet,Yes,Discretionary,Uber,0.0,Misc transaction #2178,reimbursable,2024,8,Aug,Q3,Tuesday,False
TXN100812,2025-02-07,Income,Investment,General,72658.65,Bank Transfer,Salary Account,No,N/A,Employer,0.0,Investment transaction #812,review,2025,2,Feb,Q1,Friday,False
TXN100214,2025-12-30,Expense,Food,Dining Out,1961.75,Cash,Credit Card A/C,No,Discretionary,Unknown Merchant,0.0,food transaction #214,review,2025,12,Dec,Q4,Tuesday,False
TXN101943,2024-02-14,Expense,Rent,Housing,5269.27,Debit Card,Primary Savings,Yes,Essential,Unknown Merchant,15000.0,Rent transaction #1943,None,2024,2,Feb,Q1,Wednesday,False
TXN100314,2024-08-07,Expense,Insurance,Life,2189.21,Cash,Primary Savings,Yes,Essential,Freelance Client,2000.0,Insurance transaction #314,review,2024,8,Aug,Q3,Wednesday,False
TXN100416,2024-01-09,Income,Freelance,General,46559.96,Bank Transfer,Salary Account,No,N/A,Zomato,0.0,Freelance transaction #416,None,2024,1,Jan,Q1,Tuesday,False
TXN101029,2024-10-15,Expense,Groceries,Groceries,4191.11,Cash,Credit Card A/C,Yes,Essential,Unknown Merchant,6000.0,Groceries transaction #1029,one-time,2024,10,Oct,Q4,Tuesday,False
TXN102086,2025-08-30,Expense,Utilities,Water,7774.22,UPI,Primary Savings,No,Essential,Landlord,3000.0,Utilities transaction #2086,review,2025,8,Aug,Q3,Saturday,False
TXN102101,2024-11-30,Expense,Groceries,Groceries,2938.25,UPI,Salary Account,No,Essential,Zomato,6000.0,Groceries transaction #2101,None,2024,11,Nov,Q4,Saturday,False
TXN100136,2025-01-18,Expense,Entertainment,Movies,5217.19,Credit Card,Salary Account,Yes,Discretionary,Netflix,2500.0,Entertainment transaction #136,None,2025,1,Jan,Q1,Saturday,False
TXN100746,2025-10-21,Income,Investment,General,84862.41,Bank Transfer,Salary Account,No,N/A,Zomato,0.0,Investment transaction #746,reimbursable,2025,10,Oct,Q4,Tuesday,False
TXN101474,2025-02-11,Expense,Food,Groceries,5495.02,UPI,Credit Card A/C,Yes,Discretionary,Zomato,0.0,food transaction #1474,None,2025,2,Feb,Q1,Tuesday,False
TXN101122,2024-02-06,Expense,Rent,Housing,7047.36,Net Banking,Credit Card A/C,Yes,Essential,Unknown Merchant,15000.0,Rent transaction #1122,None,2024,2,Feb,Q1,Tuesday,False
TXN100035,2024-08-21,Expense,Insurance,Life,2264.89,UPI,Credit Card A/C,Yes,Essential,Uber,2000.0,Insurance transaction #35,reimbursable,2024,8,Aug,Q3,Wednesday,False
TXN100025,2024-09-24,Expense,Subscriptions,SaaS Tools,3196.5,Unknown,Credit Card A/C,Yes,Discretionary,Apollo Pharmacy,1500.0,Subscriptions transaction #25,None,2024,9,Sep,Q3,Tuesday,False
TXN100657,2025-09-09,Income,Salary,General,78243.7,Bank Transfer,Salary Account,Yes,N/A,Employer,0.0,Salary transaction #657,one-time,2025,9,Sep,Q3,Tuesday,False
TXN101402,2024-11-18,Expense,Food,Groceries,4777.46,Net Banking,Primary Savings,Yes,Discretionary,Apollo Pharmacy,0.0,food transaction #1402,review,2024,11,Nov,Q4,Monday,False
TXN100449,2024-08-01,Expense,Food,Dining Out,532.57,Net Banking,Cash Wallet,No,Discretionary,Unknown Merchant,0.0,food transaction #449,reimbursable,2024,8,Aug,Q3,Thursday,False
TXN101401,2025-10-19,Expense,Food,Groceries,79.59,Debit Card,Primary Savings,No,Discretionary,Freelance Client,8000.0,Food transaction #1401,None,2025,10,Oct,Q4,Sunday,False
TXN101258,2024-07-16,Expense,Transport,Public Transit,4863.39,Credit Card,Cash Wallet,No,Discretionary,Unknown Merchant,4000.0,Transport transaction #1258,None,2024,7,Jul,Q3,Tuesday,False
TXN100751,2024-01-10,Expense,Insurance,Health,3382.22,Unknown,Cash Wallet,Yes,Essential,Unknown Merchant,2000.0,Insurance transaction #751,None,2024,1,Jan,Q1,Wednesday,False
TXN101270,2025-10-07,Expense,Groceries,Groceries,4812.97,Net Banking,Credit Card A/C,No,Essential,Unknown Merchant,6000.0,Groceries transaction #1270,None,2025,10,Oct,Q4,Tuesday,False
TXN101449,2024-01-27,Income,Salary,General,20195.69,Bank Transfer,Salary Account,Yes,N/A,Employer,0.0,Salary transaction #1449,None,2024,1,Jan,Q1,Saturday,False
TXN101052,2025-10-29,Expense,Healthcare,Insurance Premium,4460.72,Unknown,Primary Savings,Yes,Essential,Local Store,3000.0,Healthcare transaction #1052,None,2025,10,Oct,Q4,Wednesday,False
TXN100244,2024-10-10,Expense,Rent,Housing,5705.59,Credit Card,Cash Wallet,Yes,Essential,Apollo Pharmacy,15000.0,Rent transaction #244,review,2024,10,Oct,Q4,Thursday,False
TXN102151,2024-02-19,Expense,Subscriptions,Memberships,7865.8,Debit Card,Primary Savings,Yes,Discretionary,BESCOM,1500.0,Subscriptions transaction #2151,reimbursable,2024,2,Feb,Q1,Monday,False
TXN100276,2025-04-18,Income,Freelance,General,28501.73,Bank Transfer,Salary Account,No,N/A,Amazon,0.0,Freelance transaction #276,None,2025,4,Apr,Q2,Friday,False
TXN102158,2024-04-26,Expense,Food,Snacks,5915.62,Unknown,Salary Account,Yes,Discretionary,Amazon,0.0,food transaction #2158,None,2024,4,Apr,Q2,Friday,False
TXN100588,2025-07-23,Expense,Groceries,Groceries,6666.66,Debit Card,Cash Wallet,Yes,Essential,Netflix,6000.0,Groceries transaction #588,reimbursable,2025,7,Jul,Q3,Wednesday,False
TXN100970,2024-06-05,Expense,Food,Snacks,1674.13,Cash,Primary Savings,No,Discretionary,Local Store,0.0,food transaction #970,one-time,2024,6,Jun,Q2,Wednesday,False
TXN101947,2024-09-03,Income,Bonus,General,72327.7,Bank Transfer,Salary Account,No,N/A,Employer,0.0,Bonus transaction #1947,reimbursable,2024,9,Sep,Q3,Tuesday,False
TXN102186,2024-01-25,Expense,Transport,Cab,3105.19,Cash,Credit Card A/C,No,Discretionary,Swiggy,4000.0,Transport transaction #2186,review,2024,1,Jan,Q1,Thursday,False
TXN102228,2024-10-19,Expense,Transport,Public Transit,6274.83,Cash,Cash Wallet,Yes,Discretionary,Uber,4000.0,Transport transaction #2228,review,2024,10,Oct,Q4,Saturday,False
TXN101759,2025-03-05,Expense,Shopping,Electronics,7925.33,Debit Card,Credit Card A/C,Yes,Discretionary,Amazon,5000.0,Shopping transaction #1759,review,2025,3,Mar,Q1,Wednesday,False
TXN101323,2024-08-07,Income,Bonus,General,58712.28,Bank Transfer,Salary Account,No,N/A,Freelance Client,0.0,Bonus transaction #1323,None,2024,8,Aug,Q3,Wednesday,False
TXN100167,2025-06-15,Expense,Groceries,Groceries,4923.89,Credit Card,Cash Wallet,No,Essential,Employer,6000.0,Groceries transaction #167,reimbursable,2025,6,Jun,Q2,Sunday,False
TXN100927,2025-06-07,Expense,Shopping,Electronics,7024.15,Net Banking,Credit Card A/C,No,Discretionary,Amazon,5000.0,Shopping transaction #927,one-time,2025,6,Jun,Q2,Saturday,False
TXN100024,2024-03-10,Expense,Transport,Cab,7127.78,Credit Card,Primary Savings,Yes,Discretionary,Local Store,4000.0,Transport transaction #24,None,2024,3,Mar,Q1,Sunday,False
TXN100806,2024-11-16,Expense,Groceries,Groceries,4740.98,Credit Card,Cash Wallet,No,Essential,Uber,6000.0,Groceries transaction #806,None,2024,11,Nov,Q4,Saturday,False
TXN100443,2025-10-22,Expense,Uncategorized,General,5878.85,UPI,Cash Wallet,No,Discretionary,Unknown Merchant,0.0,Misc transaction #443,one-time,2025,10,Oct,Q4,Wednesday,False
TXN101779,2025-03-08,Expense,Rent,Housing,5852.17,Credit Card,Salary Account,Yes,Essential,BESCOM,15000.0,Rent transaction #1779,reimbursable,2025,3,Mar,Q1,Saturday,False
TXN100150,2024-11-17,Expense,Transport,Fuel,1529.08,Net Banking,Cash Wallet,Yes,Discretionary,Netflix,4000.0,Transport transaction #150,None,2024,11,Nov,Q4,Sunday,False
TXN102373,2025-09-03,Expense,Education,Courses,6117.11,Debit Card,Credit Card A/C,Yes,Discretionary,Uber,4000.0,Education transaction #2373,None,2025,9,Sep,Q3,Wednesday,False
TXN102142,2025-09-05,Expense,Utilities,Water,5451.61,Net Banking,Cash Wallet,No,Essential,Employer,3000.0,Utilities transaction #2142,one-time,2025,9,Sep,Q3,Friday,False
TXN100754,2025-09-09,Expense,Rent,Housing,7705.81,Debit Card,Salary Account,Yes,Essential,BESCOM,15000.0,Rent transaction #754,one-time,2025,9,Sep,Q3,Tuesday,False
TXN101047,2025-08-13,Expense,Utilities,Water,7736.75,Net Banking,Credit Card A/C,No,Essential,Netflix,3000.0,Utilities transaction #1047,None,2025,8,Aug,Q3,Wednesday,False
TXN100780,2025-04-04,Expense,Transport,Cab,3875.31,Debit Card,Cash Wallet,No,Discretionary,Swiggy,4000.0,Transport transaction #780,reimbursable,2025,4,Apr,Q2,Friday,False
TXN100900,2024-05-29,Expense,Entertainment,Events,4828.57,Cash,Primary Savings,No,Discretionary,Local Store,2500.0,Entertainment transaction #900,None,2024,5,May,Q2,Wednesday,False
TXN100864,2025-04-15,Expense,Rent,Housing,7549.67,Credit Card,Credit Card A/C,Yes,Essential,Amazon,15000.0,Rent transaction #864,one-time,2025,4,Apr,Q2,Tuesday,False
TXN101952,2024-01-04,Expense,Uncategorized,General,6095.6,Unknown,Salary Account,No,Discretionary,Zomato,0.0,Misc transaction #1952,None,2024,1,Jan,Q1,Thursday,False
TXN101197,2025-03-25,Expense,Education,Tuition,1529.16,Net Banking,Cash Wallet,No,Discretionary,Unknown Merchant,4000.0,Education transaction #1197,None,2025,3,Mar,Q1,Tuesday,False
TXN100100,2024-09-06,Expense,Uncategorized,General,595.45,Net Banking,Salary Account,Yes,Discretionary,BESCOM,0.0,Misc transaction #100,reimbursable,2024,9,Sep,Q3,Friday,False
TXN101049,2024-08-17,Expense,Food,Dining Out,3604.33,Cash,Primary Savings,No,Discretionary,Uber,8000.0,Food transaction #1049,None,2024,8,Aug,Q3,Saturday,False
TXN101627,2024-02-18,Income,Bonus,General,37812.53,Bank Transfer,Salary Account,No,N/A,Freelance Client,0.0,Bonus transaction #1627,None,2024,2,Feb,Q1,Sunday,False
TXN101271,2025-01-13,Expense,Healthcare,Pharmacy,2991.57,Credit Card,Salary Account,No,Essential,Unknown Merchant,3000.0,Healthcare transaction #1271,None,2025,1,Jan,Q1,Monday,False
TXN101758,2025-04-20,Expense,Utilities,Internet,3510.3,Cash,Credit Card A/C,No,Essential,Employer,3000.0,Utilities transaction #1758,None,2025,4,Apr,Q2,Sunday,False
TXN102277,2024-06-30,Expense,Entertainment,Events,1449.94,Cash,Cash Wallet,Yes,Discretionary,Apollo Pharmacy,2500.0,Entertainment transaction #2277,one-time,2024,6,Jun,Q2,Sunday,False
TXN101378,2025-09-19,Expense,Food,Dining Out,2116.86,Unknown,Primary Savings,No,Discretionary,Employer,0.0,food transaction #1378,one-time,2025,9,Sep,Q3,Friday,False
TXN100766,2025-10-18,Expense,Insurance,Life,2501.18,UPI,Primary Savings,Yes,Essential,Amazon,2000.0,Insurance transaction #766,None,2025,10,Oct,Q4,Saturday,False
TXN100750,2024-11-16,Expense,Shopping,Home Goods,3537.51,Net Banking,Primary Savings,No,Discretionary,Swiggy,5000.0,Shopping transaction #750,review,2024,11,Nov,Q4,Saturday,False
TXN100962,2025-04-29,Expense,Transport,Public Transit,3409.38,UPI,Credit Card A/C,No,Discretionary,Employer,4000.0,Transport transaction #962,review,2025,4,Apr,Q2,Tuesday,False
TXN102305,2024-10-03,Expense,Subscriptions,SaaS Tools,6139.2,Cash,Primary Savings,Yes,Discretionary,Local Store,1500.0,Subscriptions transaction #2305,review,2024,10,Oct,Q4,Thursday,False
TXN100168,2025-05-16,Expense,Utilities,Water,2978.44,Unknown,Primary Savings,No,Essential,Employer,3000.0,Utilities transaction #168,review,2025,5,May,Q2,Friday,False
TXN100073,2025-04-26,Expense,Healthcare,Doctor Visit,4703.37,Unknown,Cash Wallet,Yes,Essential,Apollo Pharmacy,3000.0,Healthcare transaction #73,review,2025,4,Apr,Q2,Saturday,False
TXN101883,2025-09-20,Expense,Uncategorized,General,2593.21,Debit Card,Primary Savings,Yes,Discretionary,Uber,0.0,Misc transaction #1883,None,2025,9,Sep,Q3,Saturday,False
TXN102166,2024-09-22,Income,Bonus,General,49450.35,Bank Transfer,Salary Account,No,N/A,Uber,0.0,Bonus transaction #2166,None,2024,9,Sep,Q3,Sunday,False
TXN101138,2024-11-06,Expense,Utilities,Water,6642.39,Debit Card,Cash Wallet,No,Essential,Local Store,3000.0,Utilities transaction #1138,None,2024,11,Nov,Q4,Wednesday,False
TXN100992,2025-07-16,Income,Bonus,General,28259.48,Bank Transfer,Salary Account,No,N/A,Employer,0.0,Bonus transaction #992,None,2025,7,Jul,Q3,Wednesday,False
TXN102053,2025-10-17,Expense,Food,Dining Out,1244.27,Credit Card,Cash Wallet,Yes,Discretionary,Freelance Client,0.0,food transaction #2053,None,2025,10,Oct,Q4,Friday,False
TXN101499,2025-04-09,Expense,Rent,Housing,7448.36,Credit Card,Credit Card A/C,Yes,Essential,Local Store,15000.0,Rent transaction #1499,None,2025,4,Apr,Q2,Wednesday,False
TXN101905,2024-03-21,Expense,Groceries,Groceries,241.65,Unknown,Salary Account,No,Essential,Uber,6000.0,Groceries transaction #1905,reimbursable,2024,3,Mar,Q1,Thursday,False
TXN101093,2025-10-11,Income,Bonus,General,55144.31,Bank Transfer,Salary Account,No,N/A,Apollo Pharmacy,0.0,Bonus transaction #1093,None,2025,10,Oct,Q4,Saturday,False
TXN101384,2024-11-27,Expense,Entertainment,Events,3407.67,Debit Card,Salary Account,Yes,Discretionary,Swiggy,2500.0,Entertainment transaction #1384,one-time,2024,11,Nov,Q4,Wednesday,False
TXN101738,2024-12-28,Expense,Transport,Cab,4082.84,UPI,Cash Wallet,No,Discretionary,Zomato,4000.0,Transport transaction #1738,one-time,2024,12,Dec,Q4,Saturday,False
TXN102247,2024-08-11,Expense,Shopping,Home Goods,7728.2,Credit Card,Cash Wallet,Yes,Discretionary,Local Store,5000.0,Shopping transaction #2247,None,2024,8,Aug,Q3,Sunday,False
TXN101503,2024-04-06,Expense,Utilities,Electricity,1678.88,Debit Card,Primary Savings,No,Essential,Apollo Pharmacy,3000.0,Utilities transaction #1503,one-time,2024,4,Apr,Q2,Saturday,False
TXN101631,2024-03-03,Expense,Food,Snacks,7700.41,UPI,Credit Card A/C,No,Discretionary,Unknown Merchant,0.0,food transaction #1631,reimbursable,2024,3,Mar,Q1,Sunday,False
TXN102102,2025-01-17,Expense,Education,Books,113479.47,Net Banking,Cash Wallet,Yes,Discretionary,Uber,4000.0,Education transaction #2102,None,2025,1,Jan,Q1,Friday,True
TXN100266,2024-11-23,Expense,Food,Snacks,4041.23,UPI,Salary Account,Yes,Discretionary,Landlord,0.0,food transaction #266,None,2024,11,Nov,Q4,Saturday,False
TXN101033,2025-11-20,Expense,Healthcare,Pharmacy,1537.48,Cash,Credit Card A/C,Yes,Essential,BESCOM,3000.0,Healthcare transaction #1033,reimbursable,2025,11,Nov,Q4,Thursday,False
TXN101829,2025-07-29,Income,Gift,General,52009.9,Bank Transfer,Salary Account,No,N/A,Freelance Client,0.0,Gift transaction #1829,None,2025,7,Jul,Q3,Tuesday,False
TXN101844,2025-09-03,Expense,Shopping,Electronics,6792.42,Credit Card,Salary Account,No,Discretionary,Amazon,5000.0,Shopping transaction #1844,None,2025,9,Sep,Q3,Wednesday,False
TXN102107,2024-02-14,Income,Bonus,General,44417.18,Bank Transfer,Salary Account,No,N/A,Apollo Pharmacy,0.0,Bonus transaction #2107,None,2024,2,Feb,Q1,Wednesday,False
TXN102240,2024-09-21,Expense,Subscriptions,SaaS Tools,2126.01,Credit Card,Primary Savings,Yes,Discretionary,BESCOM,1500.0,Subscriptions transaction #2240,None,2024,9,Sep,Q3,Saturday,False
TXN102214,2024-11-07,Expense,Shopping,Electronics,2418.69,Cash,Cash Wallet,Yes,Discretionary,Swiggy,5000.0,Shopping transaction #2214,one-time,2024,11,Nov,Q4,Thursday,False
TXN100144,2024-12-31,Expense,Food,Snacks,1039.58,Debit Card,Cash Wallet,No,Discretionary,Unknown Merchant,8000.0,Food transaction #144,None,2024,12,Dec,Q4,Tuesday,False
TXN100331,2024-05-06,Expense,Healthcare,Insurance Premium,5576.78,Unknown,Primary Savings,No,Essential,Local Store,3000.0,Healthcare transaction #331,None,2024,5,May,Q2,Monday,False
TXN101973,2025-03-17,Expense,Healthcare,Insurance Premium,7172.57,Unknown,Primary Savings,No,Essential,Landlord,3000.0,Healthcare transaction #1973,one-time,2025,3,Mar,Q1,Monday,False
TXN100247,2024-10-17,Expense,Groceries,Groceries,3908.44,Debit Card,Primary Savings,Yes,Essential,Zomato,6000.0,Groceries transaction #247,None,2024,10,Oct,Q4,Thursday,False
TXN100373,2024-02-12,Income,Gift,General,47585.72,Bank Transfer,Salary Account,No,N/A,Landlord,0.0,Gift transaction #373,review,2024,2,Feb,Q1,Monday,False
TXN100380,2025-10-03,Income,Salary,General,82447.36,Bank Transfer,Salary Account,Yes,N/A,Employer,0.0,Salary transaction #380,reimbursable,2025,10,Oct,Q4,Friday,False
TXN100320,2025-07-25,Expense,Food,Dining Out,2106.28,Net Banking,Salary Account,No,Discretionary,Freelance Client,0.0,food transaction #320,review,2025,7,Jul,Q3,Friday,False
TXN100636,2024-06-13,Expense,Education,Courses,4836.82,Net Banking,Credit Card A/C,No,Discretionary,Unknown Merchant,4000.0,Education transaction #636,review,2024,6,Jun,Q2,Thursday,False
TXN101331,2025-10-06,Expense,Utilities,Water,1861.35,Debit Card,Salary Account,Yes,Essential,Uber,3000.0,Utilities transaction #1331,None,2025,10,Oct,Q4,Monday,False
TXN102416,2024-06-27,Expense,Food,Dining Out,4115.3,UPI,Cash Wallet,No,Discretionary,BESCOM,0.0,food transaction #2416,one-time,2024,6,Jun,Q2,Thursday,False
TXN101214,2024-07-11,Expense,Food,Dining Out,7859.65,Cash,Primary Savings,Yes,Discretionary,Freelance Client,8000.0,Food transaction #1214,reimbursable,2024,7,Jul,Q3,Thursday,False
TXN101010,2024-02-15,Expense,Entertainment,Movies,3578.31,Net Banking,Primary Savings,Yes,Discretionary,BESCOM,2500.0,Entertainment transaction #1010,review,2024,2,Feb,Q1,Thursday,False
TXN100191,2025-04-28,Income,Bonus,General,32598.69,Bank Transfer,Salary Account,No,N/A,Swiggy,0.0,Bonus transaction #191,review,2025,4,Apr,Q2,Monday,False
TXN102254,2024-01-06,Income,Bonus,General,48642.47,Bank Transfer,Salary Account,No,N/A,Employer,0.0,Bonus transaction #2254,None,2024,1,Jan,Q1,Saturday,False
TXN101175,2025-06-21,Income,Gift,General,45385.93,Bank Transfer,Salary Account,No,N/A,BESCOM,0.0,Gift transaction #1175,None,2025,6,Jun,Q2,Saturday,False
TXN102324,2025-12-28,Income,Investment,General,28804.74,Bank Transfer,Salary Account,No,N/A,Landlord,0.0,Investment transaction #2324,None,2025,12,Dec,Q4,Sunday,False
TXN101690,2025-10-04,Expense,Groceries,Groceries,1809.51,Debit Card,Primary Savings,Yes,Essential,Amazon,6000.0,Groceries transaction #1690,None,2025,10,Oct,Q4,Saturday,False
TXN101942,2025-07-03,Income,Bonus,General,48360.61,Bank Transfer,Salary Account,No,N/A,Amazon,0.0,Bonus transaction #1942,None,2025,7,Jul,Q3,Thursday,False
TXN101280,2025-07-19,Expense,Rent,Housing,3031.48,UPI,Cash Wallet,Yes,Essential,Freelance Client,15000.0,Rent transaction #1280,reimbursable,2025,7,Jul,Q3,Saturday,False
TXN101899,2024-02-05,Expense,Rent,Housing,1673.34,Cash,Primary Savings,Yes,Essential,Unknown Merchant,15000.0,Rent transaction #1899,review,2024,2,Feb,Q1,Monday,False
TXN101186,2024-09-05,Expense,Transport,Public Transit,2162.75,Unknown,Cash Wallet,No,Discretionary,Employer,4000.0,Transport transaction #1186,one-time,2024,9,Sep,Q3,Thursday,False
TXN101016,2024-07-18,Expense,Utilities,Electricity,6402.1,Debit Card,Salary Account,No,Essential,Uber,3000.0,Utilities transaction #1016,None,2024,7,Jul,Q3,Thursday,False
TXN102232,2024-10-26,Expense,Food,Snacks,7917.12,UPI,Cash Wallet,Yes,Discretionary,BESCOM,0.0,food transaction #2232,None,2024,10,Oct,Q4,Saturday,False
TXN100687,2024-05-09,Expense,Education,Books,4117.79,Debit Card,Credit Card A/C,Yes,Discretionary,Amazon,4000.0,Education transaction #687,reimbursable,2024,5,May,Q2,Thursday,False
TXN101565,2024-05-17,Expense,Utilities,Water,6727.93,Net Banking,Salary Account,No,Essential,Uber,3000.0,Utilities transaction #1565,None,2024,5,May,Q2,Friday,False
TXN100638,2025-12-31,Expense,Insurance,Life,5501.74,Debit Card,Cash Wallet,Yes,Essential,Apollo Pharmacy,2000.0,Insurance transaction #638,None,2025,12,Dec,Q4,Wednesday,False
TXN100569,2024-02-11,Expense,Rent,Housing,6199.93,Credit Card,Credit Card A/C,Yes,Essential,BESCOM,15000.0,Rent transaction #569,review,2024,2,Feb,Q1,Sunday,False
TXN100933,2024-11-04,Expense,Uncategorized,General,684.15,Debit Card,Cash Wallet,Yes,Discretionary,Local Store,0.0,Misc transaction #933,one-time,2024,11,Nov,Q4,Monday,False
TXN101407,2024-08-25,Income,Investment,General,78902.7,Bank Transfer,Salary Account,No,N/A,Landlord,0.0,Investment transaction #1407,None,2024,8,Aug,Q3,Sunday,False
TXN101169,2025-08-16,Expense,Food,Snacks,3110.99,UPI,Salary Account,Yes,Discretionary,Amazon,8000.0,Food transaction #1169,None,2025,8,Aug,Q3,Saturday,False
TXN101360,2024-05-29,Expense,Food,Dining Out,2836.91,Cash,Cash Wallet,Yes,Discretionary,Employer,0.0,food transaction #1360,reimbursable,2024,5,May,Q2,Wednesday,False
TXN100533,2025-09-17,Expense,Utilities,Water,6428.42,Debit Card,Cash Wallet,No,Essential,Freelance Client,3000.0,Utilities transaction #533,reimbursable,2025,9,Sep,Q3,Wednesday,False
TXN101822,2025-01-14,Expense,Rent,Housing,7477.94,Net Banking,Primary Savings,Yes,Essential,Freelance Client,15000.0,Rent transaction #1822,None,2025,1,Jan,Q1,Tuesday,False
TXN100196,2024-08-10,Expense,Uncategorized,General,4055.97,Debit Card,Salary Account,No,Discretionary,Employer,0.0,Misc transaction #196,None,2024,8,Aug,Q3,Saturday,False
TXN101802,2024-09-07,Expense,Subscriptions,Streaming,1420.27,Net Banking,Credit Card A/C,Yes,Discretionary,Freelance Client,1500.0,Subscriptions transaction #1802,one-time,2024,9,Sep,Q3,Saturday,False
TXN100495,2024-12-24,Expense,Insurance,Life,1649.44,Debit Card,Credit Card A/C,Yes,Essential,Zomato,2000.0,Insurance transaction #495,None,2024,12,Dec,Q4,Tuesday,False
TXN100936,2024-11-07,Income,Investment,General,68154.51,Bank Transfer,Salary Account,No,N/A,Local Store,0.0,Investment transaction #936,None,2024,11,Nov,Q4,Thursday,False
TXN100979,2024-08-30,Income,Freelance,General,70971.42,Bank Transfer,Salary Account,No,N/A,Local Store,0.0,Freelance transaction #979,None,2024,8,Aug,Q3,Friday,False
TXN102075,2024-06-12,Expense,Insurance,Vehicle,7273.3,Debit Card,Salary Account,Yes,Essential,Amazon,2000.0,Insurance transaction #2075,None,2024,6,Jun,Q2,Wednesday,False
TXN101301,2025-05-21,Expense,Shopping,Electronics,737.24,Debit Card,Salary Account,No,Discretionary,Uber,5000.0,Shopping transaction #1301,reimbursable,2025,5,May,Q2,Wednesday,False
TXN101813,2024-10-11,Expense,Education,Courses,4133.81,Credit Card,Primary Savings,Yes,Discretionary,Amazon,4000.0,Education transaction #1813,one-time,2024,10,Oct,Q4,Friday,False
TXN101655,2024-04-02,Expense,Rent,Housing,4836.88,UPI,Primary Savings,Yes,Essential,Landlord,15000.0,Rent transaction #1655,reimbursable,2024,4,Apr,Q2,Tuesday,False
TXN100395,2025-11-06,Income,Gift,General,57750.02,Bank Transfer,Salary Account,No,N/A,Amazon,0.0,Gift transaction #395,review,2025,11,Nov,Q4,Thursday,False
TXN101705,2024-05-14,Income,Bonus,General,54861.89,Bank Transfer,Salary Account,No,N/A,Swiggy,0.0,Bonus transaction #1705,None,2024,5,May,Q2,Tuesday,False
TXN100147,2024-12-27,Expense,Shopping,Electronics,6342.25,UPI,Primary Savings,No,Discretionary,Uber,5000.0,Shopping transaction #147,None,2024,12,Dec,Q4,Friday,False
TXN100797,2025-12-17,Expense,Transport,Cab,5505.17,Cash,Cash Wallet,Yes,Discretionary,Amazon,4000.0,Transport transaction #797,None,2025,12,Dec,Q4,Wednesday,False
TXN101750,2024-07-08,Income,Salary,General,76784.24,Bank Transfer,Salary Account,Yes,N/A,Employer,0.0,Salary transaction #1750,None,2024,7,Jul,Q3,Monday,False
TXN100623,2025-04-09,Expense,Education,Courses,5041.36,Net Banking,Salary Account,No,Discretionary,BESCOM,4000.0,Education transaction #623,one-time,2025,4,Apr,Q2,Wednesday,False
TXN102028,2025-08-06,Expense,Food,Groceries,2382.7,Net Banking,Credit Card A/C,Yes,Discretionary,Local Store,8000.0,Food transaction #2028,reimbursable,2025,8,Aug,Q3,Wednesday,False
TXN101009,2025-08-16,Expense,Education,Tuition,7616.05,Debit Card,Credit Card A/C,Yes,Discretionary,Freelance Client,4000.0,Education transaction #1009,reimbursable,2025,8,Aug,Q3,Saturday,False
TXN101518,2025-01-12,Income,Investment,General,81811.43,Bank Transfer,Salary Account,No,N/A,Freelance Client,0.0,Investment transaction #1518,one-time,2025,1,Jan,Q1,Sunday,False
TXN100910,2024-01-17,Expense,Shopping,Clothing,6026.23,Net Banking,Primary Savings,No,Discretionary,Landlord,5000.0,Shopping transaction #910,None,2024,1,Jan,Q1,Wednesday,False
TXN101622,2024-04-20,Expense,Education,Books,3981.55,Net Banking,Salary Account,Yes,Discretionary,Zomato,4000.0,Education transaction #1622,None,2024,4,Apr,Q2,Saturday,False
TXN100895,2025-11-27,Income,Investment,General,55873.55,Bank Transfer,Salary Account,No,N/A,Employer,0.0,Investment transaction #895,review,2025,11,Nov,Q4,Thursday,False
TXN101473,2024-02-17,Expense,Food,Groceries,3440.8,UPI,Primary Savings,Yes,Discretionary,Amazon,0.0,food transaction #1473,one-time,2024,2,Feb,Q1,Saturday,False
TXN102399,2025-01-17,Expense,Food,Dining Out,456.39,Credit Card,Primary Savings,Yes,Discretionary,Freelance Client,8000.0,Food transaction #2399,None,2025,1,Jan,Q1,Friday,False
TXN101361,2025-05-03,Income,Bonus,General,24742.9,Bank Transfer,Salary Account,No,N/A,Uber,0.0,Bonus transaction #1361,None,2025,5,May,Q2,Saturday,False
TXN100106,2024-08-08,Expense,Transport,Cab,3655.32,Cash,Primary Savings,No,Discretionary,Local Store,4000.0,Transport transaction #106,None,2024,8,Aug,Q3,Thursday,False
TXN100350,2024-04-16,Expense,Groceries,Groceries,3108.07,Net Banking,Salary Account,No,Essential,Local Store,6000.0,Groceries transaction #350,one-time,2024,4,Apr,Q2,Tuesday,False
TXN101547,2025-03-13,Expense,Insurance,Vehicle,2460.43,Net Banking,Salary Account,Yes,Essential,BESCOM,2000.0,Insurance transaction #1547,None,2025,3,Mar,Q1,Thursday,False
TXN100650,2025-04-13,Expense,Subscriptions,Streaming,793.94,Debit Card,Salary Account,Yes,Discretionary,Swiggy,1500.0,Subscriptions transaction #650,reimbursable,2025,4,Apr,Q2,Sunday,False
TXN100389,2025-11-22,Expense,Transport,Public Transit,6675.25,UPI,Salary Account,Yes,Discretionary,Swiggy,4000.0,Transport transaction #389,review,2025,11,Nov,Q4,Saturday,False
TXN101472,2025-06-16,Expense,Subscriptions,Streaming,5062.3,Debit Card,Salary Account,Yes,Discretionary,Apollo Pharmacy,1500.0,Subscriptions transaction #1472,review,2025,6,Jun,Q2,Monday,False
TXN101117,2025-01-29,Income,Bonus,General,87030.24,Bank Transfer,Salary Account,No,N/A,Unknown Merchant,0.0,Bonus transaction #1117,reimbursable,2025,1,Jan,Q1,Wednesday,False
TXN100554,2025-09-17,Expense,Groceries,Groceries,4915.8,UPI,Credit Card A/C,No,Essential,Local Store,6000.0,Groceries transaction #554,None,2025,9,Sep,Q3,Wednesday,False
TXN100299,2025-05-06,Expense,Food,Groceries,2369.9,UPI,Cash Wallet,Yes,Discretionary,Netflix,8000.0,Food transaction #299,review,2025,5,May,Q2,Tuesday,False
TXN100170,2024-08-21,Expense,Groceries,Groceries,5050.75,Net Banking,Cash Wallet,Yes,Essential,Freelance Client,6000.0,Groceries transaction #170,review,2024,8,Aug,Q3,Wednesday,False
TXN101276,2024-07-23,Expense,Insurance,Life,4800.82,UPI,Credit Card A/C,Yes,Essential,Unknown Merchant,2000.0,Insurance transaction #1276,reimbursable,2024,7,Jul,Q3,Tuesday,False
TXN100415,2025-03-09,Expense,Education,Courses,3180.05,Unknown,Salary Account,No,Discretionary,Zomato,4000.0,Education transaction #415,review,2025,3,Mar,Q1,Sunday,False
TXN100764,2025-09-13,Income,Investment,General,28690.6,Bank Transfer,Salary Account,No,N/A,Unknown Merchant,0.0,Investment transaction #764,None,2025,9,Sep,Q3,Saturday,False
TXN100428,2024-12-31,Expense,Entertainment,Streaming,6973.64,Debit Card,Cash Wallet,Yes,Discretionary,Unknown Merchant,2500.0,Entertainment transaction #428,one-time,2024,12,Dec,Q4,Tuesday,False
TXN100186,2025-09-12,Expense,Subscriptions,Memberships,6070.94,Unknown,Salary Account,Yes,Discretionary,BESCOM,1500.0,Subscriptions transaction #186,None,2025,9,Sep,Q3,Friday,False
TXN101839,2024-02-01,Income,Freelance,General,49940.88,Bank Transfer,Salary Account,No,N/A,Unknown Merchant,0.0,Freelance transaction #1839,None,2024,2,Feb,Q1,Thursday,False
TXN101914,2024-01-15,Expense,Entertainment,Movies,6102.83,UPI,Primary Savings,Yes,Discretionary,Amazon,2500.0,Entertainment transaction #1914,None,2024,1,Jan,Q1,Monday,False
TXN101889,2024-03-28,Expense,Subscriptions,Memberships,3721.51,UPI,Credit Card A/C,Yes,Discretionary,Netflix,1500.0,Subscriptions transaction #1889,review,2024,3,Mar,Q1,Thursday,False
TXN100630,2024-08-29,Expense,Transport,Fuel,1752.16,Debit Card,Cash Wallet,No,Discretionary,Netflix,4000.0,Transport transaction #630,reimbursable,2024,8,Aug,Q3,Thursday,False
TXN100950,2024-12-06,Expense,Rent,Housing,3451.98,UPI,Salary Account,Yes,Essential,Netflix,15000.0,Rent transaction #950,None,2024,12,Dec,Q4,Friday,False
TXN100162,2024-12-01,Expense,Subscriptions,SaaS Tools,1316.77,Net Banking,Cash Wallet,Yes,Discretionary,Apollo Pharmacy,1500.0,Subscriptions transaction #162,None,2024,12,Dec,Q4,Sunday,False
TXN100413,2024-12-30,Expense,Food,Groceries,5422.71,Unknown,Cash Wallet,Yes,Discretionary,Landlord,0.0,food transaction #413,None,2024,12,Dec,Q4,Monday,False
TXN101073,2025-08-04,Expense,Food,Snacks,750.89,UPI,Salary Account,Yes,Discretionary,Swiggy,0.0,food transaction #1073,None,2025,8,Aug,Q3,Monday,False
TXN102143,2024-07-16,Expense,Education,Courses,6857.71,Cash,Salary Account,Yes,Discretionary,Local Store,4000.0,Education transaction #2143,reimbursable,2024,7,Jul,Q3,Tuesday,False
TXN102017,2025-08-17,Expense,Transport,Fuel,6695.83,Unknown,Primary Savings,Yes,Discretionary,Unknown Merchant,4000.0,Transport transaction #2017,review,2025,8,Aug,Q3,Sunday,False
TXN101030,2025-03-18,Expense,Food,Groceries,5866.49,UPI,Credit Card A/C,Yes,Discretionary,Unknown Merchant,0.0,food transaction #1030,None,2025,3,Mar,Q1,Tuesday,False
TXN100876,2025-05-24,Expense,Healthcare,Insurance Premium,1879.41,UPI,Cash Wallet,Yes,Essential,Unknown Merchant,3000.0,Healthcare transaction #876,None,2025,5,May,Q2,Saturday,False
TXN100817,2025-10-09,Expense,Entertainment,Movies,706.96,Cash,Salary Account,Yes,Discretionary,Employer,2500.0,Entertainment transaction #817,None,2025,10,Oct,Q4,Thursday,False
TXN100822,2024-03-27,Expense,Education,Books,4378.2,Cash,Primary Savings,Yes,Discretionary,Netflix,4000.0,Education transaction #822,None,2024,3,Mar,Q1,Wednesday,False
TXN102255,2025-05-12,Income,Freelance,General,20539.54,Bank Transfer,Salary Account,No,N/A,Local Store,0.0,Freelance transaction #2255,None,2025,5,May,Q2,Monday,False
TXN100872,2024-02-14,Expense,Rent,Housing,4816.91,Unknown,Cash Wallet,Yes,Essential,Swiggy,15000.0,Rent transaction #872,reimbursable,2024,2,Feb,Q1,Wednesday,False
TXN100245,2025-02-28,Expense,Food,Snacks,6162.63,Cash,Credit Card A/C,No,Discretionary,Apollo Pharmacy,0.0,food transaction #245,None,2025,2,Feb,Q1,Friday,False
TXN100229,2025-12-08,Expense,Entertainment,Movies,2398.69,UPI,Primary Savings,Yes,Discretionary,Uber,2500.0,Entertainment transaction #229,None,2025,12,Dec,Q4,Monday,False
TXN100906,2024-02-07,Expense,Transport,Cab,6206.36,Net Banking,Cash Wallet,Yes,Discretionary,Uber,4000.0,Transport transaction #906,review,2024,2,Feb,Q1,Wednesday,False
TXN100896,2025-02-27,Expense,Utilities,Internet,7820.58,UPI,Salary Account,Yes,Essential,Swiggy,3000.0,Utilities transaction #896,None,2025,2,Feb,Q1,Thursday,False
TXN102235,2025-05-02,Expense,Shopping,Electronics,1680.69,Unknown,Credit Card A/C,Yes,Discretionary,Netflix,5000.0,Shopping transaction #2235,review,2025,5,May,Q2,Friday,False
TXN102451,2025-01-22,Expense,Rent,Housing,1570.96,Debit Card,Salary Account,Yes,Essential,BESCOM,15000.0,Rent transaction #2451,None,2025,1,Jan,Q1,Wednesday,False
TXN101753,2025-08-02,Expense,Healthcare,Pharmacy,3439.58,Cash,Salary Account,Yes,Essential,Employer,3000.0,Healthcare transaction #1753,one-time,2025,8,Aug,Q3,Saturday,False
TXN102479,2024-01-14,Expense,Food,Dining Out,6850.96,Net Banking,Primary Savings,Yes,Discretionary,Amazon,8000.0,Food transaction #2479,reimbursable,2024,1,Jan,Q1,Sunday,False
TXN102153,2024-04-22,Expense,Shopping,Home Goods,154.8,Debit Card,Primary Savings,No,Discretionary,BESCOM,5000.0,Shopping transaction #2153,review,2024,4,Apr,Q2,Monday,False
TXN100791,2025-01-18,Expense,Rent,Housing,4045.78,UPI,Cash Wallet,Yes,Essential,Employer,15000.0,Rent transaction #791,None,2025,1,Jan,Q1,Saturday,False
TXN101910,2024-11-03,Income,Bonus,General,59989.64,Bank Transfer,Salary Account,No,N/A,Unknown Merchant,0.0,Bonus transaction #1910,None,2024,11,Nov,Q4,Sunday,False
TXN101327,2025-05-05,Expense,Uncategorized,General,3281.93,Unknown,Salary Account,Yes,Discretionary,Employer,0.0,Misc transaction #1327,None,2025,5,May,Q2,Monday,False
TXN102308,2024-07-28,Expense,Transport,Cab,5421.78,Cash,Primary Savings,Yes,Discretionary,Unknown Merchant,4000.0,Transport transaction #2308,review,2024,7,Jul,Q3,Sunday,False
TXN102192,2025-04-08,Expense,Groceries,Groceries,3340.21,UPI,Primary Savings,Yes,Essential,Uber,6000.0,Groceries transaction #2192,None,2025,4,Apr,Q2,Tuesday,False
TXN101651,2025-09-21,Income,Salary,General,45969.7,Bank Transfer,Salary Account,Yes,N/A,Employer,0.0,Salary transaction #1651,one-time,2025,9,Sep,Q3,Sunday,False
TXN100698,2024-12-11,Expense,Healthcare,Insurance Premium,1105.84,Credit Card,Cash Wallet,No,Essential,Freelance Client,3000.0,Healthcare transaction #698,None,2024,12,Dec,Q4,Wednesday,False
TXN100890,2024-03-21,Expense,Food,Snacks,1764.4,Unknown,Salary Account,Yes,Discretionary,Landlord,0.0,food transaction #890,review,2024,3,Mar,Q1,Thursday,False
TXN101717,2024-08-13,Expense,Entertainment,Movies,5775.32,Debit Card,Cash Wallet,Yes,Discretionary,Uber,2500.0,Entertainment transaction #1717,None,2024,8,Aug,Q3,Tuesday,False
TXN100894,2024-09-21,Expense,Utilities,Water,1166.56,UPI,Cash Wallet,Yes,Essential,Uber,3000.0,Utilities transaction #894,reimbursable,2024,9,Sep,Q3,Saturday,False
TXN101151,2024-01-20,Income,Investment,General,49900.48,Bank Transfer,Salary Account,No,N/A,Netflix,0.0,Investment transaction #1151,None,2024,1,Jan,Q1,Saturday,False
TXN101446,2025-01-15,Income,Gift,General,21808.89,Bank Transfer,Salary Account,No,N/A,Swiggy,0.0,Gift transaction #1446,review,2025,1,Jan,Q1,Wednesday,False
TXN100057,2024-10-03,Expense,Education,Books,6614.59,Net Banking,Credit Card A/C,No,Discretionary,BESCOM,4000.0,Education transaction #57,one-time,2024,10,Oct,Q4,Thursday,False
TXN101979,2025-01-14,Expense,Healthcare,Doctor Visit,7751.26,UPI,Cash Wallet,Yes,Essential,Amazon,3000.0,Healthcare transaction #1979,reimbursable,2025,1,Jan,Q1,Tuesday,False
TXN101922,2025-02-26,Expense,Healthcare,Doctor Visit,4619.3,Net Banking,Credit Card A/C,No,Essential,Employer,3000.0,Healthcare transaction #1922,one-time,2025,2,Feb,Q1,Wednesday,False
TXN101057,2024-07-11,Expense,Food,Snacks,802.98,Net Banking,Cash Wallet,Yes,Discretionary,Zomato,0.0,food transaction #1057,None,2024,7,Jul,Q3,Thursday,False
TXN102330,2024-12-23,Expense,Healthcare,Insurance Premium,7884.37,UPI,Cash Wallet,Yes,Essential,Freelance Client,3000.0,Healthcare transaction #2330,None,2024,12,Dec,Q4,Monday,False
TXN102291,2024-07-16,Income,Salary,General,85727.18,Bank Transfer,Salary Account,Yes,N/A,Employer,0.0,Salary transaction #2291,None,2024,7,Jul,Q3,Tuesday,False
TXN100092,2024-10-29,Expense,Shopping,Clothing,6302.78,Debit Card,Credit Card A/C,Yes,Discretionary,Netflix,5000.0,Shopping transaction #92,None,2024,10,Oct,Q4,Tuesday,False
TXN101234,2025-05-02,Expense,Insurance,Health,4947.59,Cash,Salary Account,Yes,Essential,Freelance Client,2000.0,Insurance transaction #1234,review,2025,5,May,Q2,Friday,False
TXN101013,2025-08-28,Income,Gift,General,34803.58,Bank Transfer,Salary Account,No,N/A,Uber,0.0,Gift transaction #1013,reimbursable,2025,8,Aug,Q3,Thursday,False
TXN101700,2025-07-01,Expense,Subscriptions,Memberships,583.99,Cash,Salary Account,Yes,Discretionary,Landlord,1500.0,Subscriptions transaction #1700,None,2025,7,Jul,Q3,Tuesday,False
TXN100947,2024-09-01,Income,Salary,General,39282.16,Bank Transfer,Salary Account,Yes,N/A,Employer,0.0,Salary transaction #947,one-time,2024,9,Sep,Q3,Sunday,False
TXN101793,2025-05-20,Income,Freelance,General,29947.35,Bank Transfer,Salary Account,No,N/A,Apollo Pharmacy,0.0,Freelance transaction #1793,None,2025,5,May,Q2,Tuesday,False
TXN101109,2025-08-07,Expense,Rent,Housing,2848.6,Credit Card,Cash Wallet,Yes,Essential,Employer,15000.0,Rent transaction #1109,review,2025,8,Aug,Q3,Thursday,False
TXN100190,2024-01-23,Expense,Food,Snacks,630.58,Cash,Credit Card A/C,Yes,Discretionary,Landlord,8000.0,Food transaction #190,None,2024,1,Jan,Q1,Tuesday,False
TXN102087,2024-03-21,Expense,Uncategorized,General,7166.82,Cash,Credit Card A/C,No,Discretionary,Unknown Merchant,0.0,Misc transaction #2087,None,2024,3,Mar,Q1,Thursday,False
TXN101531,2024-01-07,Expense,Rent,Housing,4237.93,Debit Card,Cash Wallet,Yes,Essential,Swiggy,15000.0,Rent transaction #1531,reimbursable,2024,1,Jan,Q1,Sunday,False
TXN101996,2024-05-15,Income,Gift,General,21865.66,Bank Transfer,Salary Account,No,N/A,Employer,0.0,Gift transaction #1996,review,2024,5,May,Q2,Wednesday,False
TXN101954,2024-07-21,Expense,Transport,Fuel,3382.84,UPI,Primary Savings,Yes,Discretionary,Netflix,4000.0,Transport transaction #1954,review,2024,7,Jul,Q3,Sunday,False
TXN100723,2025-10-02,Income,Bonus,General,50236.43,Bank Transfer,Salary Account,No,N/A,Amazon,0.0,Bonus transaction #723,None,2025,10,Oct,Q4,Thursday,False
TXN102111,2025-02-21,Expense,Transport,Cab,3388.99,Credit Card,Credit Card A/C,No,Discretionary,Amazon,4000.0,Transport transaction #2111,review,2025,2,Feb,Q1,Friday,False
TXN102281,2025-10-25,Expense,Food,Dining Out,6741.41,Cash,Credit Card A/C,No,Discretionary,Zomato,0.0,food transaction #2281,reimbursable,2025,10,Oct,Q4,Saturday,False
TXN100676,2025-01-02,Expense,Entertainment,Events,6632.19,Net Banking,Primary Savings,Yes,Discretionary,Uber,2500.0,Entertainment transaction #676,None,2025,1,Jan,Q1,Thursday,False
TXN100105,2025-07-15,Expense,Shopping,Home Goods,3657.04,Net Banking,Cash Wallet,Yes,Discretionary,Unknown Merchant,5000.0,Shopping transaction #105,reimbursable,2025,7,Jul,Q3,Tuesday,False
TXN101963,2024-01-18,Expense,Uncategorized,General,4014.42,Debit Card,Salary Account,No,Discretionary,Landlord,0.0,Misc transaction #1963,one-time,2024,1,Jan,Q1,Thursday,False
TXN100902,2025-04-07,Expense,Education,Courses,2112.61,UPI,Primary Savings,No,Discretionary,Uber,4000.0,Education transaction #902,None,2025,4,Apr,Q2,Monday,False
TXN102301,2025-01-15,Expense,Rent,Housing,2377.02,Cash,Cash Wallet,Yes,Essential,Landlord,15000.0,Rent transaction #2301,review,2025,1,Jan,Q1,Wednesday,False
TXN101432,2024-03-31,Expense,Transport,Public Transit,3445.49,Debit Card,Credit Card A/C,No,Discretionary,Landlord,4000.0,Transport transaction #1432,None,2024,3,Mar,Q1,Sunday,False
TXN100774,2024-08-30,Expense,Uncategorized,General,681.15,Credit Card,Credit Card A/C,No,Discretionary,Netflix,0.0,Misc transaction #774,review,2024,8,Aug,Q3,Friday,False
TXN101232,2024-06-22,Expense,Entertainment,Streaming,7217.08,Unknown,Salary Account,Yes,Discretionary,Local Store,2500.0,Entertainment transaction #1232,one-time,2024,6,Jun,Q2,Saturday,False
TXN100858,2024-08-13,Expense,Utilities,Internet,1830.24,Net Banking,Salary Account,No,Essential,Amazon,3000.0,Utilities transaction #858,None,2024,8,Aug,Q3,Tuesday,False
TXN101428,2025-02-26,Expense,Subscriptions,Streaming,7918.71,Net Banking,Cash Wallet,Yes,Discretionary,Unknown Merchant,1500.0,Subscriptions transaction #1428,None,2025,2,Feb,Q1,Wednesday,False
TXN102029,2025-08-04,Income,Bonus,General,32106.96,Bank Transfer,Salary Account,No,N/A,Landlord,0.0,Bonus transaction #2029,None,2025,8,Aug,Q3,Monday,False
TXN102127,2024-03-12,Expense,Transport,Fuel,5747.14,Cash,Credit Card A/C,Yes,Discretionary,BESCOM,4000.0,Transport transaction #2127,one-time,2024,3,Mar,Q1,Tuesday,False
TXN100989,2025-12-20,Expense,Uncategorized,General,7849.4,Cash,Primary Savings,No,Discretionary,Swiggy,0.0,Misc transaction #989,None,2025,12,Dec,Q4,Saturday,False
TXN100497,2024-07-17,Expense,Entertainment,Events,3822.28,UPI,Salary Account,No,Discretionary,Swiggy,2500.0,Entertainment transaction #497,reimbursable,2024,7,Jul,Q3,Wednesday,False
TXN102493,2024-12-04,Expense,Education,Courses,2794.04,Net Banking,Salary Account,Yes,Discretionary,Landlord,4000.0,Education transaction #2493,reimbursable,2024,12,Dec,Q4,Wednesday,False
TXN101607,2024-09-21,Expense,Groceries,Groceries,7653.59,Unknown,Primary Savings,No,Essential,Apollo Pharmacy,6000.0,Groceries transaction #1607,None,2024,9,Sep,Q3,Saturday,False
TXN102135,2025-06-02,Expense,Groceries,Groceries,162.94,Debit Card,Salary Account,Yes,Essential,Local Store,6000.0,Groceries transaction #2135,None,2025,6,Jun,Q2,Monday,False
TXN101989,2024-11-07,Expense,Transport,Public Transit,5006.26,Unknown,Credit Card A/C,Yes,Discretionary,Apollo Pharmacy,4000.0,Transport transaction #1989,reimbursable,2024,11,Nov,Q4,Thursday,False
TXN100064,2024-05-09,Expense,Uncategorized,General,6988.12,Net Banking,Credit Card A/C,No,Discretionary,Apollo Pharmacy,0.0,Misc transaction #64,None,2024,5,May,Q2,Thursday,False
TXN101814,2024-01-22,Expense,Subscriptions,Streaming,545.98,Debit Card,Salary Account,Yes,Discretionary,Unknown Merchant,1500.0,Subscriptions transaction #1814,reimbursable,2024,1,Jan,Q1,Monday,False
TXN100274,2024-04-02,Expense,Insurance,Health,5590.18,UPI,Salary Account,Yes,Essential,Uber,2000.0,Insurance transaction #274,None,2024,4,Apr,Q2,Tuesday,False
TXN100725,2025-04-02,Expense,Food,Groceries,3050.29,Unknown,Primary Savings,Yes,Discretionary,Amazon,0.0,food transaction #725,None,2025,4,Apr,Q2,Wednesday,False
TXN101679,2024-07-06,Expense,Entertainment,Events,4726.19,Cash,Credit Card A/C,Yes,Discretionary,Apollo Pharmacy,2500.0,Entertainment transaction #1679,one-time,2024,7,Jul,Q3,Saturday,False
TXN101149,2024-03-30,Expense,Healthcare,Insurance Premium,1567.56,UPI,Cash Wallet,No,Essential,Apollo Pharmacy,3000.0,Healthcare transaction #1149,review,2024,3,Mar,Q1,Saturday,False
TXN102201,2025-01-17,Expense,Utilities,Internet,1233.09,UPI,Primary Savings,No,Essential,Unknown Merchant,3000.0,Utilities transaction #2201,reimbursable,2025,1,Jan,Q1,Friday,False
TXN101363,2025-04-16,Expense,Entertainment,Streaming,6419.73,Net Banking,Primary Savings,No,Discretionary,Apollo Pharmacy,2500.0,Entertainment transaction #1363,review,2025,4,Apr,Q2,Wednesday,False
TXN100410,2025-11-24,Expense,Uncategorized,General,7645.79,Net Banking,Primary Savings,No,Discretionary,BESCOM,0.0,Misc transaction #410,review,2025,11,Nov,Q4,Monday,False
TXN100830,2024-06-28,Expense,Utilities,Internet,3942.47,Net Banking,Credit Card A/C,No,Essential,Landlord,3000.0,Utilities transaction #830,None,2024,6,Jun,Q2,Friday,False
TXN100912,2025-10-22,Expense,Subscriptions,SaaS Tools,76225.07,Credit Card,Credit Card A/C,Yes,Discretionary,Netflix,1500.0,Subscriptions transaction #912,one-time,2025,10,Oct,Q4,Wednesday,True
TXN102092,2024-12-12,Income,Bonus,General,39773.92,Bank Transfer,Salary Account,No,N/A,Local Store,0.0,Bonus transaction #2092,None,2024,12,Dec,Q4,Thursday,False
TXN100390,2025-06-08,Income,Gift,General,30280.56,Bank Transfer,Salary Account,No,N/A,Swiggy,0.0,Gift transaction #390,one-time,2025,6,Jun,Q2,Sunday,False
TXN102268,2025-01-15,Expense,Food,Groceries,1194.02,Cash,Primary Savings,Yes,Discretionary,Local Store,8000.0,Food transaction #2268,reimbursable,2025,1,Jan,Q1,Wednesday,False
TXN102188,2024-06-18,Income,Salary,General,48314.26,Bank Transfer,Salary Account,Yes,N/A,Employer,0.0,Salary transaction #2188,None,2024,6,Jun,Q2,Tuesday,False
TXN101373,2024-02-01,Expense,Entertainment,Movies,3917.83,Cash,Cash Wallet,Yes,Discretionary,Local Store,2500.0,Entertainment transaction #1373,None,2024,2,Feb,Q1,Thursday,False
TXN100722,2025-08-08,Expense,Subscriptions,Streaming,3419.37,UPI,Salary Account,Yes,Discretionary,BESCOM,1500.0,Subscriptions transaction #722,review,2025,8,Aug,Q3,Friday,False
TXN102243,2024-05-18,Expense,Healthcare,Insurance Premium,1334.5,Net Banking,Primary Savings,No,Essential,Zomato,3000.0,Healthcare transaction #2243,one-time,2024,5,May,Q2,Saturday,False
TXN102163,2024-01-24,Expense,Rent,Housing,5813.22,Credit Card,Cash Wallet,Yes,Essential,Zomato,15000.0,Rent transaction #2163,reimbursable,2024,1,Jan,Q1,Wednesday,False
TXN100718,2024-10-11,Expense,Healthcare,Pharmacy,5295.72,Net Banking,Salary Account,Yes,Essential,Employer,3000.0,Healthcare transaction #718,None,2024,10,Oct,Q4,Friday,False
TXN102067,2024-09-19,Expense,Education,Books,7691.91,Net Banking,Salary Account,Yes,Discretionary,Local Store,4000.0,Education transaction #2067,one-time,2024,9,Sep,Q3,Thursday,False
TXN100935,2025-03-22,Expense,Food,Groceries,6507.64,Net Banking,Primary Savings,Yes,Discretionary,Netflix,0.0,food transaction #935,None,2025,3,Mar,Q1,Saturday,False
TXN100420,2025-06-13,Expense,Entertainment,Streaming,4519.0,Net Banking,Primary Savings,No,Discretionary,Zomato,2500.0,Entertainment transaction #420,None,2025,6,Jun,Q2,Friday,False
TXN102197,2025-01-23,Expense,Groceries,Groceries,5160.62,Net Banking,Credit Card A/C,No,Essential,Employer,6000.0,Groceries transaction #2197,one-time,2025,1,Jan,Q1,Thursday,False
TXN100009,2025-08-21,Expense,Groceries,Groceries,7978.74,Credit Card,Cash Wallet,Yes,Essential,Amazon,6000.0,Groceries transaction #9,None,2025,8,Aug,Q3,Thursday,False
TXN101937,2024-03-02,Expense,Entertainment,Movies,7800.99,UPI,Credit Card A/C,No,Discretionary,Netflix,2500.0,Entertainment transaction #1937,None,2024,3,Mar,Q1,Saturday,False
TXN101119,2025-01-07,Expense,Education,Tuition,3457.28,UPI,Primary Savings,Yes,Discretionary,Netflix,4000.0,Education transaction #1119,None,2025,1,Jan,Q1,Tuesday,False
TXN102482,2025-10-25,Expense,Healthcare,Insurance Premium,100438.3,Unknown,Cash Wallet,No,Essential,Freelance Client,3000.0,Healthcare transaction #2482,one-time,2025,10,Oct,Q4,Saturday,True
TXN100534,2024-07-18,Expense,Insurance,Vehicle,2540.5,UPI,Primary Savings,Yes,Essential,Zomato,2000.0,Insurance transaction #534,None,2024,7,Jul,Q3,Thursday,False
TXN100548,2024-05-24,Expense,Food,Dining Out,4966.06,Credit Card,Salary Account,Yes,Discretionary,Swiggy,8000.0,Food transaction #548,None,2024,5,May,Q2,Friday,False
TXN101584,2024-11-20,Expense,Food,Dining Out,4039.6,Net Banking,Credit Card A/C,No,Discretionary,Local Store,8000.0,Food transaction #1584,one-time,2024,11,Nov,Q4,Wednesday,False
TXN100298,2024-06-06,Income,Salary,General,49932.42,Bank Transfer,Salary Account,Yes,N/A,Employer,0.0,Salary transaction #298,reimbursable,2024,6,Jun,Q2,Thursday,False
TXN102170,2024-04-21,Expense,Insurance,Vehicle,5074.68,Debit Card,Primary Savings,Yes,Essential,Landlord,2000.0,Insurance transaction #2170,None,2024,4,Apr,Q2,Sunday,False
TXN101385,2024-12-08,Income,Freelance,General,36801.64,Bank Transfer,Salary Account,No,N/A,Employer,0.0,Freelance transaction #1385,None,2024,12,Dec,Q4,Sunday,False
TXN102434,2024-07-05,Expense,Shopping,Clothing,4358.9,Credit Card,Credit Card A/C,No,Discretionary,Netflix,5000.0,Shopping transaction #2434,reimbursable,2024,7,Jul,Q3,Friday,False
TXN101675,2025-11-13,Expense,Food,Groceries,712.51,UPI,Cash Wallet,No,Discretionary,Zomato,0.0,food transaction #1675,None,2025,11,Nov,Q4,Thursday,False
TXN101391,2024-01-05,Expense,Food,Groceries,3621.54,Cash,Primary Savings,No,Discretionary,Amazon,8000.0,Food transaction #1391,None,2024,1,Jan,Q1,Friday,False
TXN100088,2024-03-16,Expense,Entertainment,Events,7698.13,Unknown,Credit Card A/C,No,Discretionary,Netflix,2500.0,Entertainment transaction #88,one-time,2024,3,Mar,Q1,Saturday,False
TXN101643,2025-08-26,Expense,Food,Dining Out,6275.16,Net Banking,Salary Account,Yes,Discretionary,Uber,8000.0,Food transaction #1643,reimbursable,2025,8,Aug,Q3,Tuesday,False
TXN100097,2025-12-14,Expense,Shopping,Home Goods,1278.46,Cash,Primary Savings,No,Discretionary,Employer,5000.0,Shopping transaction #97,None,2025,12,Dec,Q4,Sunday,False
TXN102099,2025-01-07,Expense,Utilities,Water,7670.71,UPI,Salary Account,Yes,Essential,Zomato,3000.0,Utilities transaction #2099,one-time,2025,1,Jan,Q1,Tuesday,False
TXN102396,2024-05-24,Expense,Food,Snacks,4052.19,Credit Card,Salary Account,Yes,Discretionary,Zomato,0.0,food transaction #2396,reimbursable,2024,5,May,Q2,Friday,False
TXN100509,2025-12-17,Expense,Entertainment,Streaming,1625.27,Unknown,Primary Savings,No,Discretionary,Employer,2500.0,Entertainment transaction #509,review,2025,12,Dec,Q4,Wednesday,False
TXN102259,2024-07-17,Expense,Uncategorized,General,7424.78,Credit Card,Salary Account,Yes,Discretionary,Local Store,0.0,Misc transaction #2259,review,2024,7,Jul,Q3,Wednesday,False
TXN101969,2024-01-17,Expense,Healthcare,Doctor Visit,6732.27,Net Banking,Credit Card A/C,No,Essential,Freelance Client,3000.0,Healthcare transaction #1969,reimbursable,2024,1,Jan,Q1,Wednesday,False
TXN101045,2024-03-16,Expense,Subscriptions,Memberships,167.2,Net Banking,Salary Account,Yes,Discretionary,Zomato,1500.0,Subscriptions transaction #1045,None,2024,3,Mar,Q1,Saturday,False
TXN101506,2024-08-25,Expense,Education,Courses,6792.2,Credit Card,Credit Card A/C,No,Discretionary,Amazon,4000.0,Education transaction #1506,one-time,2024,8,Aug,Q3,Sunday,False
TXN100939,2025-11-06,Expense,Transport,Public Transit,7775.53,UPI,Salary Account,Yes,Discretionary,Freelance Client,4000.0,Transport transaction #939,None,2025,11,Nov,Q4,Thursday,False
TXN101429,2025-01-14,Income,Investment,General,20818.85,Bank Transfer,Salary Account,No,N/A,Employer,0.0,Investment transaction #1429,review,2025,1,Jan,Q1,Tuesday,False
TXN101808,2024-01-01,Income,Bonus,General,32436.3,Bank Transfer,Salary Account,No,N/A,Landlord,0.0,Bonus transaction #1808,review,2024,1,Jan,Q1,Monday,False
TXN101911,2025-02-06,Expense,Subscriptions,Memberships,1619.17,Debit Card,Salary Account,Yes,Discretionary,Netflix,1500.0,Subscriptions transaction #1911,None,2025,2,Feb,Q1,Thursday,False
TXN102491,2024-11-21,Expense,Food,Dining Out,4994.91,Net Banking,Credit Card A/C,Yes,Discretionary,Unknown Merchant,0.0,food transaction #2491,None,2024,11,Nov,Q4,Thursday,False
TXN101070,2024-10-11,Expense,Transport,Public Transit,182.56,Unknown,Credit Card A/C,Yes,Discretionary,Employer,4000.0,Transport transaction #1070,None,2024,10,Oct,Q4,Friday,False
TXN102412,2025-12-01,Expense,Subscriptions,Memberships,3351.43,Credit Card,Cash Wallet,Yes,Discretionary,BESCOM,1500.0,Subscriptions transaction #2412,None,2025,12,Dec,Q4,Monday,False
TXN100296,2024-02-01,Expense,Insurance,Life,3501.89,UPI,Primary Savings,Yes,Essential,Uber,2000.0,Insurance transaction #296,review,2024,2,Feb,Q1,Thursday,False
TXN100049,2024-08-13,Expense,Utilities,Water,3141.41,Unknown,Cash Wallet,Yes,Essential,Apollo Pharmacy,3000.0,Utilities transaction #49,reimbursable,2024,8,Aug,Q3,Tuesday,False
TXN101511,2025-08-31,Expense,Education,Tuition,5470.8,Credit Card,Cash Wallet,No,Discretionary,Landlord,4000.0,Education transaction #1511,None,2025,8,Aug,Q3,Sunday,False
TXN100224,2024-04-26,Expense,Transport,Public Transit,1480.42,Net Banking,Primary Savings,No,Discretionary,Unknown Merchant,4000.0,Transport transaction #224,review,2024,4,Apr,Q2,Friday,False
TXN101774,2025-07-09,Expense,Food,Groceries,1509.36,Cash,Salary Account,Yes,Discretionary,Amazon,8000.0,Food transaction #1774,one-time,2025,7,Jul,Q3,Wednesday,False
TXN101243,2025-06-27,Expense,Food,Snacks,569.6,UPI,Primary Savings,Yes,Discretionary,Uber,8000.0,Food transaction #1243,None,2025,6,Jun,Q2,Friday,False
TXN101921,2025-08-10,Expense,Utilities,Electricity,1553.44,Debit Card,Primary Savings,Yes,Essential,Uber,3000.0,Utilities transaction #1921,None,2025,8,Aug,Q3,Sunday,False
TXN100850,2024-02-23,Expense,Entertainment,Movies,2277.27,Net Banking,Primary Savings,No,Discretionary,Swiggy,2500.0,Entertainment transaction #850,None,2024,2,Feb,Q1,Friday,False
TXN101785,2024-01-17,Income,Freelance,General,87032.83,Bank Transfer,Salary Account,No,N/A,Freelance Client,0.0,Freelance transaction #1785,None,2024,1,Jan,Q1,Wednesday,False
TXN101225,2025-07-03,Expense,Subscriptions,SaaS Tools,5734.44,Unknown,Cash Wallet,Yes,Discretionary,Netflix,1500.0,Subscriptions transaction #1225,reimbursable,2025,7,Jul,Q3,Thursday,False
TXN100562,2025-02-25,Expense,Healthcare,Pharmacy,6704.06,Debit Card,Primary Savings,No,Essential,Unknown Merchant,3000.0,Healthcare transaction #562,one-time,2025,2,Feb,Q1,Tuesday,False
TXN100604,2025-12-22,Expense,Subscriptions,Streaming,3975.02,Cash,Credit Card A/C,Yes,Discretionary,Apollo Pharmacy,1500.0,Subscriptions transaction #604,one-time,2025,12,Dec,Q4,Monday,False
TXN101598,2025-11-05,Expense,Shopping,Clothing,409.08,Net Banking,Cash Wallet,No,Discretionary,Employer,5000.0,Shopping transaction #1598,review,2025,11,Nov,Q4,Wednesday,False
TXN101024,2024-03-26,Expense,Food,Snacks,5407.56,Cash,Cash Wallet,No,Discretionary,Apollo Pharmacy,8000.0,Food transaction #1024,None,2024,3,Mar,Q1,Tuesday,False
TXN100187,2025-06-22,Expense,Subscriptions,SaaS Tools,4535.14,UPI,Salary Account,Yes,Discretionary,Employer,1500.0,Subscriptions transaction #187,reimbursable,2025,6,Jun,Q2,Sunday,False
TXN100406,2024-03-29,Expense,Uncategorized,General,5373.81,Cash,Salary Account,Yes,Discretionary,Unknown Merchant,0.0,Misc transaction #406,reimbursable,2024,3,Mar,Q1,Friday,False
TXN101172,2025-04-12,Expense,Insurance,Health,2139.76,Debit Card,Cash Wallet,Yes,Essential,Freelance Client,2000.0,Insurance transaction #1172,None,2025,4,Apr,Q2,Saturday,False
TXN100461,2024-03-25,Expense,Subscriptions,Streaming,2137.34,Cash,Cash Wallet,Yes,Discretionary,Unknown Merchant,1500.0,Subscriptions transaction #461,reimbursable,2024,3,Mar,Q1,Monday,False
TXN100670,2025-03-01,Expense,Subscriptions,Memberships,4456.72,Debit Card,Primary Savings,Yes,Discretionary,Apollo Pharmacy,1500.0,Subscriptions transaction #670,review,2025,3,Mar,Q1,Saturday,False
TXN101957,2024-12-26,Expense,Utilities,Water,208.39,Cash,Credit Card A/C,Yes,Essential,Local Store,3000.0,Utilities transaction #1957,reimbursable,2024,12,Dec,Q4,Thursday,False
TXN100714,2025-07-23,Expense,Subscriptions,SaaS Tools,4328.15,Unknown,Primary Savings,Yes,Discretionary,Landlord,1500.0,Subscriptions transaction #714,review,2025,7,Jul,Q3,Wednesday,False
TXN101350,2024-03-09,Expense,Food,Snacks,5254.24,Unknown,Salary Account,No,Discretionary,Landlord,0.0,food transaction #1350,None,2024,3,Mar,Q1,Saturday,False
TXN100424,2025-10-30,Expense,Utilities,Internet,2206.42,Cash,Credit Card A/C,No,Essential,Local Store,3000.0,Utilities transaction #424,None,2025,10,Oct,Q4,Thursday,False
TXN102091,2025-02-12,Expense,Utilities,Internet,5962.76,Unknown,Cash Wallet,Yes,Essential,Swiggy,3000.0,Utilities transaction #2091,review,2025,2,Feb,Q1,Wednesday,False
TXN100635,2025-02-20,Expense,Utilities,Electricity,7526.94,Cash,Cash Wallet,No,Essential,Unknown Merchant,3000.0,Utilities transaction #635,None,2025,2,Feb,Q1,Thursday,False
TXN100528,2024-05-09,Expense,Uncategorized,General,1103.68,Debit Card,Credit Card A/C,No,Discretionary,Amazon,0.0,Misc transaction #528,reimbursable,2024,5,May,Q2,Thursday,False
TXN102266,2025-07-11,Expense,Rent,Housing,4841.81,Cash,Primary Savings,Yes,Essential,Unknown Merchant,15000.0,Rent transaction #2266,reimbursable,2025,7,Jul,Q3,Friday,False
TXN101765,2025-09-18,Income,Gift,General,84960.21,Bank Transfer,Salary Account,No,N/A,Employer,0.0,Gift transaction #1765,review,2025,9,Sep,Q3,Thursday,False
TXN101498,2024-09-26,Income,Gift,General,67224.27,Bank Transfer,Salary Account,No,N/A,Netflix,0.0,Gift transaction #1498,None,2024,9,Sep,Q3,Thursday,False
TXN100609,2024-04-20,Income,Bonus,General,54809.16,Bank Transfer,Salary Account,No,N/A,Freelance Client,0.0,Bonus transaction #609,review,2024,4,Apr,Q2,Saturday,False
TXN100485,2025-01-22,Expense,Food,Groceries,4545.66,Unknown,Salary Account,Yes,Discretionary,Swiggy,8000.0,Food transaction #485,one-time,2025,1,Jan,Q1,Wednesday,False
TXN101478,2024-05-07,Income,Investment,General,51607.37,Bank Transfer,Salary Account,No,N/A,Unknown Merchant,0.0,Investment transaction #1478,reimbursable,2024,5,May,Q2,Tuesday,False
TXN101085,2025-04-16,Income,Freelance,General,34028.46,Bank Transfer,Salary Account,No,N/A,Swiggy,0.0,Freelance transaction #1085,None,2025,4,Apr,Q2,Wednesday,False
TXN102129,2024-02-04,Expense,Shopping,Electronics,274.8,Cash,Primary Savings,Yes,Discretionary,Landlord,5000.0,Shopping transaction #2129,None,2024,2,Feb,Q1,Sunday,False
TXN101704,2024-01-14,Income,Freelance,General,88507.29,Bank Transfer,Salary Account,No,N/A,Netflix,0.0,Freelance transaction #1704,None,2024,1,Jan,Q1,Sunday,False
TXN100324,2024-01-05,Expense,Transport,Fuel,1309.56,UPI,Salary Account,No,Discretionary,Freelance Client,4000.0,Transport transaction #324,one-time,2024,1,Jan,Q1,Friday,False
TXN100019,2025-11-20,Expense,Insurance,Life,5839.3,UPI,Salary Account,Yes,Essential,BESCOM,2000.0,Insurance transaction #19,one-time,2025,11,Nov,Q4,Thursday,False
TXN100838,2024-09-12,Expense,Uncategorized,General,2356.01,Cash,Credit Card A/C,No,Discretionary,BESCOM,0.0,Misc transaction #838,one-time,2024,9,Sep,Q3,Thursday,False
TXN102021,2025-02-04,Expense,Subscriptions,Memberships,2864.21,UPI,Credit Card A/C,Yes,Discretionary,BESCOM,1500.0,Subscriptions transaction #2021,one-time,2025,2,Feb,Q1,Tuesday,False
TXN101673,2025-03-30,Expense,Subscriptions,Streaming,3619.44,Debit Card,Credit Card A/C,Yes,Discretionary,Zomato,1500.0,Subscriptions transaction #1673,None,2025,3,Mar,Q1,Sunday,False
TXN101340,2024-08-13,Expense,Shopping,Clothing,188.65,Credit Card,Primary Savings,No,Discretionary,Apollo Pharmacy,5000.0,Shopping transaction #1340,one-time,2024,8,Aug,Q3,Tuesday,False
TXN102082,2025-09-28,Expense,Groceries,Groceries,4149.31,Credit Card,Salary Account,No,Essential,Amazon,6000.0,Groceries transaction #2082,None,2025,9,Sep,Q3,Sunday,False
TXN101790,2024-03-19,Expense,Food,Groceries,7835.65,UPI,Cash Wallet,Yes,Discretionary,BESCOM,0.0,food transaction #1790,reimbursable,2024,3,Mar,Q1,Tuesday,False
TXN101612,2024-02-15,Expense,Food,Dining Out,5477.99,UPI,Salary Account,No,Discretionary,BESCOM,0.0,food transaction #1612,review,2024,2,Feb,Q1,Thursday,False
TXN101522,2024-04-15,Expense,Rent,Housing,5460.21,Debit Card,Salary Account,Yes,Essential,Landlord,15000.0,Rent transaction #1522,one-time,2024,4,Apr,Q2,Monday,False
TXN100800,2025-05-31,Income,Bonus,General,75777.45,Bank Transfer,Salary Account,No,N/A,Netflix,0.0,Bonus transaction #800,one-time,2025,5,May,Q2,Saturday,False
TXN101579,2025-04-02,Expense,Shopping,Home Goods,285.99,UPI,Primary Savings,No,Discretionary,BESCOM,5000.0,Shopping transaction #1579,None,2025,4,Apr,Q2,Wednesday,False
TXN100096,2025-05-19,Income,Freelance,General,82108.15,Bank Transfer,Salary Account,No,N/A,Swiggy,0.0,Freelance transaction #96,review,2025,5,May,Q2,Monday,False
TXN102494,2024-08-13,Expense,Uncategorized,General,779.01,Unknown,Primary Savings,Yes,Discretionary,BESCOM,0.0,Misc transaction #2494,None,2024,8,Aug,Q3,Tuesday,False
TXN100474,2024-11-21,Income,Gift,General,86402.11,Bank Transfer,Salary Account,No,N/A,Zomato,0.0,Gift transaction #474,None,2024,11,Nov,Q4,Thursday,False
TXN101788,2025-07-03,Expense,Healthcare,Pharmacy,3779.83,Credit Card,Credit Card A/C,Yes,Essential,Swiggy,3000.0,Healthcare transaction #1788,reimbursable,2025,7,Jul,Q3,Thursday,False
TXN100366,2025-06-30,Income,Salary,General,34754.7,Bank Transfer,Salary Account,Yes,N/A,Employer,0.0,Salary transaction #366,review,2025,6,Jun,Q2,Monday,False
TXN101721,2025-02-06,Expense,Subscriptions,Memberships,3089.35,UPI,Cash Wallet,Yes,Discretionary,BESCOM,1500.0,Subscriptions transaction #1721,None,2025,2,Feb,Q1,Thursday,False
TXN101909,2025-03-24,Expense,Education,Courses,920.81,UPI,Cash Wallet,No,Discretionary,Employer,4000.0,Education transaction #1909,one-time,2025,3,Mar,Q1,Monday,False
TXN100760,2024-10-07,Expense,Education,Books,580.61,Unknown,Salary Account,No,Discretionary,Local Store,4000.0,Education transaction #760,None,2024,10,Oct,Q4,Monday,False
TXN100918,2024-07-17,Expense,Transport,Public Transit,6299.08,Debit Card,Primary Savings,No,Discretionary,Zomato,4000.0,Transport transaction #918,review,2024,7,Jul,Q3,Wednesday,False
TXN101425,2025-08-04,Expense,Healthcare,Pharmacy,5874.32,Unknown,Cash Wallet,No,Essential,Unknown Merchant,3000.0,Healthcare transaction #1425,review,2025,8,Aug,Q3,Monday,False
TXN100392,2024-06-23,Expense,Shopping,Home Goods,4682.04,Credit Card,Credit Card A/C,Yes,Discretionary,Unknown Merchant,5000.0,Shopping transaction #392,reimbursable,2024,6,Jun,Q2,Sunday,False
TXN101769,2024-02-14,Expense,Utilities,Internet,2332.17,Unknown,Cash Wallet,No,Essential,Uber,3000.0,Utilities transaction #1769,None,2024,2,Feb,Q1,Wednesday,False
TXN100506,2025-06-10,Income,Gift,General,44522.27,Bank Transfer,Salary Account,No,N/A,Uber,0.0,Gift transaction #506,None,2025,6,Jun,Q2,Tuesday,False
TXN100434,2025-09-24,Expense,Subscriptions,Memberships,2599.12,Credit Card,Primary Savings,Yes,Discretionary,Landlord,1500.0,Subscriptions transaction #434,None,2025,9,Sep,Q3,Wednesday,False
TXN102047,2024-04-25,Expense,Uncategorized,General,7828.24,Cash,Primary Savings,No,Discretionary,Employer,0.0,Misc transaction #2047,reimbursable,2024,4,Apr,Q2,Thursday,False
TXN101831,2025-06-15,Expense,Entertainment,Movies,4673.12,Net Banking,Primary Savings,No,Discretionary,Netflix,2500.0,Entertainment transaction #1831,None,2025,6,Jun,Q2,Sunday,False
TXN101585,2025-10-16,Expense,Food,Groceries,3540.19,UPI,Cash Wallet,No,Discretionary,Employer,0.0,food transaction #1585,one-time,2025,10,Oct,Q4,Thursday,False
TXN100132,2025-09-17,Expense,Subscriptions,SaaS Tools,1951.39,Cash,Salary Account,Yes,Discretionary,Uber,1500.0,Subscriptions transaction #132,one-time,2025,9,Sep,Q3,Wednesday,False
TXN101588,2024-09-27,Expense,Shopping,Home Goods,1754.02,UPI,Cash Wallet,Yes,Discretionary,Zomato,5000.0,Shopping transaction #1588,None,2024,9,Sep,Q3,Friday,False
TXN102498,2024-10-30,Income,Bonus,General,57297.67,Bank Transfer,Salary Account,No,N/A,Freelance Client,0.0,Bonus transaction #2498,reimbursable,2024,10,Oct,Q4,Wednesday,False
TXN100031,2025-07-12,Income,Investment,General,60775.67,Bank Transfer,Salary Account,No,N/A,Swiggy,0.0,Investment transaction #31,None,2025,7,Jul,Q3,Saturday,False
TXN102169,2025-07-17,Expense,Shopping,Clothing,6896.89,UPI,Cash Wallet,No,Discretionary,Zomato,5000.0,Shopping transaction #2169,review,2025,7,Jul,Q3,Thursday,False
TXN101375,2025-03-14,Expense,Food,Snacks,7935.11,UPI,Cash Wallet,Yes,Discretionary,Amazon,0.0,food transaction #1375,None,2025,3,Mar,Q1,Friday,False
TXN101326,2025-02-08,Income,Investment,General,47354.34,Bank Transfer,Salary Account,No,N/A,Employer,0.0,Investment transaction #1326,None,2025,2,Feb,Q1,Saturday,False
TXN101112,2025-01-27,Expense,Shopping,Electronics,5109.51,Net Banking,Salary Account,Yes,Discretionary,Employer,5000.0,Shopping transaction #1112,reimbursable,2025,1,Jan,Q1,Monday,False
TXN101349,2024-10-27,Income,Bonus,General,39495.94,Bank Transfer,Salary Account,No,N/A,Swiggy,0.0,Bonus transaction #1349,reimbursable,2024,10,Oct,Q4,Sunday,False
TXN100255,2025-12-08,Income,Investment,General,34381.2,Bank Transfer,Salary Account,No,N/A,Employer,0.0,Investment transaction #255,None,2025,12,Dec,Q4,Monday,False
TXN100892,2025-09-17,Expense,Rent,Housing,168.79,Debit Card,Primary Savings,Yes,Essential,Apollo Pharmacy,15000.0,Rent transaction #892,None,2025,9,Sep,Q3,Wednesday,False
TXN102407,2024-01-10,Expense,Groceries,Groceries,5626.24,Credit Card,Cash Wallet,Yes,Essential,Apollo Pharmacy,6000.0,Groceries transaction #2407,None,2024,1,Jan,Q1,Wednesday,False
TXN100051,2024-12-11,Expense,Shopping,Electronics,6663.8,Debit Card,Primary Savings,No,Discretionary,Amazon,5000.0,Shopping transaction #51,None,2024,12,Dec,Q4,Wednesday,False
TXN100875,2024-07-05,Expense,Entertainment,Streaming,3876.24,Cash,Credit Card A/C,Yes,Discretionary,Freelance Client,2500.0,Entertainment transaction #875,reimbursable,2024,7,Jul,Q3,Friday,False
TXN100938,2025-05-04,Expense,Utilities,Water,3887.52,UPI,Credit Card A/C,No,Essential,Unknown Merchant,3000.0,Utilities transaction #938,None,2025,5,May,Q2,Sunday,False
TXN101126,2025-10-25,Expense,Education,Books,7182.21,UPI,Primary Savings,No,Discretionary,BESCOM,4000.0,Education transaction #1126,None,2025,10,Oct,Q4,Saturday,False
TXN101219,2025-04-13,Expense,Transport,Public Transit,5726.57,Cash,Salary Account,Yes,Discretionary,Amazon,4000.0,Transport transaction #1219,review,2025,4,Apr,Q2,Sunday,False
TXN100124,2025-05-28,Expense,Food,Dining Out,7198.06,Debit Card,Primary Savings,Yes,Discretionary,Amazon,8000.0,Food transaction #124,one-time,2025,5,May,Q2,Wednesday,False
TXN102452,2025-06-23,Expense,Groceries,Groceries,4086.46,Debit Card,Credit Card A/C,Yes,Essential,Netflix,6000.0,Groceries transaction #2452,one-time,2025,6,Jun,Q2,Monday,False
TXN101071,2025-11-11,Expense,Insurance,Vehicle,1583.87,Net Banking,Salary Account,Yes,Essential,Unknown Merchant,2000.0,Insurance transaction #1071,None,2025,11,Nov,Q4,Tuesday,False
TXN100433,2025-12-11,Expense,Utilities,Internet,6480.03,Cash,Salary Account,Yes,Essential,Swiggy,3000.0,Utilities transaction #433,one-time,2025,12,Dec,Q4,Thursday,False
TXN100674,2025-03-02,Expense,Insurance,Vehicle,6377.98,Credit Card,Salary Account,Yes,Essential,Netflix,2000.0,Insurance transaction #674,one-time,2025,3,Mar,Q1,Sunday,False
TXN102408,2025-10-25,Expense,Healthcare,Pharmacy,233.92,Credit Card,Primary Savings,No,Essential,Unknown Merchant,3000.0,Healthcare transaction #2408,one-time,2025,10,Oct,Q4,Saturday,False
TXN101099,2025-09-15,Expense,Insurance,Life,7843.12,UPI,Credit Card A/C,Yes,Essential,Freelance Client,2000.0,Insurance transaction #1099,None,2025,9,Sep,Q3,Monday,False
TXN102347,2025-12-24,Expense,Healthcare,Doctor Visit,1977.41,Cash,Cash Wallet,Yes,Essential,Landlord,3000.0,Healthcare transaction #2347,None,2025,12,Dec,Q4,Wednesday,False
TXN101608,2024-03-22,Expense,Shopping,Home Goods,881.46,Credit Card,Credit Card A/C,Yes,Discretionary,Local Store,5000.0,Shopping transaction #1608,reimbursable,2024,3,Mar,Q1,Friday,False
