Transaction ID,Date,Type,Category,Subcategory,Amount,Payment Mode,Account,Recurring,Necessity,Merchant,Budget Limit,Description,Tags
TXN100576,2024-05-31,Expense,Healthcare,Pharmacy,1328.28,Net Banking,Credit Card A/C,Yes,Essential,Swiggy,3000.0,Healthcare transaction #576,review
TXN100431,2025-05-03,Expense,,,2378.73,Credit Card,Primary Savings,No,Discretionary,BESCOM,,Misc transaction #431,one-time
TXN101277,2025-05-31,Expense,,,5620.14,UPI,Credit Card A/C,No,Discretionary,BESCOM,,Misc transaction #1277,review
TXN102473,2025-09-19,Expense,Utilities,Internet,2317.81,Net Banking,Credit Card A/C,Yes,Essential,Employer,3000.0,Utilities transaction #2473,review
TXN100934,2025-10-18,Expense,food,Dining Out,866.81,Credit Card,Primary Savings,Yes,Discretionary,Swiggy,,food transaction #934,review
TXN100810,2024-02-23,Expense,,,3925.66,Cash,Credit Card A/C,Yes,Discretionary,Amazon,,Misc transaction #810,review
TXN100368,2024-12-05,Income,Salary,,23798.76,Bank Transfer,Salary Account,Yes,,Employer,,Salary transaction #368,reimbursable
TXN100209,2024-10-08,Expense,Utilities,Electricity,5597.98,Cash,Salary Account,Yes,Essential,Zomato,3000.0,Utilities transaction #209,reimbursable
TXN101348,2024-06-11,Income,Gift,,23504.56,Bank Transfer,Salary Account,No,,Zomato,,Gift transaction #1348,
TXN102062,2024-11-11,Income,Investment,,35561.41,Bank Transfer,Salary Account,No,,Local Store,,Investment transaction #2062,review
TXN102211,2024-11-23,Expense,Groceries,Groceries,₹1450.0,Debit Card,Cash Wallet,Yes,Essential,Freelance Client,6000.0,Groceries transaction #2211,review
TXN101804,2024-07-18,Expense,food,Groceries,6094.25,UPI,Primary Savings,No,Discretionary,Employer,,food transaction #1804,review
TXN101118,2025-10-24,Expense,Subscriptions,Streaming,6630.64,UPI,Credit Card A/C,Yes,Discretionary,Local Store,1500.0,Subscriptions transaction #1118,
TXN101380,2024-08-28,Expense,Utilities,Internet,₹1963.42,Credit Card,Salary Account,Yes,Essential,Zomato,3000.0,Utilities transaction #1380,
TXN100520,2025-03-18,Expense,Shopping,Home Goods,3093.18,Cash,Cash Wallet,Yes,Discretionary,Freelance Client,5000.0,Shopping transaction #520,reimbursable
TXN102496,2025-08-24,Expense,food,Groceries,2549.44,Cash,Salary Account,No,Discretionary,Zomato,,food transaction #2496,one-time
TXN100785,2024-12-22,Expense,Healthcare,Insurance Premium,5586.82,,Cash Wallet,No,Essential,,3000.0,Healthcare transaction #785,
TXN100137,2025-12-23,Expense,Groceries,Groceries,201.08,Credit Card,Salary Account,No,Essential,Zomato,6000.0,Groceries transaction #137,
TXN100649,2025-04-26,Expense,Subscriptions,SaaS Tools,7961.85,Cash,Primary Savings,Yes,Discretionary,Apollo Pharmacy,1500.0,Subscriptions transaction #649,one-time
TXN102420,2024-08-16,Expense,Food,Dining Out,5955.47,,Salary Account,Yes,Discretionary,Zomato,8000.0,Food transaction #2420,reimbursable
TXN100990,2025-05-23,Expense,Insurance,Health,₹2462.18,Credit Card,Primary Savings,Yes,Essential,Amazon,2000.0,Insurance transaction #990,
TXN100606,2025-02-09,Expense,Insurance,Vehicle,1189.77,Cash,Primary Savings,Yes,Essential,,2000.0,Insurance transaction #606,
TXN100347,2024-10-25,Expense,Entertainment,Events,7180.17,Cash,Salary Account,No,Discretionary,Zomato,2500.0,Entertainment transaction #347,
TXN101200,2025-10-22,Expense,Transport,Cab,6701.08,Cash,Cash Wallet,No,Discretionary,Employer,4000.0,Transport transaction #1200,
TXN100286,2025-07-09,Expense,Healthcare,Pharmacy,1899.36,Credit Card,Primary Savings,No,Essential,Amazon,3000.0,Healthcare transaction #286,
TXN100263,2024-12-09,Expense,Utilities,Internet,5712.97,Net Banking,Primary Savings,No,Essential,Apollo Pharmacy,3000.0,Utilities transaction #263,reimbursable
TXN101519,2025-01-25,Expense,Entertainment,Events,354.61,,Primary Savings,Yes,Discretionary,Netflix,2500.0,Entertainment transaction #1519,review
TXN101566,2025-11-01,Income,Freelance,,70097.13,Bank Transfer,Salary Account,No,,Employer,,Freelance transaction #1566,review
TXN102262,2024-09-25,Expense,Education,Books,₹2338.3,,Salary Account,Yes,Discretionary,Swiggy,4000.0,Education transaction #2262,reimbursable
TXN101967,2024-02-07,Expense,Healthcare,Pharmacy,1668.41,Net Banking,Cash Wallet,Yes,Essential,Uber,3000.0,Healthcare transaction #1967,review
TXN101626,2024-06-28,Expense,food,Snacks,6021.87,Net Banking,Credit Card A/C,No,Discretionary,Uber,,food transaction #1626,
TXN101596,2024-04-30,Expense,,,4668.75,UPI,Credit Card A/C,No,Discretionary,Amazon,,Misc transaction #1596,
TXN102239,2025-03-03,Expense,Shopping,Home Goods,5996.52,UPI,Primary Savings,Yes,Discretionary,Netflix,5000.0,Shopping transaction #2239,
TXN102342,2025-11-13,Expense,,,733.83,UPI,Credit Card A/C,No,Discretionary,BESCOM,,Misc transaction #2342,
TXN101994,2025-09-25,Expense,Transport,Cab,6379.91,,Primary Savings,Yes,Discretionary,Local Store,4000.0,Transport transaction #1994,reimbursable
TXN101075,2024-05-15,Expense,Shopping,Home Goods,2267.76,Net Banking,Credit Card A/C,No,Discretionary,BESCOM,5000.0,Shopping transaction #1075,
TXN100904,2025-09-03,Expense,Subscriptions,Memberships,1199.71,,Credit Card A/C,Yes,Discretionary,Amazon,1500.0,Subscriptions transaction #904,
TXN100018,2025-08-07,Expense,Transport,Cab,1563.76,UPI,Cash Wallet,No,Discretionary,Local Store,4000.0,Transport transaction #18,
TXN101637,2025-05-07,Expense,Rent,Housing,6725.98,,Salary Account,Yes,Essential,Netflix,15000.0,Rent transaction #1637,
TXN100140,2025-07-21,Income,Bonus,,23047.41,Bank Transfer,Salary Account,No,,Local Store,,Bonus transaction #140,
TXN101460,2025-06-01,Expense,Food,Groceries,2978.56,Net Banking,Salary Account,No,Discretionary,Uber,8000.0,Food transaction #1460,reimbursable
TXN101924,2025-12-06,Expense,Rent,Housing,4791.88,Debit Card,Primary Savings,Yes,Essential,Swiggy,15000.0,Rent transaction #1924,
TXN102022,2024-04-02,Expense,Shopping,Home Goods,1822.3,UPI,Salary Account,Yes,Discretionary,Local Store,5000.0,Shopping transaction #2022,reimbursable
TXN100184,2024-11-05,Expense,Groceries,Groceries,2908.44,Credit Card,Primary Savings,Yes,Essential,Apollo Pharmacy,6000.0,Groceries transaction #184,reimbursable
TXN100062,2024-05-02,Expense,,,1572.75,,Cash Wallet,No,Discretionary,,,Misc transaction #62,reimbursable
TXN101335,2024-09-15,Income,Bonus,,₹76918.02,Bank Transfer,Salary Account,No,,Local Store,,Bonus transaction #1335,
TXN102326,2025-04-28,Income,Salary,,64723.6,Bank Transfer,Salary Account,Yes,,Employer,,Salary transaction #2326,review
TXN100426,2024-02-25,Income,Bonus,,56678.8,Bank Transfer,Salary Account,No,,Zomato,,Bonus transaction #426,
TXN101381,2024-04-20,Expense,Rent,Housing,2295.68,Debit Card,Credit Card A/C,Yes,Essential,Employer,15000.0,Rent transaction #1381,one-time
TXN101805,2024-06-09,Income,Salary,,32374.62,Bank Transfer,Salary Account,Yes,,Employer,,Salary transaction #1805,
TXN101950,2025-10-05,Income,Freelance,,87074.31,Bank Transfer,Salary Account,No,,Uber,,Freelance transaction #1950,review
TXN102097,2024-05-02,Income,Bonus,,22264.4,Bank Transfer,Salary Account,No,,Apollo Pharmacy,,Bonus transaction #2097,
TXN102145,2025-04-05,Expense,Shopping,Electronics,5340.8,Net Banking,Cash Wallet,No,Discretionary,Uber,5000.0,Shopping transaction #2145,one-time
TXN100232,2024-12-04,Expense,Healthcare,Pharmacy,5056.59,Credit Card,Cash Wallet,No,Essential,Amazon,3000.0,Healthcare transaction #232,one-time
TXN100916,2024-11-26,Expense,food,Groceries,5049.71,Net Banking,Salary Account,Yes,Discretionary,Employer,,food transaction #916,
TXN102203,2025-10-28,Expense,food,Snacks,5602.0,Debit Card,Primary Savings,Yes,Discretionary,Zomato,,food transaction #2203,
TXN102034,2024-05-14,Expense,Shopping,Clothing,₹7400.7,UPI,Credit Card A/C,No,Discretionary,,5000.0,Shopping transaction #2034,reimbursable
TXN100112,2025-04-09,Expense,Entertainment,Streaming,6225.84,Net Banking,Primary Savings,Yes,Discretionary,Swiggy,2500.0,Entertainment transaction #112,review
TXN101812,2025-08-04,Expense,Subscriptions,Streaming,6908.47,Cash,Salary Account,Yes,Discretionary,Local Store,1500.0,Subscriptions transaction #1812,reimbursable
TXN100748,2025-07-10,Expense,Food,Dining Out,2805.73,Cash,Cash Wallet,Yes,Discretionary,Apollo Pharmacy,8000.0,Food transaction #748,
TXN102069,2025-07-15,Expense,Entertainment,Events,6928.03,Cash,Cash Wallet,No,Discretionary,Apollo Pharmacy,2500.0,Entertainment transaction #2069,one-time
TXN100886,2024-07-11,Expense,Insurance,Life,726.06,Net Banking,Primary Savings,Yes,Essential,Employer,2000.0,Insurance transaction #886,
TXN102489,2025-07-04,Expense,Insurance,Vehicle,3279.98,Debit Card,Cash Wallet,Yes,Essential,Apollo Pharmacy,2000.0,Insurance transaction #2489,
TXN102005,2024-04-12,Expense,food,Dining Out,6738.46,Net Banking,Cash Wallet,No,Discretionary,Employer,,food transaction #2005,one-time
TXN100418,2025-01-08,Expense,Utilities,Water,1092.56,Net Banking,Salary Account,Yes,Essential,,3000.0,Utilities transaction #418,one-time
TXN101452,2025-02-20,Expense,Shopping,Home Goods,4488.19,Net Banking,Credit Card A/C,Yes,Discretionary,Employer,5000.0,Shopping transaction #1452,reimbursable
TXN100515,2024-12-16,Expense,Transport,Fuel,669.26,,Cash Wallet,Yes,Discretionary,Employer,4000.0,Transport transaction #515,
TXN101857,2024-08-02,Expense,Rent,Housing,₹5051.38,Cash,Credit Card A/C,Yes,Essential,Uber,15000.0,Rent transaction #1857,reimbursable
TXN100079,2024-05-19,Expense,Utilities,Water,6312.35,Debit Card,Primary Savings,No,Essential,,3000.0,Utilities transaction #79,review
TXN102048,2025-03-25,Expense,Entertainment,Streaming,4267.49,Debit Card,Salary Account,No,Discretionary,Freelance Client,2500.0,Entertainment transaction #2048,review
TXN100776,2025-06-17,Expense,Shopping,Home Goods,6016.88,Credit Card,Credit Card A/C,No,Discretionary,BESCOM,5000.0,Shopping transaction #776,review
TXN100463,2025-12-02,Expense,food,Groceries,3417.15,Debit Card,Salary Account,No,Discretionary,Uber,,food transaction #463,
TXN101850,2025-01-09,Expense,Entertainment,Movies,6997.07,,Credit Card A/C,Yes,Discretionary,Apollo Pharmacy,2500.0,Entertainment transaction #1850,review
TXN102411,2024-05-25,Expense,Entertainment,Streaming,₹963.33,Credit Card,Cash Wallet,No,Discretionary,Apollo Pharmacy,2500.0,Entertainment transaction #2411,review
TXN101062,2025-11-11,Expense,Utilities,Internet,1964.14,Cash,Cash Wallet,No,Essential,,3000.0,Utilities transaction #1062,reimbursable
TXN101560,2025-04-22,Expense,Rent,Housing,6182.45,,Primary Savings,Yes,Essential,Zomato,15000.0,Rent transaction #1560,
TXN100131,2024-07-04,Expense,,,7226.12,,Cash Wallet,Yes,Discretionary,Local Store,,Misc transaction #131,one-time
TXN102432,2025-09-10,Expense,Rent,Housing,₹7141.21,UPI,Cash Wallet,Yes,Essential,Netflix,15000.0,Rent transaction #2432,review
TXN101152,2025-06-29,Expense,Insurance,Life,4616.79,Debit Card,Salary Account,Yes,Essential,BESCOM,2000.0,Insurance transaction #1152,
TXN100273,2024-04-21,Expense,Rent,Housing,3281.77,Net Banking,Credit Card A/C,Yes,Essential,BESCOM,15000.0,Rent transaction #273,
TXN102205,2024-01-16,Expense,Education,Courses,823.68,Net Banking,Cash Wallet,No,Discretionary,Local Store,4000.0,Education transaction #2205,one-time
TXN101464,2024-02-19,Expense,Transport,Fuel,5065.45,Credit Card,Cash Wallet,Yes,Discretionary,Swiggy,4000.0,Transport transaction #1464,
TXN100611,2025-11-07,Expense,,,3754.87,Debit Card,Cash Wallet,No,Discretionary,Landlord,,Misc transaction #611,reimbursable
TXN100111,2024-12-13,Expense,Rent,Housing,3236.24,Credit Card,Primary Savings,Yes,Essential,Zomato,15000.0,Rent transaction #111,one-time
TXN100048,2025-08-21,Expense,Food,Snacks,96.87,Debit Card,Credit Card A/C,No,Discretionary,Local Store,8000.0,Food transaction #48,reimbursable
TXN101843,2025-11-06,Expense,,,4016.29,Cash,Cash Wallet,No,Discretionary,Landlord,,Misc transaction #1843,
TXN101354,2024-09-04,Expense,Entertainment,Events,3726.12,Cash,Salary Account,Yes,Discretionary,,2500.0,Entertainment transaction #1354,
TXN100278,2025-03-30,Expense,food,Dining Out,7541.13,UPI,Salary Account,No,Discretionary,,,food transaction #278,review
TXN102207,2025-12-24,Expense,Food,Dining Out,1518.26,UPI,Salary Account,No,Discretionary,Uber,8000.0,Food transaction #2207,
TXN101915,2025-02-16,Expense,Groceries,Groceries,76.7,Net Banking,Primary Savings,Yes,Essential,Netflix,6000.0,Groceries transaction #1915,
TXN101794,2024-08-13,Expense,Rent,Housing,6864.38,Credit Card,Salary Account,Yes,Essential,Zomato,15000.0,Rent transaction #1794,
TXN101573,2025-01-15,Expense,Rent,Housing,6740.55,Credit Card,Credit Card A/C,Yes,Essential,Apollo Pharmacy,15000.0,Rent transaction #1573,reimbursable
TXN100363,2024-12-05,Expense,Utilities,Electricity,4965.33,Cash,Primary Savings,Yes,Essential,Freelance Client,3000.0,Utilities transaction #363,review
TXN102084,2024-05-11,Expense,Entertainment,Movies,₹7084.6,,Cash Wallet,No,Discretionary,Uber,2500.0,Entertainment transaction #2084,
TXN101406,2025-09-09,Expense,food,Dining Out,7798.38,Debit Card,Credit Card A/C,Yes,Discretionary,Swiggy,,food transaction #1406,
TXN102442,2024-01-15,Income,Gift,,26991.46,Bank Transfer,Salary Account,No,,Netflix,,Gift transaction #2442,reimbursable
TXN101711,2025-01-10,Expense,Entertainment,Streaming,7263.92,Cash,Primary Savings,No,Discretionary,BESCOM,2500.0,Entertainment transaction #1711,
TXN101935,2024-07-06,Expense,Food,Snacks,3375.53,Cash,Credit Card A/C,No,Discretionary,Swiggy,8000.0,Food transaction #1935,
TXN101250,2024-10-13,Expense,Food,Dining Out,1376.71,,Salary Account,No,Discretionary,Netflix,8000.0,Food transaction #1250,
TXN101199,2024-04-08,Expense,,,5681.41,Net Banking,Credit Card A/C,Yes,Discretionary,Employer,,Misc transaction #1199,review
TXN101314,2025-08-01,Expense,Education,Tuition,2062.97,UPI,Cash Wallet,Yes,Discretionary,Apollo Pharmacy,4000.0,Education transaction #1314,
TXN100142,2024-06-28,Expense,Insurance,Health,3854.32,Credit Card,Salary Account,Yes,Essential,Zomato,2000.0,Insurance transaction #142,
TXN101146,2025-11-24,Expense,Utilities,Water,7464.82,Credit Card,Primary Savings,No,Essential,Local Store,3000.0,Utilities transaction #1146,
TXN101111,2024-10-20,Expense,Healthcare,Pharmacy,1462.13,Debit Card,Primary Savings,No,Essential,Apollo Pharmacy,3000.0,Healthcare transaction #1111,
TXN101904,2024-07-03,Expense,Food,Groceries,3394.3,,Credit Card A/C,No,Discretionary,Zomato,8000.0,Food transaction #1904,one-time
TXN102348,2024-05-23,Expense,Insurance,Vehicle,580.9,Net Banking,Credit Card A/C,Yes,Essential,Apollo Pharmacy,2000.0,Insurance transaction #2348,one-time
TXN100240,2025-07-16,Expense,Groceries,Groceries,4367.69,Debit Card,Primary Savings,No,Essential,Landlord,6000.0,Groceries transaction #240,review
TXN101569,2024-02-25,Expense,Entertainment,Events,1884.91,Cash,Credit Card A/C,Yes,Discretionary,Swiggy,2500.0,Entertainment transaction #1569,review
TXN101462,2024-09-01,Expense,Transport,Fuel,6600.3,Credit Card,Credit Card A/C,No,Discretionary,,4000.0,Transport transaction #1462,
TXN102477,2024-02-04,Expense,Entertainment,Streaming,4074.61,Credit Card,Credit Card A/C,No,Discretionary,Uber,2500.0,Entertainment transaction #2477,
TXN100060,2025-10-23,Expense,Healthcare,Pharmacy,1811.69,,Salary Account,No,Essential,Freelance Client,3000.0,Healthcare transaction #60,reimbursable
TXN100842,2025-07-03,Expense,food,Dining Out,3542.89,Credit Card,Credit Card A/C,No,Discretionary,Amazon,,food transaction #842,
TXN101405,2025-06-27,Expense,Healthcare,Doctor Visit,3284.62,UPI,Credit Card A/C,No,Essential,Swiggy,3000.0,Healthcare transaction #1405,reimbursable
TXN101799,2025-04-30,Expense,Rent,Housing,4559.55,UPI,Cash Wallet,Yes,Essential,Zomato,15000.0,Rent transaction #1799,
TXN101887,2024-01-15,Expense,food,Groceries,4860.09,Net Banking,Primary Savings,No,Discretionary,BESCOM,,food transaction #1887,one-time
TXN101731,2024-11-27,Expense,Transport,Cab,69506.01,UPI,Primary Savings,No,Discretionary,Swiggy,4000.0,Transport transaction #1731,
TXN101684,2025-09-20,Expense,Transport,Public Transit,4942.22,Credit Card,Credit Card A/C,No,Discretionary,BESCOM,4000.0,Transport transaction #1684,
TXN101125,2025-06-04,Expense,Education,Books,7205.03,Debit Card,Salary Account,No,Discretionary,Landlord,4000.0,Education transaction #1125,one-time
TXN101986,2025-02-11,Expense,Entertainment,Streaming,7053.76,Net Banking,Credit Card A/C,Yes,Discretionary,,2500.0,Entertainment transaction #1986,
TXN100564,,Expense,,,6579.27,Cash,Cash Wallet,Yes,Discretionary,Zomato,,Misc transaction #564,review
TXN102139,2025-05-24,Expense,Insurance,Life,5735.3,,Cash Wallet,Yes,Essential,Zomato,2000.0,Insurance transaction #2139,reimbursable
TXN100529,2024-06-03,Expense,Entertainment,Movies,5621.16,Cash,Salary Account,Yes,Discretionary,Uber,2500.0,Entertainment transaction #529,reimbursable
TXN100707,2025-01-29,Expense,Utilities,Electricity,4447.31,UPI,Cash Wallet,Yes,Essential,Local Store,3000.0,Utilities transaction #707,
TXN100014,2024-05-08,Income,Bonus,,86279.41,Bank Transfer,Salary Account,No,,Swiggy,,Bonus transaction #14,one-time
TXN102012,2025-01-17,Income,Gift,,47425.31,Bank Transfer,Salary Account,No,,Landlord,,Gift transaction #2012,
TXN100204,2025-01-14,Expense,Food,Snacks,5942.96,UPI,Credit Card A/C,No,Discretionary,Netflix,8000.0,Food transaction #204,one-time
TXN100827,2025-01-23,Income,Gift,,37324.84,Bank Transfer,Salary Account,No,,Netflix,,Gift transaction #827,reimbursable
TXN101835,2025-07-18,Expense,Groceries,Groceries,₹6844.15,UPI,Credit Card A/C,No,Essential,BESCOM,6000.0,Groceries transaction #1835,one-time
TXN100084,2025-06-30,Expense,Entertainment,Events,6087.24,Net Banking,Primary Savings,Yes,Discretionary,BESCOM,2500.0,Entertainment transaction #84,
TXN102160,2024-06-21,Expense,Shopping,Clothing,2916.73,Net Banking,Cash Wallet,No,Discretionary,Swiggy,5000.0,Shopping transaction #2160,
TXN100958,2024-12-21,Expense,Food,Dining Out,1219.69,,Salary Account,No,Discretionary,Employer,8000.0,Food transaction #958,one-time
TXN100504,2024-02-17,Income,Investment,,21573.62,Bank Transfer,Salary Account,No,,Netflix,,Investment transaction #504,
TXN101228,2025-12-11,Expense,Transport,Cab,3532.96,Credit Card,Cash Wallet,Yes,Discretionary,Freelance Client,4000.0,Transport transaction #1228,
TXN100230,2025-06-17,Expense,Healthcare,Pharmacy,5589.27,Debit Card,Primary Savings,No,Essential,Amazon,3000.0,Healthcare transaction #230,
TXN101298,2024-01-25,Expense,Transport,Fuel,6492.31,,Primary Savings,No,Discretionary,Landlord,4000.0,Transport transaction #1298,
TXN102389,2025-11-23,Expense,Rent,Housing,1871.76,Net Banking,Primary Savings,Yes,Essential,Netflix,15000.0,Rent transaction #2389,
TXN102109,2024-01-17,Expense,food,Snacks,3144.85,,Credit Card A/C,Yes,Discretionary,Netflix,,food transaction #2109,
TXN101907,2025-07-03,Expense,food,Groceries,4346.92,Cash,Credit Card A/C,No,Discretionary,Netflix,,food transaction #1907,reimbursable
TXN101463,2024-04-14,Income,Gift,,51832.07,Bank Transfer,Salary Account,No,,Apollo Pharmacy,,Gift transaction #1463,reimbursable
TXN102337,2024-09-24,Expense,Entertainment,Events,4472.63,Credit Card,Salary Account,No,Discretionary,Netflix,2500.0,Entertainment transaction #2337,
TXN100587,2025-05-01,Expense,Education,Books,7682.76,Cash,Primary Savings,Yes,Discretionary,Local Store,4000.0,Education transaction #587,
TXN101991,2025-08-01,Expense,Rent,Housing,6184.6,Debit Card,Credit Card A/C,Yes,Essential,BESCOM,15000.0,Rent transaction #1991,reimbursable
TXN100956,2025-11-26,Expense,Healthcare,Insurance Premium,7287.1,Debit Card,Credit Card A/C,No,Essential,Employer,3000.0,Healthcare transaction #956,
TXN100711,2024-08-05,Expense,Education,Books,5926.5,Net Banking,Primary Savings,No,Discretionary,Zomato,4000.0,Education transaction #711,
TXN101532,2025-03-14,Expense,Entertainment,Events,6348.75,Cash,Cash Wallet,No,Discretionary,Netflix,2500.0,Entertainment transaction #1532,review
TXN102392,2025-09-16,Income,Investment,,40496.32,Bank Transfer,Salary Account,No,,Amazon,,Investment transaction #2392,
TXN102094,2024-02-24,Expense,Shopping,Electronics,5772.68,Net Banking,Cash Wallet,Yes,Discretionary,Employer,5000.0,Shopping transaction #2094,review
TXN101454,2024-09-15,Expense,food,Snacks,5921.12,Debit Card,Credit Card A/C,Yes,Discretionary,Landlord,,food transaction #1454,
TXN101664,2024-02-24,Expense,Rent,Housing,₹3725.88,Cash,Credit Card A/C,Yes,Essential,Freelance Client,15000.0,Rent transaction #1664,
TXN101330,2025-09-11,Expense,,,3781.16,UPI,Cash Wallet,No,Discretionary,Landlord,,Misc transaction #1330,
TXN101852,2024-05-07,Expense,Shopping,Clothing,595.75,Credit Card,Salary Account,Yes,Discretionary,Local Store,5000.0,Shopping transaction #1852,reimbursable
TXN100646,2024-02-12,Expense,Utilities,Electricity,7446.1,Cash,Salary Account,Yes,Essential,Uber,3000.0,Utilities transaction #646,
TXN100004,2025-04-15,Expense,Shopping,Clothing,₹6643.77,Net Banking,Credit Card A/C,Yes,Discretionary,,5000.0,Shopping transaction #4,
TXN102289,2025-05-12,Income,Investment,,61004.16,Bank Transfer,Salary Account,No,,Zomato,,Investment transaction #2289,review
TXN101903,2024-08-07,Expense,Utilities,Electricity,5873.92,,Primary Savings,No,Essential,Netflix,3000.0,Utilities transaction #1903,one-time
TXN101196,2025-12-12,Expense,Transport,Fuel,6501.63,Credit Card,Primary Savings,No,Discretionary,BESCOM,4000.0,Transport transaction #1196,one-time
TXN100093,,Expense,Healthcare,Pharmacy,7733.68,,Cash Wallet,No,Essential,Zomato,3000.0,Healthcare transaction #93,reimbursable
TXN101884,2025-05-17,Income,Investment,,82178.62,Bank Transfer,Salary Account,No,,Amazon,,Investment transaction #1884,reimbursable
TXN100891,2025-06-19,Expense,Entertainment,Streaming,2745.21,Debit Card,Cash Wallet,Yes,Discretionary,,2500.0,Entertainment transaction #891,
TXN100037,2025-03-22,Expense,Education,Courses,4633.87,Debit Card,Primary Savings,No,Discretionary,Amazon,4000.0,Education transaction #37,review
TXN101537,2024-11-27,Expense,Food,Snacks,5082.39,Net Banking,Salary Account,Yes,Discretionary,Netflix,8000.0,Food transaction #1537,reimbursable
TXN102162,2025-04-24,Expense,Rent,Housing,7096.51,Debit Card,Credit Card A/C,Yes,Essential,Employer,15000.0,Rent transaction #2162,reimbursable
TXN101873,2024-05-23,Expense,food,Groceries,4101.77,Net Banking,Cash Wallet,Yes,Discretionary,BESCOM,,food transaction #1873,
TXN101355,2024-03-09,Expense,Rent,Housing,4254.7,Cash,Cash Wallet,Yes,Essential,Landlord,15000.0,Rent transaction #1355,reimbursable
TXN102476,2024-07-31,Income,Gift,,24073.22,Bank Transfer,Salary Account,No,,Amazon,,Gift transaction #2476,
TXN102321,2025-06-05,Expense,Rent,Housing,1179.11,Cash,Cash Wallet,Yes,Essential,Uber,15000.0,Rent transaction #2321,
TXN100929,2025-04-21,Expense,Entertainment,Movies,3115.45,Net Banking,Salary Account,Yes,Discretionary,Zomato,2500.0,Entertainment transaction #929,review
TXN100825,2024-09-18,Expense,Insurance,Life,711.87,Debit Card,Cash Wallet,Yes,Essential,,2000.0,Insurance transaction #825,review
TXN101157,2025-01-01,Expense,Entertainment,Streaming,7881.96,Net Banking,Credit Card A/C,No,Discretionary,Netflix,2500.0,Entertainment transaction #1157,
TXN102152,2025-03-19,Expense,Groceries,Groceries,6950.65,Net Banking,Cash Wallet,Yes,Essential,Netflix,6000.0,Groceries transaction #2152,
TXN102497,2024-03-31,Expense,food,Dining Out,2883.05,Credit Card,Primary Savings,Yes,Discretionary,Uber,,food transaction #2497,
TXN101142,2024-02-17,Expense,Shopping,Home Goods,5666.58,Credit Card,Credit Card A/C,No,Discretionary,Amazon,5000.0,Shopping transaction #1142,
TXN101526,2024-07-17,Expense,Groceries,Groceries,7156.24,Net Banking,Primary Savings,Yes,Essential,Apollo Pharmacy,6000.0,Groceries transaction #1526,
TXN100615,2024-09-26,Expense,Shopping,Home Goods,6143.44,Debit Card,Credit Card A/C,Yes,Discretionary,Amazon,5000.0,Shopping transaction #615,
TXN100069,2025-04-09,Income,Freelance,,84673.77,Bank Transfer,Salary Account,No,,Freelance Client,,Freelance transaction #69,
TXN100586,2025-03-30,Expense,Shopping,Electronics,6455.1,Cash,Cash Wallet,Yes,Discretionary,Employer,5000.0,Shopping transaction #586,
TXN100356,2024-04-14,Expense,Insurance,Vehicle,1833.24,,Cash Wallet,Yes,Essential,BESCOM,2000.0,Insurance transaction #356,review
TXN102049,2024-05-30,Expense,Subscriptions,Memberships,648.99,,Primary Savings,Yes,Discretionary,Local Store,1500.0,Subscriptions transaction #2049,
TXN100585,2025-01-16,Income,Investment,,44594.85,Bank Transfer,Salary Account,No,,Apollo Pharmacy,,Investment transaction #585,review
TXN101006,2025-03-30,Expense,Healthcare,Pharmacy,7728.79,Cash,Salary Account,No,Essential,Amazon,3000.0,Healthcare transaction #1006,reimbursable
TXN100601,2025-08-16,Expense,Rent,Housing,593.28,Net Banking,Primary Savings,Yes,Essential,Landlord,15000.0,Rent transaction #601,
TXN102294,2025-05-23,Expense,Groceries,Groceries,₹2759.58,Credit Card,Salary Account,Yes,Essential,Zomato,6000.0,Groceries transaction #2294,
TXN102180,2025-04-02,Expense,Rent,Housing,2455.3,,Credit Card A/C,Yes,Essential,Uber,15000.0,Rent transaction #2180,one-time
TXN101972,2024-07-30,Expense,Transport,Public Transit,7370.73,Cash,Cash Wallet,Yes,Discretionary,Uber,4000.0,Transport transaction #1972,reimbursable
TXN102168,2024-02-29,Expense,Utilities,Water,4887.77,,Cash Wallet,Yes,Essential,Local Store,3000.0,Utilities transaction #2168,
TXN100221,2025-08-31,Expense,Healthcare,Pharmacy,103.8,Cash,Credit Card A/C,No,Essential,Uber,3000.0,Healthcare transaction #221,review
TXN100614,2025-05-14,Expense,Groceries,Groceries,5498.72,Net Banking,Cash Wallet,No,Essential,Landlord,6000.0,Groceries transaction #614,one-time
TXN100784,2025-01-17,Expense,Utilities,Internet,616.31,UPI,Primary Savings,No,Essential,Employer,3000.0,Utilities transaction #784,
TXN100556,2024-04-25,Expense,Insurance,Health,1320.09,UPI,Primary Savings,Yes,Essential,Freelance Client,2000.0,Insurance transaction #556,
TXN101730,2024-01-26,Expense,Shopping,Electronics,6571.83,Credit Card,Cash Wallet,No,Discretionary,Apollo Pharmacy,5000.0,Shopping transaction #1730,review
TXN100739,2024-10-28,Expense,Entertainment,Movies,₹6375.11,Credit Card,Cash Wallet,Yes,Discretionary,,2500.0,Entertainment transaction #739,review
TXN102361,2024-01-05,Expense,Rent,Housing,5646.85,Credit Card,Cash Wallet,Yes,Essential,Landlord,15000.0,Rent transaction #2361,review
TXN100501,2024-11-05,Expense,Entertainment,Movies,7311.16,Cash,Primary Savings,No,Discretionary,Landlord,2500.0,Entertainment transaction #501,one-time
TXN100671,2025-09-18,Expense,Healthcare,Pharmacy,4250.06,Cash,Credit Card A/C,Yes,Essential,Netflix,3000.0,Healthcare transaction #671,one-time
TXN100598,2025-03-11,Expense,,,199.51,Cash,Cash Wallet,Yes,Discretionary,BESCOM,,Misc transaction #598,reimbursable
TXN100265,2025-04-28,Expense,Rent,Housing,6867.01,Net Banking,Cash Wallet,Yes,Essential,BESCOM,15000.0,Rent transaction #265,review
TXN101823,2025-09-28,Income,Gift,,51121.63,Bank Transfer,Salary Account,No,,Local Store,,Gift transaction #1823,review
TXN100456,2024-09-28,Expense,Groceries,Groceries,₹6498.04,UPI,Cash Wallet,Yes,Essential,,6000.0,Groceries transaction #456,one-time
TXN101787,2025-10-19,Expense,Healthcare,Doctor Visit,3340.66,Net Banking,Salary Account,No,Essential,Amazon,3000.0,Healthcare transaction #1787,
TXN101131,2025-05-03,Expense,Education,Courses,₹5089.55,Credit Card,Cash Wallet,Yes,Discretionary,Apollo Pharmacy,4000.0,Education transaction #1131,reimbursable
TXN100101,2024-01-03,Expense,Rent,Housing,₹6398.18,UPI,Primary Savings,Yes,Essential,Swiggy,15000.0,Rent transaction #101,
TXN101068,2025-04-10,Expense,Healthcare,Insurance Premium,6017.16,UPI,Primary Savings,No,Essential,Amazon,3000.0,Healthcare transaction #1068,review
TXN101279,2024-04-20,Expense,Healthcare,Doctor Visit,4872.01,Debit Card,Salary Account,Yes,Essential,Uber,3000.0,Healthcare transaction #1279,
TXN101124,2024-08-21,Income,Freelance,,60826.13,Bank Transfer,Salary Account,No,,Swiggy,,Freelance transaction #1124,review
TXN100364,2025-09-20,Expense,Transport,Fuel,2601.45,UPI,Cash Wallet,No,Discretionary,Landlord,4000.0,Transport transaction #364,reimbursable
TXN101424,2025-09-20,Expense,Education,Courses,7820.74,UPI,Salary Account,Yes,Discretionary,Uber,4000.0,Education transaction #1424,one-time
TXN102233,2024-04-17,Expense,food,Groceries,6198.19,UPI,Primary Savings,No,Discretionary,,,food transaction #2233,review
TXN101885,2025-07-27,Expense,,,3100.79,Debit Card,Primary Savings,Yes,Discretionary,Netflix,,Misc transaction #1885,reimbursable
TXN100095,2025-07-28,Expense,Groceries,Groceries,5101.46,Cash,Credit Card A/C,No,Essential,Zomato,6000.0,Groceries transaction #95,
TXN101867,2025-07-27,Expense,Shopping,Home Goods,6593.75,Debit Card,Primary Savings,No,Discretionary,,5000.0,Shopping transaction #1867,review
TXN100645,2025-04-27,Expense,Groceries,Groceries,85317.94,Cash,Credit Card A/C,No,Essential,Freelance Client,6000.0,Groceries transaction #645,reimbursable
TXN101322,2025-11-12,Expense,Education,Courses,6501.12,Debit Card,Salary Account,No,Discretionary,BESCOM,4000.0,Education transaction #1322,one-time
TXN101011,2025-03-01,Income,Bonus,,₹81309.72,Bank Transfer,Salary Account,No,,Swiggy,,Bonus transaction #1011,
TXN102171,,Expense,Education,Tuition,6786.31,UPI,Salary Account,Yes,Discretionary,Freelance Client,4000.0,Education transaction #2171,one-time
TXN101811,2024-03-17,Expense,Food,Dining Out,411.5,Credit Card,Credit Card A/C,Yes,Discretionary,Zomato,8000.0,Food transaction #1811,reimbursable
TXN101508,2024-08-29,Expense,Education,Courses,172.92,UPI,Cash Wallet,Yes,Discretionary,Zomato,4000.0,Education transaction #1508,
TXN101476,2025-09-28,Expense,Education,Books,₹7706.88,UPI,Salary Account,No,Discretionary,Landlord,4000.0,Education transaction #1476,one-time
TXN100765,2025-11-24,Expense,Healthcare,Doctor Visit,₹5729.58,,Salary Account,No,Essential,,3000.0,Healthcare transaction #765,reimbursable
TXN100236,2025-06-07,Expense,Groceries,Groceries,3413.16,Cash,Salary Account,Yes,Essential,Apollo Pharmacy,6000.0,Groceries transaction #236,one-time
TXN101310,2024-12-25,Income,Bonus,,80282.24,Bank Transfer,Salary Account,No,,Local Store,,Bonus transaction #1310,one-time
TXN102317,2025-09-12,Expense,Education,Tuition,3895.68,UPI,Cash Wallet,Yes,Discretionary,Zomato,4000.0,Education transaction #2317,one-time
TXN100940,2025-05-14,Income,Freelance,,76979.68,Bank Transfer,Salary Account,No,,Landlord,,Freelance transaction #940,
TXN102310,2025-03-21,Expense,Groceries,Groceries,7883.7,Cash,Credit Card A/C,Yes,Essential,Zomato,6000.0,Groceries transaction #2310,reimbursable
TXN102184,2024-12-05,Expense,Subscriptions,Memberships,1351.24,Credit Card,Salary Account,Yes,Discretionary,Swiggy,1500.0,Subscriptions transaction #2184,review
TXN101393,,Expense,food,Groceries,3142.76,,Credit Card A/C,Yes,Discretionary,Landlord,,food transaction #1393,one-time
TXN102130,2024-12-09,Expense,Rent,Housing,2336.93,,Primary Savings,Yes,Essential,Freelance Client,15000.0,Rent transaction #2130,review
TXN101494,2024-11-25,Income,Bonus,,74155.8,Bank Transfer,Salary Account,No,,Freelance Client,,Bonus transaction #1494,one-time
TXN102183,2025-12-21,Expense,Insurance,Health,₹4096.9,Net Banking,Salary Account,Yes,Essential,,2000.0,Insurance transaction #2183,
TXN101266,2025-01-25,Expense,Insurance,Life,160.9,,Salary Account,Yes,Essential,Swiggy,2000.0,Insurance transaction #1266,
TXN100068,2024-09-02,Expense,food,Groceries,81535.26,Net Banking,Cash Wallet,No,Discretionary,Amazon,,food transaction #68,review
TXN101453,2024-07-08,Income,Salary,,₹38746.75,Bank Transfer,Salary Account,Yes,,Employer,,Salary transaction #1453,one-time
TXN101076,2024-06-30,Expense,Utilities,Internet,784.68,Debit Card,Credit Card A/C,No,Essential,Freelance Client,3000.0,Utilities transaction #1076,review
TXN102272,2024-11-11,Income,Investment,,43940.56,Bank Transfer,Salary Account,No,,Local Store,,Investment transaction #2272,
TXN101080,2024-11-26,Expense,Insurance,Health,112.79,Cash,Cash Wallet,Yes,Essential,Uber,2000.0,Insurance transaction #1080,
TXN101851,2025-08-07,Expense,Utilities,Water,4844.12,UPI,Credit Card A/C,Yes,Essential,Apollo Pharmacy,3000.0,Utilities transaction #1851,
TXN102273,2024-11-18,Expense,Groceries,Groceries,6681.07,Net Banking,Cash Wallet,Yes,Essential,Swiggy,6000.0,Groceries transaction #2273,
TXN100477,2025-04-25,Expense,Entertainment,Movies,₹3956.99,Credit Card,Salary Account,Yes,Discretionary,BESCOM,2500.0,Entertainment transaction #477,
TXN102004,2024-06-19,Expense,food,Dining Out,6887.48,Debit Card,Primary Savings,No,Discretionary,Zomato,,food transaction #2004,
TXN102367,2024-01-26,Expense,Entertainment,Streaming,5538.52,,Credit Card A/C,No,Discretionary,Local Store,2500.0,Entertainment transaction #2367,
TXN102290,2025-06-13,Expense,Insurance,Vehicle,1804.33,Cash,Primary Savings,Yes,Essential,Zomato,2000.0,Insurance transaction #2290,
TXN102161,2025-06-12,Expense,Healthcare,Pharmacy,₹3102.4,Credit Card,Salary Account,Yes,Essential,Uber,3000.0,Healthcare transaction #2161,
TXN101488,2024-04-05,Expense,Shopping,Home Goods,3285.05,UPI,Salary Account,Yes,Discretionary,Landlord,5000.0,Shopping transaction #1488,review
TXN102471,2024-02-18,Expense,Transport,Fuel,2446.55,Debit Card,Cash Wallet,No,Discretionary,Local Store,4000.0,Transport transaction #2471,
TXN100503,2024-04-28,Income,Salary,,68093.66,Bank Transfer,Salary Account,Yes,,Employer,,Salary transaction #503,one-time
TXN100831,,Expense,,,2794.12,,Cash Wallet,No,Discretionary,Employer,,Misc transaction #831,reimbursable
TXN101751,2025-11-13,Income,Gift,,₹80681.41,Bank Transfer,Salary Account,No,,Apollo Pharmacy,,Gift transaction #1751,
TXN100360,2024-09-27,Income,Gift,,79220.99,Bank Transfer,Salary Account,No,,Amazon,,Gift transaction #360,
TXN102394,2025-12-03,Expense,Rent,Housing,5441.72,UPI,Credit Card A/C,Yes,Essential,Amazon,15000.0,Rent transaction #2394,
TXN100341,2025-08-13,Expense,Transport,Public Transit,4176.84,,Primary Savings,No,Discretionary,Freelance Client,4000.0,Transport transaction #341,review
TXN100199,2025-04-29,Expense,Transport,Cab,1197.6,Cash,Primary Savings,No,Discretionary,Local Store,4000.0,Transport transaction #199,
TXN100677,2025-07-29,Expense,Utilities,Water,6166.52,Net Banking,Credit Card A/C,Yes,Essential,,3000.0,Utilities transaction #677,
TXN101174,2024-07-05,Expense,Education,Courses,5460.57,UPI,Salary Account,No,Discretionary,Landlord,4000.0,Education transaction #1174,reimbursable
TXN101236,2024-09-20,Expense,Entertainment,Events,6453.33,Credit Card,Primary Savings,No,Discretionary,Local Store,2500.0,Entertainment transaction #1236,
TXN100098,2025-12-07,Expense,Healthcare,Doctor Visit,6850.83,UPI,Credit Card A/C,No,Essential,Amazon,3000.0,Healthcare transaction #98,
TXN100728,2025-06-13,Expense,Transport,Fuel,4781.64,UPI,Salary Account,Yes,Discretionary,Freelance Client,4000.0,Transport transaction #728,one-time
TXN100280,2025-05-05,Income,Investment,,46811.07,Bank Transfer,Salary Account,No,,Local Store,,Investment transaction #280,reimbursable
TXN101004,2024-05-15,Expense,Utilities,Internet,730.02,Credit Card,Credit Card A/C,No,Essential,Employer,3000.0,Utilities transaction #1004,
TXN101268,2024-08-21,Expense,Groceries,Groceries,7581.28,Credit Card,Cash Wallet,Yes,Essential,Uber,6000.0,Groceries transaction #1268,
TXN101707,2025-02-09,Expense,Insurance,Life,6354.73,Credit Card,Cash Wallet,Yes,Essential,Apollo Pharmacy,2000.0,Insurance transaction #1707,reimbursable
TXN101207,2025-05-26,Income,Investment,,48099.94,Bank Transfer,Salary Account,No,,BESCOM,,Investment transaction #1207,
TXN101102,2025-05-28,Expense,Groceries,Groceries,₹5441.76,Debit Card,Primary Savings,No,Essential,BESCOM,6000.0,Groceries transaction #1102,
TXN100874,2025-02-03,Expense,,,3853.53,UPI,Primary Savings,No,Discretionary,,,Misc transaction #874,
TXN100076,2024-07-27,Expense,Rent,Housing,5601.09,UPI,Primary Savings,Yes,Essential,Freelance Client,15000.0,Rent transaction #76,
TXN101237,2025-02-15,Income,Investment,,34567.06,Bank Transfer,Salary Account,No,,Local Store,,Investment transaction #1237,review
TXN100494,2025-09-16,Expense,Utilities,Electricity,51679.08,,Primary Savings,Yes,Essential,Employer,3000.0,Utilities transaction #494,
TXN101760,2024-08-13,Expense,Food,Snacks,7801.66,Net Banking,Cash Wallet,Yes,Discretionary,Apollo Pharmacy,8000.0,Food transaction #1760,review
TXN102431,2025-01-15,Expense,Entertainment,Events,5574.01,Credit Card,Primary Savings,Yes,Discretionary,Apollo Pharmacy,2500.0,Entertainment transaction #2431,
TXN101701,2025-06-05,Expense,Utilities,Electricity,₹7963.66,Credit Card,Salary Account,No,Essential,Swiggy,3000.0,Utilities transaction #1701,
TXN102222,2025-10-02,Expense,Transport,Cab,7524.48,Debit Card,Cash Wallet,No,Discretionary,Landlord,4000.0,Transport transaction #2222,reimbursable
TXN102284,2024-03-18,Expense,Shopping,Electronics,2339.12,Credit Card,Cash Wallet,Yes,Discretionary,,5000.0,Shopping transaction #2284,
TXN101514,2025-04-13,Expense,,,5577.48,Cash,Primary Savings,No,Discretionary,Swiggy,,Misc transaction #1514,one-time
TXN102227,2025-12-29,Income,Freelance,,47061.82,Bank Transfer,Salary Account,No,,Netflix,,Freelance transaction #2227,
TXN100103,2025-06-09,Expense,Healthcare,Insurance Premium,4940.1,,Credit Card A/C,No,Essential,Freelance Client,3000.0,Healthcare transaction #103,one-time
TXN100781,2025-03-19,Expense,,,6107.34,Cash,Primary Savings,No,Discretionary,Employer,,Misc transaction #781,
TXN101784,2024-05-14,Income,Gift,,40720.36,Bank Transfer,Salary Account,No,,Zomato,,Gift transaction #1784,review
TXN100355,2024-09-30,Expense,Rent,Housing,1214.11,UPI,Credit Card A/C,Yes,Essential,BESCOM,15000.0,Rent transaction #355,one-time
TXN100798,2024-01-18,Expense,Food,Snacks,3582.23,Net Banking,Cash Wallet,No,Discretionary,,8000.0,Food transaction #798,one-time
TXN100622,2024-12-21,Expense,Insurance,Health,2434.28,,Credit Card A/C,Yes,Essential,BESCOM,2000.0,Insurance transaction #622,reimbursable
TXN102030,2025-10-30,Income,Salary,,61693.41,Bank Transfer,Salary Account,Yes,,Employer,,Salary transaction #2030,review
TXN101561,2024-07-04,Income,Gift,,70516.95,Bank Transfer,Salary Account,No,,Apollo Pharmacy,,Gift transaction #1561,review
TXN102056,2024-01-16,Expense,Education,Courses,1958.86,UPI,Cash Wallet,Yes,Discretionary,Freelance Client,4000.0,Education transaction #2056,one-time
TXN100897,2025-08-06,Expense,food,Groceries,3725.11,UPI,Credit Card A/C,No,Discretionary,Apollo Pharmacy,,food transaction #897,one-time
TXN100110,2025-09-28,Expense,Insurance,Vehicle,7436.22,,Credit Card A/C,Yes,Essential,Amazon,2000.0,Insurance transaction #110,
TXN101556,2024-11-24,Income,Salary,,44282.12,Bank Transfer,Salary Account,Yes,,Employer,,Salary transaction #1556,review
TXN101296,2025-04-11,Expense,Groceries,Groceries,₹5637.87,Cash,Primary Savings,Yes,Essential,BESCOM,6000.0,Groceries transaction #1296,
TXN102296,2024-10-13,Expense,Entertainment,Movies,7281.22,Cash,Credit Card A/C,No,Discretionary,Uber,2500.0,Entertainment transaction #2296,one-time
TXN102114,2024-11-19,Expense,Entertainment,Events,₹541.62,Credit Card,Salary Account,No,Discretionary,Netflix,2500.0,Entertainment transaction #2114,
TXN100643,2024-10-24,Expense,Transport,Public Transit,2024.13,Net Banking,Cash Wallet,Yes,Discretionary,Amazon,4000.0,Transport transaction #643,review
TXN100312,2024-10-07,Expense,Healthcare,Insurance Premium,7388.43,,Primary Savings,Yes,Essential,Uber,3000.0,Healthcare transaction #312,one-time
TXN101470,2024-07-18,Expense,Subscriptions,Streaming,4872.22,Net Banking,Salary Account,Yes,Discretionary,Zomato,1500.0,Subscriptions transaction #1470,
TXN102459,2025-03-26,Expense,food,Groceries,1758.4,Net Banking,Credit Card A/C,No,Discretionary,Zomato,,food transaction #2459,
TXN100600,2024-04-08,Expense,Groceries,Groceries,1640.19,,Credit Card A/C,Yes,Essential,Zomato,6000.0,Groceries transaction #600,
TXN100063,2024-10-16,Expense,Transport,Cab,1476.56,UPI,Salary Account,No,Discretionary,Amazon,4000.0,Transport transaction #63,review
TXN100354,2025-11-21,Expense,Education,Books,3407.97,UPI,Primary Savings,Yes,Discretionary,Local Store,4000.0,Education transaction #354,
TXN100816,2024-05-01,Expense,Healthcare,Doctor Visit,7638.72,,Cash Wallet,Yes,Essential,Apollo Pharmacy,3000.0,Healthcare transaction #816,
TXN100082,,Expense,Rent,Housing,6999.81,Cash,Primary Savings,Yes,Essential,Landlord,15000.0,Rent transaction #82,
TXN102282,2024-11-12,Income,Bonus,,60555.7,Bank Transfer,Salary Account,No,,Employer,,Bonus transaction #2282,
TXN101267,2024-01-17,Expense,Rent,Housing,222.36,Cash,Salary Account,Yes,Essential,Netflix,15000.0,Rent transaction #1267,
TXN102453,2025-09-27,Expense,Education,Books,3625.65,Credit Card,Credit Card A/C,Yes,Discretionary,Employer,4000.0,Education transaction #2453,reimbursable
TXN102285,2024-07-19,Expense,Subscriptions,Streaming,5377.14,Cash,Cash Wallet,Yes,Discretionary,Local Store,1500.0,Subscriptions transaction #2285,
TXN100362,2024-11-21,Expense,Rent,Housing,1317.0,Net Banking,Cash Wallet,Yes,Essential,Zomato,15000.0,Rent transaction #362,review
TXN100584,2025-02-07,Expense,Entertainment,Events,7550.05,,Credit Card A/C,No,Discretionary,Swiggy,2500.0,Entertainment transaction #584,one-time
TXN100903,2024-12-23,Expense,Healthcare,Doctor Visit,6281.67,,Cash Wallet,No,Essential,,3000.0,Healthcare transaction #903,reimbursable
TXN101515,2025-02-03,Expense,Education,Tuition,7474.54,Cash,Credit Card A/C,No,Discretionary,Zomato,4000.0,Education transaction #1515,review
TXN101817,2024-06-16,Expense,,,1990.32,Credit Card,Salary Account,Yes,Discretionary,Landlord,,Misc transaction #1817,
TXN100952,2025-06-21,Expense,,,796.59,Debit Card,Credit Card A/C,No,Discretionary,Apollo Pharmacy,,Misc transaction #952,
TXN101849,2024-02-26,Expense,Food,Snacks,424.95,Debit Card,Primary Savings,No,Discretionary,Apollo Pharmacy,8000.0,Food transaction #1849,
TXN102319,2024-07-22,Expense,food,Dining Out,5769.37,UPI,Credit Card A/C,Yes,Discretionary,Uber,,food transaction #2319,reimbursable
TXN101987,2024-05-10,Expense,Rent,Housing,6896.37,Credit Card,Primary Savings,Yes,Essential,Local Store,15000.0,Rent transaction #1987,
TXN100054,2024-04-27,Expense,Rent,Housing,254.14,Debit Card,Cash Wallet,Yes,Essential,Local Store,15000.0,Rent transaction #54,reimbursable
TXN102468,2024-05-30,Expense,Subscriptions,SaaS Tools,4217.24,Cash,Primary Savings,Yes,Discretionary,BESCOM,1500.0,Subscriptions transaction #2468,
TXN101815,2025-02-09,Expense,food,Groceries,418.99,Credit Card,Credit Card A/C,Yes,Discretionary,Landlord,,food transaction #1815,
TXN102374,2025-06-28,Expense,Healthcare,Pharmacy,115.11,Cash,Salary Account,No,Essential,Swiggy,3000.0,Healthcare transaction #2374,
TXN101143,2025-07-04,Expense,Utilities,Electricity,7052.76,UPI,Credit Card A/C,No,Essential,Swiggy,3000.0,Utilities transaction #1143,reimbursable
TXN101606,2024-10-23,Expense,,,₹3246.41,UPI,Cash Wallet,No,Discretionary,,,Misc transaction #1606,review
TXN101383,2024-07-15,Expense,Food,Groceries,6438.84,Cash,Salary Account,No,Discretionary,Apollo Pharmacy,8000.0,Food transaction #1383,review
TXN101356,2025-04-22,Expense,Education,Books,4640.9,,Cash Wallet,No,Discretionary,Landlord,4000.0,Education transaction #1356,one-time
TXN101694,2024-06-20,Expense,Transport,Fuel,6442.65,Credit Card,Primary Savings,Yes,Discretionary,Apollo Pharmacy,4000.0,Transport transaction #1694,
TXN102032,2024-03-20,Expense,Shopping,Clothing,6779.12,,Cash Wallet,Yes,Discretionary,Netflix,5000.0,Shopping transaction #2032,reimbursable
TXN101536,2024-08-30,Income,Salary,,75951.85,Bank Transfer,Salary Account,Yes,,Employer,,Salary transaction #1536,
TXN100129,2024-08-07,Expense,,,1851.02,Credit Card,Salary Account,Yes,Discretionary,Netflix,,Misc transaction #129,reimbursable
TXN100679,2024-04-14,Expense,Food,Snacks,5057.91,Credit Card,Credit Card A/C,Yes,Discretionary,,8000.0,Food transaction #679,reimbursable
TXN102036,2025-10-27,Expense,Education,Books,7811.53,Debit Card,Cash Wallet,No,Discretionary,Amazon,4000.0,Education transaction #2036,review
TXN100216,2025-05-17,Expense,Education,Books,5453.57,,Cash Wallet,Yes,Discretionary,Employer,4000.0,Education transaction #216,
TXN101342,2025-01-30,Expense,Transport,Fuel,3297.85,Cash,Cash Wallet,Yes,Discretionary,,4000.0,Transport transaction #1342,one-time
TXN102217,2024-04-04,Expense,Rent,Housing,3264.06,Debit Card,Primary Savings,Yes,Essential,Netflix,15000.0,Rent transaction #2217,
TXN102043,2024-07-29,Expense,Food,Groceries,1344.73,,Primary Savings,No,Discretionary,BESCOM,8000.0,Food transaction #2043,
TXN101208,2024-12-13,Expense,food,Snacks,7040.45,UPI,Primary Savings,No,Discretionary,Zomato,,food transaction #1208,reimbursable
TXN101571,2025-10-08,Expense,Transport,Public Transit,2319.37,Credit Card,Primary Savings,Yes,Discretionary,Amazon,4000.0,Transport transaction #1571,one-time
TXN102364,,Expense,Entertainment,Movies,1338.3,Credit Card,Cash Wallet,Yes,Discretionary,Zomato,2500.0,Entertainment transaction #2364,
TXN100829,2024-10-07,Income,Bonus,,88563.96,Bank Transfer,Salary Account,No,,BESCOM,,Bonus transaction #829,
TXN100652,2024-10-18,Expense,Insurance,Life,₹4743.19,UPI,Credit Card A/C,Yes,Essential,Swiggy,2000.0,Insurance transaction #652,review
TXN101505,2024-04-14,Expense,Utilities,Internet,3387.95,Net Banking,Credit Card A/C,No,Essential,,3000.0,Utilities transaction #1505,one-time
TXN100323,2025-08-06,Expense,Healthcare,Pharmacy,5739.56,UPI,Cash Wallet,No,Essential,Freelance Client,3000.0,Healthcare transaction #323,
TXN102415,2024-06-29,Expense,Transport,Public Transit,2410.01,,Primary Savings,Yes,Discretionary,Apollo Pharmacy,4000.0,Transport transaction #2415,
TXN102376,2024-11-18,Expense,,,5352.29,,Primary Savings,Yes,Discretionary,Landlord,,Misc transaction #2376,
TXN100241,2025-10-31,Expense,Utilities,Electricity,2821.19,UPI,Cash Wallet,Yes,Essential,BESCOM,3000.0,Utilities transaction #241,review
TXN101329,2024-11-06,Expense,Groceries,Groceries,6850.26,Cash,Cash Wallet,No,Essential,,6000.0,Groceries transaction #1329,review
TXN101065,2025-11-17,Expense,Shopping,Clothing,7016.54,Credit Card,Cash Wallet,No,Discretionary,Swiggy,5000.0,Shopping transaction #1065,
TXN100530,2024-06-06,Expense,,,6174.42,Credit Card,Cash Wallet,Yes,Discretionary,BESCOM,,Misc transaction #530,
TXN100476,2025-09-23,Expense,Groceries,Groceries,1885.75,UPI,Credit Card A/C,Yes,Essential,,6000.0,Groceries transaction #476,reimbursable
TXN101431,2024-02-15,Expense,Utilities,Internet,6070.74,,Primary Savings,No,Essential,BESCOM,3000.0,Utilities transaction #1431,
TXN101975,2025-09-10,Expense,Healthcare,Pharmacy,5950.52,Debit Card,Cash Wallet,No,Essential,Netflix,3000.0,Healthcare transaction #1975,review
TXN101306,2024-07-11,Expense,,,6409.48,Cash,Salary Account,Yes,Discretionary,,,Misc transaction #1306,one-time
TXN102406,2025-07-17,Expense,Insurance,Vehicle,6030.47,Cash,Primary Savings,Yes,Essential,,2000.0,Insurance transaction #2406,one-time
TXN101427,2025-06-29,Expense,Transport,Cab,180.63,UPI,Primary Savings,Yes,Discretionary,BESCOM,4000.0,Transport transaction #1427,one-time
TXN102057,2024-07-18,Expense,Utilities,Water,2642.21,Net Banking,Cash Wallet,Yes,Essential,Freelance Client,3000.0,Utilities transaction #2057,review
TXN102179,2025-09-08,Income,Salary,,60794.55,Bank Transfer,Salary Account,Yes,,Employer,,Salary transaction #2179,reimbursable
TXN100848,2024-05-29,Expense,Groceries,Groceries,455.1,Cash,Credit Card A/C,Yes,Essential,BESCOM,6000.0,Groceries transaction #848,reimbursable
TXN100157,2025-10-18,Expense,Groceries,Groceries,₹5014.61,Net Banking,Credit Card A/C,Yes,Essential,Amazon,6000.0,Groceries transaction #157,reimbursable
TXN102118,2024-08-28,Expense,Entertainment,Events,2147.55,,Cash Wallet,No,Discretionary,Landlord,2500.0,Entertainment transaction #2118,one-time
TXN101161,2025-04-26,Expense,Food,Snacks,6937.44,,Credit Card A/C,No,Discretionary,Employer,8000.0,Food transaction #1161,
TXN101145,2025-12-17,Expense,Entertainment,Streaming,3594.43,Credit Card,Salary Account,No,Discretionary,Apollo Pharmacy,2500.0,Entertainment transaction #1145,
TXN101827,2025-10-13,Income,Bonus,,71672.19,Bank Transfer,Salary Account,No,,Swiggy,,Bonus transaction #1827,one-time
TXN101501,2024-08-12,Expense,Transport,Public Transit,2576.16,Cash,Cash Wallet,No,Discretionary,Local Store,4000.0,Transport transaction #1501,
TXN101387,2024-07-25,Expense,Entertainment,Events,5905.54,Net Banking,Credit Card A/C,No,Discretionary,Landlord,2500.0,Entertainment transaction #1387,reimbursable
TXN100180,2025-02-10,Expense,Rent,Housing,123.67,Net Banking,Primary Savings,Yes,Essential,Uber,15000.0,Rent transaction #180,reimbursable
TXN100349,2024-05-17,Expense,Food,Snacks,4448.15,Cash,Cash Wallet,Yes,Discretionary,,8000.0,Food transaction #349,
TXN102299,2024-05-26,Expense,Food,Dining Out,6018.02,Cash,Cash Wallet,Yes,Discretionary,Employer,8000.0,Food transaction #2299,review
TXN100683,2025-06-13,Expense,food,Dining Out,7856.46,Credit Card,Cash Wallet,Yes,Discretionary,Local Store,,food transaction #683,review
TXN101956,2024-08-06,Expense,Rent,Housing,1016.26,Net Banking,Primary Savings,Yes,Essential,Local Store,15000.0,Rent transaction #1956,reimbursable
TXN102333,2025-11-21,Expense,Subscriptions,SaaS Tools,3698.2,Credit Card,Salary Account,Yes,Discretionary,Swiggy,1500.0,Subscriptions transaction #2333,
TXN101003,2024-10-21,Expense,Education,Books,5767.8,Net Banking,Credit Card A/C,Yes,Discretionary,Local Store,4000.0,Education transaction #1003,
TXN102121,2025-11-29,Income,Gift,,89880.4,Bank Transfer,Salary Account,No,,Local Store,,Gift transaction #2121,reimbursable
TXN100329,2024-01-20,Expense,Subscriptions,Streaming,224.21,Net Banking,Salary Account,Yes,Discretionary,Zomato,1500.0,Subscriptions transaction #329,
TXN101012,2024-12-09,Expense,Insurance,Health,7789.33,Net Banking,Primary Savings,Yes,Essential,Swiggy,2000.0,Insurance transaction #1012,
TXN100344,2024-03-31,Expense,Healthcare,Doctor Visit,4004.12,,Primary Savings,Yes,Essential,Local Store,3000.0,Healthcare transaction #344,
TXN100259,2025-07-04,Expense,Utilities,Electricity,4114.87,Credit Card,Salary Account,No,Essential,Local Store,3000.0,Utilities transaction #259,review
TXN101466,2025-07-19,Expense,Education,Courses,1519.39,UPI,Primary Savings,Yes,Discretionary,Uber,4000.0,Education transaction #1466,
TXN100218,2025-01-03,Expense,food,Groceries,₹3476.29,Net Banking,Cash Wallet,Yes,Discretionary,Amazon,,food transaction #218,reimbursable
TXN100468,2025-01-03,Expense,Food,Dining Out,5212.82,Credit Card,Cash Wallet,Yes,Discretionary,Uber,8000.0,Food transaction #468,
TXN101739,,Expense,Shopping,Home Goods,₹7678.89,Net Banking,Salary Account,Yes,Discretionary,Local Store,5000.0,Shopping transaction #1739,
TXN101948,2025-02-28,Income,Salary,,81923.83,Bank Transfer,Salary Account,Yes,,Employer,,Salary transaction #1948,
TXN101261,2024-09-03,Expense,Insurance,Vehicle,6046.66,UPI,Primary Savings,Yes,Essential,Zomato,2000.0,Insurance transaction #1261,
TXN102381,2025-11-14,Expense,Subscriptions,Streaming,3992.49,Net Banking,Salary Account,Yes,Discretionary,Landlord,1500.0,Subscriptions transaction #2381,
TXN100372,2025-07-12,Expense,Insurance,Life,7101.48,,Credit Card A/C,Yes,Essential,Amazon,2000.0,Insurance transaction #372,
TXN100294,2025-10-28,Expense,Transport,Fuel,6403.6,UPI,Credit Card A/C,Yes,Discretionary,Uber,4000.0,Transport transaction #294,
TXN100790,2025-02-11,Expense,Food,Groceries,62.55,UPI,Cash Wallet,No,Discretionary,Freelance Client,8000.0,Food transaction #790,
TXN101411,2024-06-21,Expense,Groceries,Groceries,183.92,Credit Card,Salary Account,Yes,Essential,,6000.0,Groceries transaction #1411,reimbursable
TXN102283,2024-10-19,Expense,Entertainment,Events,1776.7,,Salary Account,Yes,Discretionary,Local Store,2500.0,Entertainment transaction #2283,reimbursable
TXN100969,2025-11-22,Expense,Rent,Housing,5767.18,UPI,Cash Wallet,Yes,Essential,Employer,15000.0,Rent transaction #969,
TXN100665,2024-06-24,Expense,Healthcare,Insurance Premium,5278.85,,Cash Wallet,No,Essential,Employer,3000.0,Healthcare transaction #665,review
TXN102369,2024-09-17,Expense,food,Dining Out,3461.64,Net Banking,Cash Wallet,No,Discretionary,Landlord,,food transaction #2369,
TXN101636,2025-05-29,Expense,Utilities,Internet,6441.05,Net Banking,Cash Wallet,Yes,Essential,,3000.0,Utilities transaction #1636,
TXN102423,2025-05-17,Income,Investment,,58239.97,Bank Transfer,Salary Account,No,,Local Store,,Investment transaction #2423,
TXN100316,2025-04-22,Expense,Education,Tuition,863.38,Net Banking,Credit Card A/C,No,Discretionary,Netflix,4000.0,Education transaction #316,
TXN101549,2025-04-19,Expense,Healthcare,Pharmacy,3175.0,Credit Card,Primary Savings,No,Essential,Netflix,3000.0,Healthcare transaction #1549,one-time
TXN100270,2024-08-31,Expense,Food,Groceries,789.56,Credit Card,Cash Wallet,No,Discretionary,Apollo Pharmacy,8000.0,Food transaction #270,
TXN101305,2025-07-15,Expense,Education,Tuition,1791.62,Debit Card,Cash Wallet,Yes,Discretionary,BESCOM,4000.0,Education transaction #1305,review
TXN101846,2024-04-03,Expense,food,Snacks,1932.79,,Salary Account,No,Discretionary,Apollo Pharmacy,,food transaction #1846,reimbursable
TXN100953,2025-11-10,Expense,Entertainment,Streaming,2853.38,,Credit Card A/C,No,Discretionary,Zomato,2500.0,Entertainment transaction #953,review
TXN101246,2024-10-14,Expense,Transport,Fuel,1215.84,Cash,Primary Savings,Yes,Discretionary,Swiggy,4000.0,Transport transaction #1246,one-time
TXN101742,2024-05-28,Expense,Transport,Public Transit,1175.99,Credit Card,Primary Savings,Yes,Discretionary,Employer,4000.0,Transport transaction #1742,
TXN102311,2025-01-13,Expense,food,Snacks,3024.89,,Primary Savings,Yes,Discretionary,Zomato,,food transaction #2311,
TXN100472,2025-12-03,Expense,Transport,Public Transit,7765.77,Net Banking,Credit Card A/C,No,Discretionary,Landlord,4000.0,Transport transaction #472,reimbursable
TXN101265,2024-11-28,Expense,Shopping,Electronics,3741.92,Credit Card,Salary Account,No,Discretionary,Local Store,5000.0,Shopping transaction #1265,
TXN102035,2025-09-15,Expense,Food,Groceries,7399.8,Credit Card,Primary Savings,Yes,Discretionary,Landlord,8000.0,Food transaction #2035,one-time
TXN100861,2024-02-28,Expense,Food,Dining Out,7723.56,Credit Card,Credit Card A/C,Yes,Discretionary,Landlord,8000.0,Food transaction #861,reimbursable
TXN100944,2024-09-28,Income,Gift,,25884.67,Bank Transfer,Salary Account,No,,Local Store,,Gift transaction #944,one-time
TXN101965,2024-05-17,Expense,Entertainment,Events,832.78,Debit Card,Credit Card A/C,Yes,Discretionary,Local Store,2500.0,Entertainment transaction #1965,review
TXN100185,2025-12-21,Expense,Subscriptions,Streaming,7528.05,Debit Card,Salary Account,Yes,Discretionary,BESCOM,1500.0,Subscriptions transaction #185,one-time
TXN101542,2025-04-19,Expense,Education,Courses,3262.0,,Primary Savings,No,Discretionary,Swiggy,4000.0,Education transaction #1542,one-time
TXN101108,2025-07-04,Income,Gift,,₹86417.34,Bank Transfer,Salary Account,No,,Zomato,,Gift transaction #1108,
TXN102202,2025-04-22,Expense,Entertainment,Movies,7005.05,UPI,Credit Card A/C,Yes,Discretionary,Employer,2500.0,Entertainment transaction #2202,one-time
TXN101881,2024-04-14,Expense,Utilities,Internet,972.67,Net Banking,Salary Account,No,Essential,BESCOM,3000.0,Utilities transaction #1881,reimbursable
TXN101958,,Expense,Rent,Housing,5899.61,Cash,Credit Card A/C,Yes,Essential,Swiggy,15000.0,Rent transaction #1958,
TXN101946,2025-08-31,Expense,Groceries,Groceries,6470.32,UPI,Primary Savings,Yes,Essential,Netflix,6000.0,Groceries transaction #1946,
TXN101088,2025-02-13,Expense,Utilities,Internet,3425.51,Cash,Primary Savings,No,Essential,Apollo Pharmacy,3000.0,Utilities transaction #1088,
TXN101343,2024-01-24,Expense,Utilities,Electricity,3957.58,Net Banking,Credit Card A/C,No,Essential,Amazon,3000.0,Utilities transaction #1343,one-time
TXN101559,2024-05-28,Expense,Insurance,Life,968.7,Credit Card,Primary Savings,Yes,Essential,Freelance Client,2000.0,Insurance transaction #1559,one-time
TXN101527,2025-06-18,Expense,Entertainment,Events,6357.94,UPI,Credit Card A/C,Yes,Discretionary,Local Store,2500.0,Entertainment transaction #1527,one-time
TXN101170,2024-06-14,Expense,Food,Snacks,6868.56,Credit Card,Cash Wallet,No,Discretionary,BESCOM,8000.0,Food transaction #1170,one-time
TXN102338,2025-05-18,Expense,Groceries,Groceries,4585.12,Cash,Primary Savings,No,Essential,Local Store,6000.0,Groceries transaction #2338,reimbursable
TXN102016,2025-03-30,Income,Bonus,,47895.13,Bank Transfer,Salary Account,No,,Netflix,,Bonus transaction #2016,
TXN101494,2024-11-25,Income,Bonus,,74155.8,Bank Transfer,Salary Account,No,,Freelance Client,,Bonus transaction #1494,one-time
TXN100833,2025-12-24,Expense,Healthcare,Doctor Visit,4042.72,Debit Card,Cash Wallet,Yes,Essential,Netflix,3000.0,Healthcare transaction #833,
TXN101263,2025-12-15,Expense,Insurance,Life,5830.83,Debit Card,Cash Wallet,Yes,Essential,Uber,2000.0,Insurance transaction #1263,one-time
TXN100925,2024-10-14,Expense,food,Snacks,4721.25,Credit Card,Salary Account,No,Discretionary,Local Store,,food transaction #925,review
TXN101150,,Expense,food,Groceries,2751.49,Net Banking,Cash Wallet,Yes,Discretionary,Local Store,,food transaction #1150,one-time
TXN101564,2024-06-02,Expense,Utilities,Electricity,2311.38,Net Banking,Cash Wallet,Yes,Essential,Uber,3000.0,Utilities transaction #1564,
TXN102156,,Expense,food,Dining Out,4823.69,Credit Card,Credit Card A/C,No,Discretionary,Employer,,food transaction #2156,
TXN101435,2025-12-04,Expense,Subscriptions,Streaming,1314.6,Cash,Primary Savings,Yes,Discretionary,Swiggy,1500.0,Subscriptions transaction #1435,review
TXN101061,2024-04-03,Expense,Groceries,Groceries,3829.94,UPI,Credit Card A/C,Yes,Essential,Amazon,6000.0,Groceries transaction #1061,one-time
TXN100909,2025-03-22,Expense,Insurance,Vehicle,5091.15,,Primary Savings,Yes,Essential,Zomato,2000.0,Insurance transaction #909,review
TXN100749,2025-02-11,Expense,Subscriptions,Memberships,1908.1,Net Banking,Cash Wallet,Yes,Discretionary,,1500.0,Subscriptions transaction #749,
TXN101591,2025-08-24,Expense,Insurance,Vehicle,6571.77,UPI,Cash Wallet,Yes,Essential,Netflix,2000.0,Insurance transaction #1591,
TXN100736,2024-09-08,Expense,Food,Groceries,7289.66,UPI,Salary Account,No,Discretionary,Freelance Client,8000.0,Food transaction #736,
TXN101964,2024-05-05,Expense,Transport,Public Transit,5968.46,UPI,Salary Account,Yes,Discretionary,Apollo Pharmacy,4000.0,Transport transaction #1964,
TXN102303,2025-11-02,Income,Salary,,34252.83,Bank Transfer,Salary Account,Yes,,Employer,,Salary transaction #2303,
TXN100981,2025-10-14,Expense,Transport,Fuel,3528.24,Debit Card,Salary Account,Yes,Discretionary,,4000.0,Transport transaction #981,
TXN101940,2024-03-31,Expense,food,Snacks,3969.81,Credit Card,Primary Savings,Yes,Discretionary,Apollo Pharmacy,,food transaction #1940,one-time
TXN102132,2025-06-02,Expense,Healthcare,Doctor Visit,4574.94,UPI,Cash Wallet,Yes,Essential,Amazon,3000.0,Healthcare transaction #2132,one-time
TXN101597,2024-06-30,Expense,Insurance,Vehicle,1831.84,,Cash Wallet,Yes,Essential,Uber,2000.0,Insurance transaction #1597,reimbursable
TXN100659,2025-04-19,Expense,Insurance,Vehicle,7448.81,Net Banking,Primary Savings,Yes,Essential,Netflix,2000.0,Insurance transaction #659,one-time
TXN100551,2024-06-21,Expense,Education,Courses,7409.12,UPI,Salary Account,Yes,Discretionary,Freelance Client,4000.0,Education transaction #551,
TXN100310,2024-04-01,Expense,Transport,Cab,6087.97,Debit Card,Primary Savings,Yes,Discretionary,Zomato,4000.0,Transport transaction #310,
TXN101166,2024-05-11,Expense,Education,Books,5364.03,UPI,Cash Wallet,No,Discretionary,,4000.0,Education transaction #1166,
TXN101242,2025-02-15,Expense,,,3319.75,Cash,Salary Account,Yes,Discretionary,Apollo Pharmacy,,Misc transaction #1242,reimbursable
TXN100287,2024-12-14,Expense,,,2622.53,UPI,Salary Account,Yes,Discretionary,Zomato,,Misc transaction #287,
TXN101818,2024-08-07,Expense,Shopping,Home Goods,2722.97,UPI,Cash Wallet,Yes,Discretionary,Local Store,5000.0,Shopping transaction #1818,reimbursable
TXN101324,2025-11-14,Income,Gift,,30178.18,Bank Transfer,Salary Account,No,,Zomato,,Gift transaction #1324,
TXN100732,2024-12-05,Expense,Groceries,Groceries,3378.63,Credit Card,Primary Savings,No,Essential,Amazon,6000.0,Groceries transaction #732,review
TXN101610,2025-12-06,Expense,food,Dining Out,2126.69,Debit Card,Primary Savings,Yes,Discretionary,Zomato,,food transaction #1610,review
TXN101459,2025-11-30,Expense,Transport,Public Transit,722.62,Cash,Credit Card A/C,No,Discretionary,Netflix,4000.0,Transport transaction #1459,reimbursable
TXN101807,2024-11-01,Expense,food,Snacks,2647.4,Net Banking,Primary Savings,No,Discretionary,Netflix,,food transaction #1807,review
TXN102397,2024-03-18,Expense,Healthcare,Pharmacy,3509.44,Cash,Primary Savings,Yes,Essential,Uber,3000.0,Healthcare transaction #2397,one-time
TXN101448,2025-05-17,Expense,,,1447.01,Debit Card,Primary Savings,No,Discretionary,Local Store,,Misc transaction #1448,one-time
TXN100966,,Expense,Entertainment,Movies,7204.3,Debit Card,Primary Savings,No,Discretionary,Swiggy,2500.0,Entertainment transaction #966,reimbursable
TXN100315,2024-06-26,Expense,Food,Groceries,6450.43,Debit Card,Credit Card A/C,No,Discretionary,Local Store,8000.0,Food transaction #315,
TXN100911,2025-03-06,Expense,,,3079.58,Credit Card,Cash Wallet,Yes,Discretionary,Uber,,Misc transaction #911,one-time
TXN100071,2024-11-10,Expense,Groceries,Groceries,3776.15,Debit Card,Cash Wallet,No,Essential,Landlord,6000.0,Groceries transaction #71,reimbursable
TXN100308,2025-02-09,Expense,Entertainment,Events,5978.71,Debit Card,Credit Card A/C,Yes,Discretionary,Uber,2500.0,Entertainment transaction #308,
TXN102251,2024-08-01,Expense,,,7097.78,Credit Card,Cash Wallet,Yes,Discretionary,Apollo Pharmacy,,Misc transaction #2251,review
TXN102177,2025-01-11,Expense,Education,Courses,656.98,UPI,Credit Card A/C,No,Discretionary,Amazon,4000.0,Education transaction #2177,
TXN100541,2024-01-01,Expense,Insurance,Health,5615.44,Cash,Primary Savings,Yes,Essential,Landlord,2000.0,Insurance transaction #541,one-time
TXN101550,2025-09-17,Expense,food,Groceries,4848.68,Net Banking,Cash Wallet,Yes,Discretionary,Swiggy,,food transaction #1550,
TXN101008,2025-11-02,Income,Salary,,65822.06,Bank Transfer,Salary Account,Yes,,Employer,,Salary transaction #1008,one-time
TXN102295,2025-02-01,Expense,Rent,Housing,₹1512.71,Cash,Salary Account,Yes,Essential,Uber,15000.0,Rent transaction #2295,
TXN101792,2024-02-06,Expense,Transport,Public Transit,873.37,Net Banking,Credit Card A/C,No,Discretionary,Swiggy,4000.0,Transport transaction #1792,
TXN100691,2025-08-19,Expense,,,₹829.0,,Cash Wallet,No,Discretionary,Zomato,,Misc transaction #691,
TXN100914,2025-07-23,Expense,Transport,Public Transit,6636.97,Net Banking,Cash Wallet,Yes,Discretionary,Freelance Client,4000.0,Transport transaction #914,one-time
TXN102478,2025-11-01,Expense,Entertainment,Movies,1483.33,Credit Card,Salary Account,No,Discretionary,Local Store,2500.0,Entertainment transaction #2478,review
TXN101256,2025-10-08,Expense,,,4919.89,UPI,Salary Account,Yes,Discretionary,,,Misc transaction #1256,review
TXN100334,2025-05-07,Expense,Food,Groceries,7259.7,Net Banking,Cash Wallet,Yes,Discretionary,Zomato,8000.0,Food transaction #334,review
TXN100123,2024-03-19,Expense,food,Snacks,3106.64,Net Banking,Primary Savings,No,Discretionary,Employer,,food transaction #123,one-time
TXN101749,2024-12-16,Expense,Utilities,Electricity,5380.68,Net Banking,Cash Wallet,Yes,Essential,Employer,3000.0,Utilities transaction #1749,
TXN102189,2024-04-11,Expense,,,2223.99,Cash,Cash Wallet,Yes,Discretionary,,,Misc transaction #2189,
TXN100200,2024-09-18,Expense,Insurance,Life,6784.71,UPI,Salary Account,Yes,Essential,Amazon,2000.0,Insurance transaction #200,reimbursable
TXN100599,2025-08-30,Income,Salary,,₹83597.05,Bank Transfer,Salary Account,Yes,,Employer,,Salary transaction #599,
TXN101697,2025-06-18,Expense,Healthcare,Insurance Premium,75622.95,UPI,Cash Wallet,Yes,Essential,Zomato,3000.0,Healthcare transaction #1697,
TXN100977,2025-04-28,Expense,Rent,Housing,2626.41,Net Banking,Credit Card A/C,Yes,Essential,Employer,15000.0,Rent transaction #977,
TXN100756,2025-02-02,Expense,Transport,Fuel,2512.57,,Cash Wallet,Yes,Discretionary,Employer,4000.0,Transport transaction #756,
TXN101026,2024-02-12,Expense,Subscriptions,Memberships,4177.12,Net Banking,Credit Card A/C,Yes,Discretionary,Zomato,1500.0,Subscriptions transaction #1026,
TXN102037,2024-09-10,Expense,Shopping,Home Goods,1729.63,Cash,Cash Wallet,No,Discretionary,Freelance Client,5000.0,Shopping transaction #2037,one-time
TXN101130,2025-09-15,Expense,Utilities,Electricity,5880.03,UPI,Salary Account,No,Essential,Amazon,3000.0,Utilities transaction #1130,reimbursable
TXN101589,2025-11-07,Expense,Food,Snacks,5040.77,UPI,Primary Savings,Yes,Discretionary,Uber,8000.0,Food transaction #1589,reimbursable
TXN102140,2024-05-24,Expense,Rent,Housing,5161.53,,Cash Wallet,Yes,Essential,Amazon,15000.0,Rent transaction #2140,
TXN100920,2024-07-31,Expense,Healthcare,Pharmacy,3917.81,,Primary Savings,Yes,Essential,Freelance Client,3000.0,Healthcare transaction #920,review
TXN100557,2024-12-08,Expense,,,880.15,UPI,Salary Account,Yes,Discretionary,Amazon,,Misc transaction #557,
TXN100856,2024-02-16,Expense,Food,Snacks,6525.54,Cash,Primary Savings,Yes,Discretionary,Apollo Pharmacy,8000.0,Food transaction #856,one-time
TXN100488,2024-03-22,Expense,Food,Groceries,2261.0,,Salary Account,Yes,Discretionary,Swiggy,8000.0,Food transaction #488,
TXN102206,2024-02-24,Expense,Education,Tuition,₹1185.16,Cash,Salary Account,Yes,Discretionary,,4000.0,Education transaction #2206,
TXN101545,2025-03-26,Expense,Insurance,Health,3684.48,Credit Card,Salary Account,Yes,Essential,Apollo Pharmacy,2000.0,Insurance transaction #1545,reimbursable
TXN101104,2025-04-16,Expense,Insurance,Vehicle,3142.86,Net Banking,Primary Savings,Yes,Essential,Uber,2000.0,Insurance transaction #1104,one-time
TXN101090,2024-02-15,Expense,Shopping,Clothing,5249.66,Cash,Salary Account,No,Discretionary,Netflix,5000.0,Shopping transaction #1090,
TXN101181,2024-07-29,Expense,Insurance,Health,135.61,UPI,Credit Card A/C,Yes,Essential,Landlord,2000.0,Insurance transaction #1181,one-time
TXN102485,2025-03-08,Expense,Food,Dining Out,₹3875.37,Credit Card,Cash Wallet,Yes,Discretionary,Swiggy,8000.0,Food transaction #2485,
TXN101395,2025-03-12,Expense,Rent,Housing,7457.34,Debit Card,Primary Savings,Yes,Essential,Zomato,15000.0,Rent transaction #1395,
TXN100036,2024-12-05,Expense,food,Dining Out,7702.15,Debit Card,Primary Savings,Yes,Discretionary,Employer,,food transaction #36,
TXN101176,2025-01-18,Expense,Insurance,Life,6878.58,Credit Card,Salary Account,Yes,Essential,Landlord,2000.0,Insurance transaction #1176,
TXN101123,2025-08-04,Expense,Healthcare,Insurance Premium,2394.29,,Salary Account,Yes,Essential,Employer,3000.0,Healthcare transaction #1123,review
TXN100510,2025-04-24,Income,Investment,,67913.46,Bank Transfer,Salary Account,No,,,,Investment transaction #510,
TXN102006,2025-09-11,Expense,Entertainment,Events,6886.76,Credit Card,Primary Savings,Yes,Discretionary,,2500.0,Entertainment transaction #2006,review
TXN102484,2024-01-18,Expense,Groceries,Groceries,1354.37,Credit Card,Salary Account,Yes,Essential,,6000.0,Groceries transaction #2484,one-time
TXN100994,2024-03-19,Income,Bonus,,32641.54,Bank Transfer,Salary Account,No,,Amazon,,Bonus transaction #994,
TXN101795,2025-12-02,Expense,Groceries,Groceries,1579.24,Credit Card,Primary Savings,Yes,Essential,BESCOM,6000.0,Groceries transaction #1795,one-time
TXN100526,2025-04-25,Expense,Healthcare,Insurance Premium,3397.08,Debit Card,Credit Card A/C,Yes,Essential,Amazon,3000.0,Healthcare transaction #526,
TXN101699,2025-06-13,Income,Salary,,72528.87,Bank Transfer,Salary Account,Yes,,Employer,,Salary transaction #1699,one-time
TXN101521,2024-07-09,Expense,Insurance,Life,5927.92,Debit Card,Cash Wallet,Yes,Essential,BESCOM,2000.0,Insurance transaction #1521,reimbursable
TXN101092,2024-01-13,Expense,Rent,Housing,142.13,,Cash Wallet,Yes,Essential,Local Store,15000.0,Rent transaction #1092,
TXN100102,2025-08-25,Expense,Rent,Housing,₹5946.66,Net Banking,Primary Savings,Yes,Essential,,15000.0,Rent transaction #102,
TXN102383,2024-12-18,Expense,Entertainment,Events,3657.36,UPI,Cash Wallet,Yes,Discretionary,Apollo Pharmacy,2500.0,Entertainment transaction #2383,one-time
TXN101025,2024-04-09,Expense,Healthcare,Doctor Visit,4165.54,Net Banking,Cash Wallet,No,Essential,Uber,3000.0,Healthcare transaction #1025,
TXN101056,,Expense,Subscriptions,SaaS Tools,79141.21,Credit Card,Cash Wallet,Yes,Discretionary,Zomato,1500.0,Subscriptions transaction #1056,review
TXN100770,2024-08-13,Income,Investment,,₹65496.15,Bank Transfer,Salary Account,No,,Uber,,Investment transaction #770,one-time
TXN101297,2024-02-08,Expense,Healthcare,Doctor Visit,155.49,UPI,Primary Savings,No,Essential,,3000.0,Healthcare transaction #1297,
TXN101747,2025-11-10,Expense,Groceries,Groceries,3119.62,Debit Card,Credit Card A/C,No,Essential,Amazon,6000.0,Groceries transaction #1747,
TXN101467,2025-09-03,Expense,Food,Groceries,2704.12,,Cash Wallet,No,Discretionary,,8000.0,Food transaction #1467,
TXN102360,2024-12-25,Expense,Education,Tuition,5203.88,Debit Card,Cash Wallet,Yes,Discretionary,Amazon,4000.0,Education transaction #2360,
TXN101528,2024-04-20,Expense,Entertainment,Movies,5845.01,Debit Card,Salary Account,No,Discretionary,Apollo Pharmacy,2500.0,Entertainment transaction #1528,
TXN100695,2024-05-01,Expense,Shopping,Clothing,4595.53,UPI,Salary Account,Yes,Discretionary,Uber,5000.0,Shopping transaction #695,
TXN102225,2024-04-13,Expense,,,₹1614.04,Cash,Primary Savings,Yes,Discretionary,BESCOM,,Misc transaction #2225,one-time
TXN101317,2024-04-13,Expense,Rent,Housing,2965.07,,Cash Wallet,Yes,Essential,Amazon,15000.0,Rent transaction #1317,
TXN100272,2024-08-30,Expense,Entertainment,Streaming,₹5896.06,Debit Card,Cash Wallet,No,Discretionary,BESCOM,2500.0,Entertainment transaction #272,reimbursable
TXN102275,2025-10-17,Expense,,,3125.66,UPI,Credit Card A/C,Yes,Discretionary,Swiggy,,Misc transaction #2275,review
TXN100753,2025-01-30,Expense,food,Dining Out,3639.71,Debit Card,Primary Savings,Yes,Discretionary,Zomato,,food transaction #753,review
TXN101658,,Expense,Food,Dining Out,4071.09,UPI,Salary Account,Yes,Discretionary,Uber,8000.0,Food transaction #1658,reimbursable
TXN100166,2025-07-25,Expense,,,4839.58,Cash,Primary Savings,Yes,Discretionary,Amazon,,Misc transaction #166,one-time
TXN101230,2025-01-24,Expense,Utilities,Internet,1512.51,Credit Card,Credit Card A/C,No,Essential,Amazon,3000.0,Utilities transaction #1230,
TXN101156,2025-01-24,Expense,food,Groceries,4078.29,Net Banking,Primary Savings,Yes,Discretionary,BESCOM,,food transaction #1156,reimbursable
TXN101066,2025-03-28,Expense,Transport,Fuel,2661.19,Debit Card,Credit Card A/C,Yes,Discretionary,Employer,4000.0,Transport transaction #1066,review
TXN101171,2024-04-30,Expense,Insurance,Vehicle,2731.17,Credit Card,Credit Card A/C,Yes,Essential,Uber,2000.0,Insurance transaction #1171,reimbursable
TXN100993,2024-12-17,Expense,Food,Groceries,4729.51,Credit Card,Cash Wallet,Yes,Discretionary,Amazon,8000.0,Food transaction #993,
TXN101116,2025-09-10,Expense,Rent,Housing,7701.67,UPI,Primary Savings,Yes,Essential,Freelance Client,15000.0,Rent transaction #1116,one-time
TXN100663,2024-07-02,Expense,Shopping,Clothing,7020.21,Debit Card,Credit Card A/C,No,Discretionary,Freelance Client,5000.0,Shopping transaction #663,
TXN101209,2024-01-13,Income,Bonus,,41438.47,Bank Transfer,Salary Account,No,,Employer,,Bonus transaction #1209,
TXN101927,2025-07-18,Expense,food,Snacks,3378.45,UPI,Salary Account,No,Discretionary,Uber,,food transaction #1927,one-time
TXN101247,2024-06-23,Expense,Groceries,Groceries,4699.89,Credit Card,Cash Wallet,Yes,Essential,Apollo Pharmacy,6000.0,Groceries transaction #1247,
TXN101221,2024-06-08,Income,Freelance,,63523.46,Bank Transfer,Salary Account,No,,Netflix,,Freelance transaction #1221,reimbursable
TXN102123,2025-09-28,Expense,Rent,Housing,6946.36,,Salary Account,Yes,Essential,Amazon,15000.0,Rent transaction #2123,
TXN101816,2024-12-29,Expense,Rent,Housing,4946.76,,Primary Savings,Yes,Essential,Amazon,15000.0,Rent transaction #1816,one-time
TXN101890,2025-05-21,Expense,Subscriptions,SaaS Tools,1759.98,Debit Card,Credit Card A/C,Yes,Discretionary,BESCOM,1500.0,Subscriptions transaction #1890,
TXN101716,2025-09-29,Expense,Rent,Housing,7264.15,,Primary Savings,Yes,Essential,Freelance Client,15000.0,Rent transaction #1716,
TXN100537,2025-08-02,Expense,Rent,Housing,2064.02,Cash,Primary Savings,Yes,Essential,Freelance Client,15000.0,Rent transaction #537,one-time
TXN101426,2025-02-15,Expense,Groceries,Groceries,3801.24,Credit Card,Salary Account,No,Essential,Amazon,6000.0,Groceries transaction #1426,
TXN101441,2024-02-21,Expense,Groceries,Groceries,4440.6,Debit Card,Primary Savings,No,Essential,Netflix,6000.0,Groceries transaction #1441,
TXN100215,2024-03-21,Expense,Entertainment,Movies,₹1895.54,UPI,Credit Card A/C,No,Discretionary,Uber,2500.0,Entertainment transaction #215,one-time
TXN101587,,Expense,Transport,Public Transit,4147.34,Net Banking,Credit Card A/C,Yes,Discretionary,Employer,4000.0,Transport transaction #1587,review
TXN100809,2025-10-08,Expense,Healthcare,Doctor Visit,3044.83,Debit Card,Salary Account,Yes,Essential,,3000.0,Healthcare transaction #809,review
TXN102440,2024-11-08,Income,Freelance,,65243.75,Bank Transfer,Salary Account,No,,,,Freelance transaction #2440,review
TXN101797,2025-09-20,Expense,,,2827.42,Net Banking,Credit Card A/C,Yes,Discretionary,Freelance Client,,Misc transaction #1797,review
TXN101632,2024-08-23,Expense,Education,Tuition,₹2170.78,Credit Card,Credit Card A/C,Yes,Discretionary,Netflix,4000.0,Education transaction #1632,review
TXN101594,2024-04-03,Expense,Insurance,Life,4111.64,Cash,Credit Card A/C,Yes,Essential,Swiggy,2000.0,Insurance transaction #1594,reimbursable
TXN100459,2025-06-20,Income,Gift,,59543.9,Bank Transfer,Salary Account,No,,Uber,,Gift transaction #459,
TXN102352,2024-08-26,Expense,Shopping,Home Goods,5198.73,,Primary Savings,No,Discretionary,Apollo Pharmacy,5000.0,Shopping transaction #2352,
TXN102003,2024-05-03,Expense,,,85.85,Net Banking,Salary Account,No,Discretionary,Uber,,Misc transaction #2003,
TXN100542,2025-03-22,Expense,Subscriptions,Streaming,76.29,,Cash Wallet,Yes,Discretionary,Zomato,1500.0,Subscriptions transaction #542,
TXN101530,2024-12-28,Expense,Shopping,Home Goods,7980.87,,Cash Wallet,Yes,Discretionary,Employer,5000.0,Shopping transaction #1530,one-time
TXN100269,2024-12-20,Expense,Subscriptions,Streaming,61.62,,Cash Wallet,Yes,Discretionary,,1500.0,Subscriptions transaction #269,reimbursable
TXN100256,2025-10-23,Income,Freelance,,54642.14,Bank Transfer,Salary Account,No,,Zomato,,Freelance transaction #256,
TXN100370,2025-09-25,Income,Gift,,23186.18,Bank Transfer,Salary Account,No,,Zomato,,Gift transaction #370,
TXN100080,2025-05-16,Expense,Healthcare,Insurance Premium,2692.9,Net Banking,Cash Wallet,No,Essential,Uber,3000.0,Healthcare transaction #80,
TXN100868,2024-03-28,Expense,Healthcare,Insurance Premium,6532.95,Debit Card,Credit Card A/C,No,Essential,Swiggy,3000.0,Healthcare transaction #868,
TXN100496,2024-01-07,Income,Investment,,43895.31,Bank Transfer,Salary Account,No,,,,Investment transaction #496,
TXN101702,2025-09-21,Expense,Rent,Housing,7566.84,UPI,Credit Card A/C,Yes,Essential,Zomato,15000.0,Rent transaction #1702,
TXN100627,,Expense,Utilities,Electricity,6327.88,Debit Card,Salary Account,Yes,Essential,,3000.0,Utilities transaction #627,
TXN100996,2024-07-29,Expense,Subscriptions,SaaS Tools,6877.14,Cash,Credit Card A/C,Yes,Discretionary,Uber,1500.0,Subscriptions transaction #996,review
TXN100445,2025-07-21,Expense,Education,Courses,6564.38,Net Banking,Credit Card A/C,No,Discretionary,Amazon,4000.0,Education transaction #445,review
TXN100539,2024-09-28,Expense,food,Dining Out,1645.32,Cash,Salary Account,No,Discretionary,Zomato,,food transaction #539,
TXN100122,2025-08-28,Income,Gift,,25193.35,Bank Transfer,Salary Account,No,,Apollo Pharmacy,,Gift transaction #122,
TXN102318,2025-06-13,Expense,food,Groceries,3786.68,Cash,Cash Wallet,No,Discretionary,Employer,,food transaction #2318,review
TXN100840,2024-11-01,Expense,Food,Dining Out,1529.95,Debit Card,Primary Savings,Yes,Discretionary,Local Store,8000.0,Food transaction #840,reimbursable
TXN101332,2025-06-14,Expense,Utilities,Water,5373.99,Credit Card,Salary Account,No,Essential,BESCOM,3000.0,Utilities transaction #1332,reimbursable
TXN102261,2024-04-14,Expense,Subscriptions,SaaS Tools,663.75,Debit Card,Salary Account,Yes,Discretionary,Landlord,1500.0,Subscriptions transaction #2261,review
TXN101289,2025-06-08,Expense,Transport,Fuel,3130.24,UPI,Salary Account,Yes,Discretionary,Employer,4000.0,Transport transaction #1289,review
TXN102147,2025-06-20,Expense,Education,Books,6853.9,Debit Card,Primary Savings,No,Discretionary,Zomato,4000.0,Education transaction #2147,
TXN101218,2025-01-29,Expense,Education,Courses,5489.11,Cash,Salary Account,No,Discretionary,Freelance Client,4000.0,Education transaction #1218,
TXN101089,2024-08-15,Expense,Rent,Housing,2751.82,UPI,Cash Wallet,Yes,Essential,Zomato,15000.0,Rent transaction #1089,
TXN102120,2025-07-31,Expense,Food,Snacks,3936.51,Credit Card,Salary Account,Yes,Discretionary,,8000.0,Food transaction #2120,
TXN100432,2024-09-12,Expense,Subscriptions,Memberships,3057.95,Debit Card,Primary Savings,Yes,Discretionary,Local Store,1500.0,Subscriptions transaction #432,reimbursable
TXN100061,2024-12-18,Expense,Subscriptions,Memberships,5637.7,Debit Card,Credit Card A/C,Yes,Discretionary,Netflix,1500.0,Subscriptions transaction #61,
TXN101988,2025-07-30,Expense,Food,Groceries,5762.28,Cash,Cash Wallet,No,Discretionary,Swiggy,8000.0,Food transaction #1988,review
TXN100972,2025-11-04,Expense,Education,Tuition,1642.79,Cash,Credit Card A/C,No,Discretionary,Freelance Client,4000.0,Education transaction #972,
TXN101376,2025-11-26,Expense,Subscriptions,SaaS Tools,₹745.79,Credit Card,Credit Card A/C,Yes,Discretionary,Uber,1500.0,Subscriptions transaction #1376,
TXN100960,2024-02-24,Expense,Food,Dining Out,6681.17,UPI,Credit Card A/C,Yes,Discretionary,Uber,8000.0,Food transaction #960,reimbursable
TXN101599,2024-09-28,Expense,Shopping,Clothing,4118.02,Credit Card,Primary Savings,No,Discretionary,Amazon,5000.0,Shopping transaction #1599,one-time
TXN100143,2024-10-27,Expense,,,₹383.15,Debit Card,Cash Wallet,No,Discretionary,Netflix,,Misc transaction #143,
TXN102167,2025-07-11,Expense,Insurance,Life,6004.13,Cash,Primary Savings,Yes,Essential,Uber,2000.0,Insurance transaction #2167,reimbursable
TXN101344,2025-09-13,Expense,Rent,Housing,5606.48,Cash,Salary Account,Yes,Essential,Local Store,15000.0,Rent transaction #1344,one-time
TXN102287,2025-05-03,Expense,Shopping,Home Goods,₹5784.82,UPI,Salary Account,Yes,Discretionary,BESCOM,5000.0,Shopping transaction #2287,one-time
TXN101190,2024-02-18,Expense,Subscriptions,Memberships,6359.45,Credit Card,Credit Card A/C,Yes,Discretionary,,1500.0,Subscriptions transaction #1190,
TXN101966,2025-09-04,Expense,Transport,Public Transit,1270.39,Debit Card,Cash Wallet,No,Discretionary,Netflix,4000.0,Transport transaction #1966,
TXN100173,2025-11-28,Expense,Subscriptions,SaaS Tools,1578.5,Credit Card,Credit Card A/C,Yes,Discretionary,Landlord,1500.0,Subscriptions transaction #173,
TXN100502,2025-06-20,Expense,Entertainment,Movies,₹831.1,Net Banking,Salary Account,Yes,Discretionary,,2500.0,Entertainment transaction #502,reimbursable
TXN101820,2025-07-07,Expense,Subscriptions,Streaming,1535.34,,Primary Savings,Yes,Discretionary,Landlord,1500.0,Subscriptions transaction #1820,review
TXN102250,2024-08-14,Expense,Food,Dining Out,7923.75,,Credit Card A/C,No,Discretionary,Apollo Pharmacy,8000.0,Food transaction #2250,one-time
TXN101215,2025-08-11,Expense,Education,Books,5163.43,Debit Card,Credit Card A/C,Yes,Discretionary,Apollo Pharmacy,4000.0,Education transaction #1215,review
TXN100851,2024-11-07,Income,Salary,,67807.31,Bank Transfer,Salary Account,Yes,,Employer,,Salary transaction #851,
TXN100335,2024-04-13,Expense,Insurance,Life,₹7819.46,Debit Card,Cash Wallet,Yes,Essential,Amazon,2000.0,Insurance transaction #335,
TXN101512,2024-02-08,Expense,,,4861.07,,Salary Account,No,Discretionary,,,Misc transaction #1512,reimbursable
TXN100642,2024-10-21,Expense,Shopping,Clothing,1692.52,Credit Card,Credit Card A/C,Yes,Discretionary,Local Store,5000.0,Shopping transaction #642,
TXN100540,2025-09-20,Expense,Healthcare,Insurance Premium,327.14,UPI,Credit Card A/C,No,Essential,Amazon,3000.0,Healthcare transaction #540,review
TXN100787,2024-06-14,Income,Salary,,65107.82,Bank Transfer,Salary Account,Yes,,Employer,,Salary transaction #787,reimbursable
TXN101781,2024-07-28,Expense,Transport,Fuel,2066.43,Cash,Cash Wallet,Yes,Discretionary,,4000.0,Transport transaction #1781,one-time
TXN100681,2024-09-08,Expense,Healthcare,Doctor Visit,1411.53,Debit Card,Credit Card A/C,No,Essential,Uber,3000.0,Healthcare transaction #681,reimbursable
TXN101997,2024-08-24,Income,Investment,,72686.1,Bank Transfer,Salary Account,No,,Zomato,,Investment transaction #1997,one-time
TXN101027,2024-10-07,Expense,Transport,Fuel,7345.66,Net Banking,Primary Savings,Yes,Discretionary,Freelance Client,4000.0,Transport transaction #1027,reimbursable
TXN102405,2024-01-03,Income,Gift,,66027.38,Bank Transfer,Salary Account,No,,Swiggy,,Gift transaction #2405,
TXN102061,2024-03-01,Expense,Shopping,Home Goods,56.11,Debit Card,Salary Account,No,Discretionary,Uber,5000.0,Shopping transaction #2061,review
TXN100942,2024-07-11,Income,Bonus,,31493.74,Bank Transfer,Salary Account,No,,Netflix,,Bonus transaction #942,
TXN100006,2025-10-25,Income,Freelance,,57389.79,Bank Transfer,Salary Account,No,,BESCOM,,Freelance transaction #6,review
TXN101928,2024-04-27,Expense,Food,Dining Out,₹1791.55,Debit Card,Cash Wallet,No,Discretionary,Amazon,8000.0,Food transaction #1928,
TXN101678,2025-08-02,Expense,Food,Groceries,3370.56,,Primary Savings,Yes,Discretionary,Uber,8000.0,Food transaction #1678,review
TXN100242,2024-12-25,Expense,Groceries,Groceries,1156.92,Credit Card,Salary Account,Yes,Essential,Employer,6000.0,Groceries transaction #242,reimbursable
TXN101960,2024-08-15,Expense,Utilities,Internet,4051.94,Credit Card,Primary Savings,Yes,Essential,Netflix,3000.0,Utilities transaction #1960,reimbursable
TXN100568,2025-07-09,Expense,Transport,Public Transit,7052.74,,Primary Savings,No,Discretionary,Amazon,4000.0,Transport transaction #568,reimbursable
TXN101687,2024-02-15,Expense,Transport,Cab,5570.39,Credit Card,Salary Account,Yes,Discretionary,Employer,4000.0,Transport transaction #1687,review
TXN100826,2024-10-02,Expense,Subscriptions,Memberships,3008.53,,Salary Account,Yes,Discretionary,Local Store,1500.0,Subscriptions transaction #826,one-time
TXN101288,2025-09-14,Expense,Transport,Cab,3171.43,,Credit Card A/C,No,Discretionary,Amazon,4000.0,Transport transaction #1288,review
TXN100391,2025-09-05,Expense,Insurance,Life,5837.4,Debit Card,Primary Savings,Yes,Essential,BESCOM,2000.0,Insurance transaction #391,one-time
TXN101379,2024-12-12,Expense,Subscriptions,SaaS Tools,2902.08,Net Banking,Credit Card A/C,Yes,Discretionary,Netflix,1500.0,Subscriptions transaction #1379,one-time
TXN102437,2024-02-02,Expense,Subscriptions,Memberships,1447.94,UPI,Cash Wallet,Yes,Discretionary,Apollo Pharmacy,1500.0,Subscriptions transaction #2437,
TXN100619,2024-04-10,Expense,food,Snacks,2720.94,Net Banking,Credit Card A/C,Yes,Discretionary,Employer,,food transaction #619,
TXN101194,2024-04-02,Expense,Insurance,Health,1208.84,Debit Card,Credit Card A/C,Yes,Essential,Local Store,2000.0,Insurance transaction #1194,review
TXN100145,2024-07-10,Expense,Healthcare,Doctor Visit,4178.24,UPI,Cash Wallet,Yes,Essential,Local Store,3000.0,Healthcare transaction #145,reimbursable
TXN102105,2024-08-30,Expense,Rent,Housing,4886.06,Debit Card,Salary Account,Yes,Essential,,15000.0,Rent transaction #2105,
TXN101825,2024-06-03,Expense,Shopping,Electronics,6584.7,Net Banking,Cash Wallet,Yes,Discretionary,Employer,5000.0,Shopping transaction #1825,
TXN100288,2025-01-17,Expense,Insurance,Health,2725.66,Debit Card,Salary Account,Yes,Essential,Swiggy,2000.0,Insurance transaction #288,review
TXN100033,2025-02-26,Income,Investment,,74767.05,Bank Transfer,Salary Account,No,,Local Store,,Investment transaction #33,
TXN101778,2024-11-05,Expense,Entertainment,Movies,4315.66,Debit Card,Primary Savings,Yes,Discretionary,Swiggy,2500.0,Entertainment transaction #1778,
TXN102481,2025-05-29,Expense,Healthcare,Doctor Visit,658.18,,Credit Card A/C,No,Essential,Apollo Pharmacy,3000.0,Healthcare transaction #2481,review
TXN100559,2024-07-23,Expense,Transport,Fuel,3901.04,Cash,Salary Account,Yes,Discretionary,Employer,4000.0,Transport transaction #559,
TXN101415,2025-10-18,Expense,Insurance,Life,₹369.64,Credit Card,Primary Savings,Yes,Essential,,2000.0,Insurance transaction #1415,
TXN100058,2024-09-06,Expense,Groceries,Groceries,3979.74,Debit Card,Salary Account,No,Essential,BESCOM,6000.0,Groceries transaction #58,
TXN101735,2024-05-04,Expense,Groceries,Groceries,1275.69,Cash,Salary Account,Yes,Essential,Employer,6000.0,Groceries transaction #1735,review
TXN100220,2024-10-01,Expense,food,Groceries,3397.76,Cash,Primary Savings,No,Discretionary,Netflix,,food transaction #220,one-time
TXN100758,2025-05-17,Expense,Groceries,Groceries,2338.9,Cash,Credit Card A/C,No,Essential,Local Store,6000.0,Groceries transaction #758,
TXN102115,2024-11-10,Expense,Utilities,Electricity,7750.6,,Credit Card A/C,Yes,Essential,Zomato,3000.0,Utilities transaction #2115,one-time
TXN100231,2025-10-25,Income,Freelance,,85094.57,Bank Transfer,Salary Account,No,,,,Freelance transaction #231,
TXN101294,2025-01-16,Income,Bonus,,65753.82,Bank Transfer,Salary Account,No,,Netflix,,Bonus transaction #1294,
TXN101287,2025-08-18,Expense,Education,Courses,1260.43,UPI,Credit Card A/C,No,Discretionary,Landlord,4000.0,Education transaction #1287,
TXN100146,2024-10-27,Expense,food,Dining Out,2486.64,Net Banking,Cash Wallet,Yes,Discretionary,,,food transaction #146,review
TXN102133,2024-07-14,Expense,Insurance,Health,6361.19,Cash,Credit Card A/C,Yes,Essential,Local Store,2000.0,Insurance transaction #2133,one-time
TXN100648,2024-09-27,Expense,Shopping,Clothing,7956.79,Credit Card,Cash Wallet,Yes,Discretionary,BESCOM,5000.0,Shopping transaction #648,
TXN100535,2025-12-02,Expense,Transport,Public Transit,1584.98,UPI,Primary Savings,Yes,Discretionary,Employer,4000.0,Transport transaction #535,reimbursable
TXN101072,2024-10-09,Expense,Subscriptions,Memberships,5100.63,UPI,Credit Card A/C,Yes,Discretionary,Netflix,1500.0,Subscriptions transaction #1072,one-time
TXN100083,2025-02-23,Expense,Rent,Housing,₹7755.17,Debit Card,Cash Wallet,Yes,Essential,Freelance Client,15000.0,Rent transaction #83,review
TXN101970,2024-06-25,Expense,,,5497.75,Cash,Salary Account,No,Discretionary,Swiggy,,Misc transaction #1970,
TXN100807,2025-06-16,Expense,Groceries,Groceries,123.05,Cash,Credit Card A/C,Yes,Essential,Netflix,6000.0,Groceries transaction #807,one-time
TXN100243,2024-06-21,Expense,Subscriptions,SaaS Tools,2175.38,Net Banking,Primary Savings,Yes,Discretionary,Swiggy,1500.0,Subscriptions transaction #243,
TXN102020,2025-02-13,Income,Bonus,,78166.74,Bank Transfer,Salary Account,No,,Amazon,,Bonus transaction #2020,
TXN101913,2024-06-21,Income,Freelance,,33951.13,Bank Transfer,Salary Account,No,,,,Freelance transaction #1913,
TXN101896,2024-02-05,Income,Investment,,74560.3,Bank Transfer,Salary Account,No,,BESCOM,,Investment transaction #1896,review
TXN101074,2024-06-22,Expense,Transport,Public Transit,696.14,,Salary Account,No,Discretionary,Freelance Client,4000.0,Transport transaction #1074,
TXN100284,2025-08-12,Expense,,,7484.89,Credit Card,Salary Account,Yes,Discretionary,Employer,,Misc transaction #284,
TXN100181,2025-06-20,Expense,Rent,Housing,6480.07,Debit Card,Salary Account,Yes,Essential,,15000.0,Rent transaction #181,
TXN101167,2024-08-12,Expense,,,1843.14,UPI,Primary Savings,No,Discretionary,Netflix,,Misc transaction #1167,
TXN100008,2024-11-18,Expense,Healthcare,Doctor Visit,5160.67,Credit Card,Credit Card A/C,Yes,Essential,BESCOM,3000.0,Healthcare transaction #8,review
TXN100575,2025-11-12,Expense,Education,Books,4559.65,Debit Card,Salary Account,No,Discretionary,BESCOM,4000.0,Education transaction #575,
TXN100268,2025-09-29,Expense,Entertainment,Events,7982.41,Credit Card,Salary Account,Yes,Discretionary,Amazon,2500.0,Entertainment transaction #268,reimbursable
TXN102448,2024-09-30,Expense,Groceries,Groceries,7656.64,Credit Card,Cash Wallet,No,Essential,,6000.0,Groceries transaction #2448,one-time
TXN102040,2024-12-03,Expense,,,3128.33,Credit Card,Cash Wallet,Yes,Discretionary,Netflix,,Misc transaction #2040,reimbursable
TXN100454,2025-04-03,Expense,Food,Snacks,2311.63,UPI,Salary Account,No,Discretionary,Amazon,8000.0,Food transaction #454,
TXN101423,2024-11-13,Expense,Food,Groceries,7084.23,Credit Card,Credit Card A/C,No,Discretionary,BESCOM,8000.0,Food transaction #1423,reimbursable
TXN101307,2024-11-06,Expense,Education,Tuition,6525.23,UPI,Primary Savings,Yes,Discretionary,Netflix,4000.0,Education transaction #1307,review
TXN102241,2025-12-13,Expense,Insurance,Life,7516.73,Net Banking,Primary Savings,Yes,Essential,BESCOM,2000.0,Insurance transaction #2241,
TXN102331,2025-01-20,Expense,Groceries,Groceries,3220.15,Cash,Cash Wallet,No,Essential,Amazon,6000.0,Groceries transaction #2331,one-time
TXN101603,2024-09-11,Expense,,,5138.77,Credit Card,Salary Account,No,Discretionary,Zomato,,Misc transaction #1603,one-time
TXN101672,2025-01-26,Expense,,,₹7753.93,Debit Card,Cash Wallet,Yes,Discretionary,Landlord,,Misc transaction #1672,one-time
TXN101888,2024-01-24,Expense,Rent,Housing,₹2152.83,Credit Card,Primary Savings,Yes,Essential,Netflix,15000.0,Rent transaction #1888,
TXN101098,2024-05-28,Expense,Shopping,Electronics,₹3691.35,Net Banking,Salary Account,No,Discretionary,Amazon,5000.0,Shopping transaction #1098,
TXN100799,2025-05-02,Expense,Subscriptions,Streaming,2386.21,Credit Card,Salary Account,Yes,Discretionary,Landlord,1500.0,Subscriptions transaction #799,review
TXN102098,2024-05-30,Income,Freelance,,62043.38,Bank Transfer,Salary Account,No,,Apollo Pharmacy,,Freelance transaction #2098,
TXN102490,2025-01-10,Income,Freelance,,20606.39,Bank Transfer,Salary Account,No,,Uber,,Freelance transaction #2490,one-time
TXN101718,2024-08-18,Expense,Transport,Fuel,₹1965.04,UPI,Credit Card A/C,No,Discretionary,Local Store,4000.0,Transport transaction #1718,
TXN101642,2024-07-12,Expense,,,540.61,,Salary Account,No,Discretionary,Uber,,Misc transaction #1642,
TXN102089,2024-11-14,Expense,Utilities,Electricity,7878.46,Credit Card,Salary Account,Yes,Essential,Zomato,3000.0,Utilities transaction #2089,
TXN101313,2024-08-09,Expense,food,Groceries,4767.76,,Primary Savings,No,Discretionary,Zomato,,food transaction #1313,review
TXN101223,2025-01-21,Expense,Transport,Cab,132.92,,Cash Wallet,Yes,Discretionary,,4000.0,Transport transaction #1223,review
TXN101290,2025-11-21,Expense,Groceries,Groceries,482.22,,Salary Account,No,Essential,BESCOM,6000.0,Groceries transaction #1290,
TXN100464,2024-06-22,Expense,Groceries,Groceries,3551.68,Credit Card,Salary Account,No,Essential,Swiggy,6000.0,Groceries transaction #464,
TXN102106,2025-08-05,Expense,Groceries,Groceries,₹941.31,,Salary Account,No,Essential,Amazon,6000.0,Groceries transaction #2106,one-time
TXN100260,2025-11-28,Expense,Utilities,Internet,7629.75,Credit Card,Primary Savings,Yes,Essential,Zomato,3000.0,Utilities transaction #260,reimbursable
TXN100660,2024-11-03,Income,Freelance,,67901.98,Bank Transfer,Salary Account,No,,Netflix,,Freelance transaction #660,
TXN100928,2024-07-09,Expense,food,Groceries,3007.12,Debit Card,Primary Savings,Yes,Discretionary,Uber,,food transaction #928,
TXN102221,2025-02-01,Expense,Groceries,Groceries,2743.1,UPI,Salary Account,No,Essential,Freelance Client,6000.0,Groceries transaction #2221,
TXN102280,2025-05-13,Income,Salary,,20144.32,Bank Transfer,Salary Account,Yes,,Employer,,Salary transaction #2280,reimbursable
TXN102149,,Expense,Education,Books,₹6215.48,Debit Card,Cash Wallet,Yes,Discretionary,,4000.0,Education transaction #2149,
TXN100984,2024-05-21,Expense,Healthcare,Doctor Visit,6998.12,Net Banking,Primary Savings,Yes,Essential,Landlord,3000.0,Healthcare transaction #984,
TXN100382,,Income,Gift,,55728.84,Bank Transfer,Salary Account,No,,Local Store,,Gift transaction #382,
TXN100460,2025-11-20,Expense,Shopping,Electronics,4623.28,UPI,Salary Account,No,Discretionary,Netflix,5000.0,Shopping transaction #460,
TXN102001,2024-05-15,Expense,Healthcare,Pharmacy,844.0,Debit Card,Salary Account,No,Essential,Swiggy,3000.0,Healthcare transaction #2001,
TXN101993,2024-03-09,Income,Investment,,83410.77,Bank Transfer,Salary Account,No,,Uber,,Investment transaction #1993,
TXN100744,2025-08-20,Income,Gift,,63478.81,Bank Transfer,Salary Account,No,,Local Store,,Gift transaction #744,
TXN101929,2025-06-18,Income,Salary,,22073.73,Bank Transfer,Salary Account,Yes,,Employer,,Salary transaction #1929,
TXN102009,2024-06-18,Expense,Subscriptions,Memberships,7682.28,Debit Card,Primary Savings,Yes,Discretionary,Landlord,1500.0,Subscriptions transaction #2009,
TXN102072,2024-02-20,Expense,Insurance,Vehicle,3221.22,Net Banking,Primary Savings,Yes,Essential,Netflix,2000.0,Insurance transaction #2072,
TXN100499,2024-03-08,Expense,Utilities,Electricity,3033.16,Net Banking,Salary Account,No,Essential,Swiggy,3000.0,Utilities transaction #499,
TXN100158,2024-09-28,Expense,,,4963.96,UPI,Cash Wallet,No,Discretionary,Freelance Client,,Misc transaction #158,review
TXN102345,2025-09-01,Expense,food,Snacks,955.97,UPI,Credit Card A/C,Yes,Discretionary,Swiggy,,food transaction #2345,
TXN100404,2025-09-20,Expense,Utilities,Internet,506.83,Credit Card,Cash Wallet,No,Essential,Amazon,3000.0,Utilities transaction #404,reimbursable
TXN100429,2025-10-08,Expense,Groceries,Groceries,5134.25,Debit Card,Credit Card A/C,No,Essential,Landlord,6000.0,Groceries transaction #429,
TXN100452,2024-06-19,Expense,Education,Books,5277.38,Net Banking,Cash Wallet,No,Discretionary,Uber,4000.0,Education transaction #452,
TXN100923,2024-08-09,Expense,food,Groceries,1151.59,UPI,Salary Account,No,Discretionary,Netflix,,food transaction #923,
TXN101500,,Income,Freelance,,67462.29,Bank Transfer,Salary Account,No,,Zomato,,Freelance transaction #1500,
TXN102315,2024-07-20,Income,Salary,,27217.65,Bank Transfer,Salary Account,Yes,,Employer,,Salary transaction #2315,one-time
TXN100156,2025-12-27,Expense,Education,Books,2042.31,,Credit Card A/C,Yes,Discretionary,Freelance Client,4000.0,Education transaction #156,reimbursable
TXN100045,2025-09-19,Expense,Education,Books,4405.58,Credit Card,Cash Wallet,No,Discretionary,Netflix,4000.0,Education transaction #45,
TXN101874,2025-12-22,Income,Investment,,₹58118.69,Bank Transfer,Salary Account,No,,Local Store,,Investment transaction #1874,
TXN100684,2024-06-03,Expense,Food,Snacks,6402.61,Net Banking,Credit Card A/C,No,Discretionary,Local Store,8000.0,Food transaction #684,
TXN100735,2025-08-22,Expense,Entertainment,Movies,1633.03,Debit Card,Salary Account,Yes,Discretionary,Netflix,2500.0,Entertainment transaction #735,reimbursable
TXN101134,2024-12-15,Expense,Education,Tuition,3548.35,Credit Card,Cash Wallet,Yes,Discretionary,Uber,4000.0,Education transaction #1134,one-time
TXN102116,2025-08-20,Income,Bonus,,₹28617.58,Bank Transfer,Salary Account,No,,,,Bonus transaction #2116,reimbursable
TXN101722,2024-12-17,Expense,Food,Snacks,112.96,Debit Card,Credit Card A/C,Yes,Discretionary,Uber,8000.0,Food transaction #1722,
TXN102362,2025-04-19,Expense,Insurance,Life,6202.83,Net Banking,Salary Account,Yes,Essential,Amazon,2000.0,Insurance transaction #2362,
TXN101177,2024-10-12,Income,Bonus,,40754.75,Bank Transfer,Salary Account,No,,Landlord,,Bonus transaction #1177,one-time
TXN102199,2024-08-01,Expense,,,6246.93,,Credit Card A/C,No,Discretionary,Apollo Pharmacy,,Misc transaction #2199,reimbursable
TXN101726,2025-04-08,Expense,Transport,Public Transit,1846.74,,Primary Savings,Yes,Discretionary,Landlord,4000.0,Transport transaction #1726,one-time
TXN101469,2025-06-22,Expense,Groceries,Groceries,2373.34,Credit Card,Cash Wallet,No,Essential,Uber,6000.0,Groceries transaction #1469,one-time
TXN100365,2025-01-18,Expense,Education,Books,₹2406.65,,Salary Account,No,Discretionary,Landlord,4000.0,Education transaction #365,reimbursable
TXN100527,2025-07-31,Expense,Insurance,Health,4604.24,,Credit Card A/C,Yes,Essential,,2000.0,Insurance transaction #527,
TXN101069,2024-06-30,Expense,Rent,Housing,6774.13,UPI,Cash Wallet,Yes,Essential,Freelance Client,15000.0,Rent transaction #1069,reimbursable
TXN102424,2025-06-13,Expense,Education,Tuition,860.94,UPI,Cash Wallet,Yes,Discretionary,Apollo Pharmacy,4000.0,Education transaction #2424,review
TXN101481,2025-11-23,Expense,Healthcare,Pharmacy,2399.6,Net Banking,Credit Card A/C,No,Essential,Freelance Client,3000.0,Healthcare transaction #1481,
TXN100481,2025-07-25,Expense,,,441.9,Debit Card,Cash Wallet,No,Discretionary,Netflix,,Misc transaction #481,
TXN102080,2024-11-19,Expense,food,Groceries,3947.03,Credit Card,Salary Account,Yes,Discretionary,Apollo Pharmacy,,food transaction #2080,
TXN101624,2024-04-23,Expense,Food,Groceries,1869.02,Cash,Credit Card A/C,Yes,Discretionary,Local Store,8000.0,Food transaction #1624,one-time
TXN102433,2024-07-07,Expense,food,Snacks,7852.57,Debit Card,Cash Wallet,No,Discretionary,Swiggy,,food transaction #2433,review
TXN100563,2025-08-16,Expense,Groceries,Groceries,7191.1,Cash,Primary Savings,Yes,Essential,Apollo Pharmacy,6000.0,Groceries transaction #563,one-time
TXN102213,2025-01-07,Expense,Shopping,Clothing,1308.67,,Credit Card A/C,No,Discretionary,Local Store,5000.0,Shopping transaction #2213,
TXN100976,2025-07-30,Expense,Subscriptions,Streaming,6112.73,Debit Card,Cash Wallet,Yes,Discretionary,Zomato,1500.0,Subscriptions transaction #976,one-time
TXN100466,2025-07-04,Expense,Education,Tuition,4412.96,Net Banking,Salary Account,Yes,Discretionary,Local Store,4000.0,Education transaction #466,
TXN102026,2024-03-29,Expense,Healthcare,Insurance Premium,1550.85,Debit Card,Salary Account,Yes,Essential,Swiggy,3000.0,Healthcare transaction #2026,
TXN100448,2025-05-12,Expense,Food,Snacks,3139.36,Cash,Credit Card A/C,Yes,Discretionary,Uber,8000.0,Food transaction #448,
TXN101398,2024-09-13,Expense,Groceries,Groceries,1340.22,Debit Card,Salary Account,Yes,Essential,Apollo Pharmacy,6000.0,Groceries transaction #1398,
TXN100651,2025-11-10,Expense,Groceries,Groceries,4587.76,Cash,Primary Savings,Yes,Essential,Apollo Pharmacy,6000.0,Groceries transaction #651,
TXN100161,2024-05-24,Income,Investment,,86176.94,Bank Transfer,Salary Account,No,,Employer,,Investment transaction #161,
TXN101461,2025-12-14,Income,Investment,,22627.87,Bank Transfer,Salary Account,No,,Freelance Client,,Investment transaction #1461,
TXN100505,2024-07-16,Expense,Education,Books,5385.44,Debit Card,Salary Account,Yes,Discretionary,Netflix,4000.0,Education transaction #505,reimbursable
TXN101485,2024-11-12,Expense,Subscriptions,Streaming,1802.16,,Credit Card A/C,Yes,Discretionary,Freelance Client,1500.0,Subscriptions transaction #1485,
TXN101713,2024-07-20,Expense,Groceries,Groceries,4562.05,Debit Card,Primary Savings,No,Essential,Freelance Client,6000.0,Groceries transaction #1713,
TXN100729,2025-09-27,Expense,Transport,Fuel,530.9,Debit Card,Cash Wallet,No,Discretionary,Netflix,4000.0,Transport transaction #729,
TXN100176,2024-07-25,Expense,Utilities,Internet,1141.32,Net Banking,Salary Account,Yes,Essential,Amazon,3000.0,Utilities transaction #176,review
TXN100608,2025-08-30,Expense,,,7548.64,Debit Card,Cash Wallet,No,Discretionary,Apollo Pharmacy,,Misc transaction #608,one-time
TXN102204,2024-03-28,Expense,Groceries,Groceries,7509.63,Debit Card,Salary Account,No,Essential,Apollo Pharmacy,6000.0,Groceries transaction #2204,
TXN102039,2025-09-21,Income,Gift,,51648.54,Bank Transfer,Salary Account,No,,Freelance Client,,Gift transaction #2039,reimbursable
TXN101031,2024-06-09,Expense,Utilities,Water,4127.11,UPI,Credit Card A/C,Yes,Essential,Local Store,3000.0,Utilities transaction #1031,reimbursable
TXN101669,2024-08-15,Expense,food,Dining Out,1746.02,,Credit Card A/C,No,Discretionary,Netflix,,food transaction #1669,
TXN100769,2025-02-08,Expense,food,Groceries,2884.78,Credit Card,Primary Savings,No,Discretionary,Freelance Client,,food transaction #769,one-time
TXN101955,2025-07-16,Expense,Entertainment,Streaming,4028.99,UPI,Salary Account,No,Discretionary,Freelance Client,2500.0,Entertainment transaction #1955,
TXN101724,2024-05-19,Expense,,,7899.03,Debit Card,Salary Account,No,Discretionary,Zomato,,Misc transaction #1724,review
TXN100039,2025-02-22,Expense,Subscriptions,SaaS Tools,1575.13,,Cash Wallet,Yes,Discretionary,Freelance Client,1500.0,Subscriptions transaction #39,reimbursable
TXN101934,2025-07-25,Expense,food,Dining Out,4301.33,Credit Card,Credit Card A/C,Yes,Discretionary,,,food transaction #1934,review
TXN101359,2024-01-17,Expense,Healthcare,Doctor Visit,3757.47,Cash,Credit Card A/C,Yes,Essential,Apollo Pharmacy,3000.0,Healthcare transaction #1359,
TXN101436,2025-03-06,Income,Freelance,,34824.96,Bank Transfer,Salary Account,No,,Swiggy,,Freelance transaction #1436,review
TXN100731,2025-03-08,Expense,Transport,Public Transit,6292.85,Debit Card,Salary Account,No,Discretionary,,4000.0,Transport transaction #731,review
TXN101106,2024-03-21,Expense,Education,Books,5996.69,Net Banking,Credit Card A/C,No,Discretionary,Netflix,4000.0,Education transaction #1106,one-time
TXN100401,2024-05-21,Expense,Insurance,Life,3600.43,,Salary Account,Yes,Essential,Zomato,2000.0,Insurance transaction #401,
TXN101834,2025-01-02,Expense,,,4472.44,Net Banking,Salary Account,Yes,Discretionary,Uber,,Misc transaction #1834,reimbursable
TXN100108,2024-12-03,Expense,Shopping,Electronics,7531.98,Cash,Primary Savings,No,Discretionary,Employer,5000.0,Shopping transaction #108,reimbursable
TXN102219,2024-08-12,Expense,Groceries,Groceries,7031.35,Debit Card,Cash Wallet,No,Essential,,6000.0,Groceries transaction #2219,
TXN101845,2024-10-21,Expense,Entertainment,Movies,5627.06,Net Banking,Primary Savings,Yes,Discretionary,,2500.0,Entertainment transaction #1845,
TXN100387,2024-12-27,Expense,Entertainment,Streaming,7103.02,UPI,Salary Account,No,Discretionary,Swiggy,2500.0,Entertainment transaction #387,
TXN101477,2024-07-17,Expense,Transport,Cab,7306.16,,Salary Account,No,Discretionary,Amazon,4000.0,Transport transaction #1477,reimbursable
TXN102046,2024-07-30,Expense,Groceries,Groceries,742.43,Credit Card,Credit Card A/C,No,Essential,Freelance Client,6000.0,Groceries transaction #2046,
TXN102429,2025-11-30,Expense,food,Dining Out,₹7870.17,Credit Card,Cash Wallet,Yes,Discretionary,BESCOM,,food transaction #2429,reimbursable
TXN100957,2024-07-14,Income,Gift,,69128.49,Bank Transfer,Salary Account,No,,Employer,,Gift transaction #957,reimbursable
TXN100376,2024-12-31,Income,Freelance,,₹27003.15,Bank Transfer,Salary Account,No,,Employer,,Freelance transaction #376,one-time
TXN102230,2025-04-16,Income,Gift,,80240.22,Bank Transfer,Salary Account,No,,Employer,,Gift transaction #2230,
TXN100313,2025-08-23,Expense,Entertainment,Movies,2106.35,,Primary Savings,No,Discretionary,Amazon,2500.0,Entertainment transaction #313,reimbursable
TXN100248,2024-05-07,Expense,Rent,Housing,7935.11,Cash,Salary Account,Yes,Essential,,15000.0,Rent transaction #248,
TXN101248,2024-03-28,Expense,food,Groceries,2435.83,Cash,Salary Account,Yes,Discretionary,Freelance Client,,food transaction #1248,
TXN101650,2025-06-24,Expense,Shopping,Home Goods,7186.76,Net Banking,Primary Savings,No,Discretionary,Landlord,5000.0,Shopping transaction #1650,one-time
TXN100239,2024-10-26,Income,Freelance,,57632.6,Bank Transfer,Salary Account,No,,Swiggy,,Freelance transaction #239,one-time
TXN101442,2024-02-15,Expense,Transport,Fuel,1803.04,,Primary Savings,Yes,Discretionary,Employer,4000.0,Transport transaction #1442,review
TXN102002,2025-04-29,Expense,Insurance,Vehicle,3219.2,Cash,Primary Savings,Yes,Essential,Swiggy,2000.0,Insurance transaction #2002,one-time
TXN100730,2024-05-30,Expense,Groceries,Groceries,7763.65,Net Banking,Salary Account,Yes,Essential,BESCOM,6000.0,Groceries transaction #730,
TXN101211,2025-06-03,Income,Bonus,,22123.92,Bank Transfer,Salary Account,No,,Amazon,,Bonus transaction #1211,
TXN100455,2024-01-23,Expense,Subscriptions,SaaS Tools,₹4114.61,Net Banking,Salary Account,Yes,Discretionary,Zomato,1500.0,Subscriptions transaction #455,
TXN102332,2025-06-20,Expense,Transport,Cab,177.82,Net Banking,Credit Card A/C,Yes,Discretionary,Swiggy,4000.0,Transport transaction #2332,
TXN100571,2024-03-05,Expense,Healthcare,Doctor Visit,6645.0,Cash,Credit Card A/C,No,Essential,Employer,3000.0,Healthcare transaction #571,review
TXN101229,2024-08-03,Expense,Food,Snacks,1264.05,Debit Card,Salary Account,No,Discretionary,Apollo Pharmacy,8000.0,Food transaction #1229,one-time
TXN101050,2024-04-07,Expense,Transport,Cab,716.92,Cash,Cash Wallet,Yes,Discretionary,Amazon,4000.0,Transport transaction #1050,
TXN101292,2025-07-28,Expense,,,6866.0,Credit Card,Primary Savings,Yes,Discretionary,Amazon,,Misc transaction #1292,
TXN102134,2024-09-30,Expense,Healthcare,Insurance Premium,880.67,Credit Card,Cash Wallet,No,Essential,Employer,3000.0,Healthcare transaction #2134,review
TXN101746,2024-05-04,Expense,Entertainment,Movies,5296.93,Credit Card,Cash Wallet,Yes,Discretionary,Local Store,2500.0,Entertainment transaction #1746,
TXN101878,2024-09-19,Income,Bonus,,25358.04,Bank Transfer,Salary Account,No,,Zomato,,Bonus transaction #1878,
TXN101916,2025-08-16,Expense,food,Dining Out,5943.99,Credit Card,Salary Account,Yes,Discretionary,Freelance Client,,food transaction #1916,review
TXN102226,2024-05-13,Expense,Healthcare,Insurance Premium,6649.28,UPI,Primary Savings,No,Essential,Landlord,3000.0,Healthcare transaction #2226,reimbursable
TXN102263,2025-09-16,Expense,Shopping,Clothing,4006.89,Net Banking,Primary Savings,Yes,Discretionary,Apollo Pharmacy,5000.0,Shopping transaction #2263,review
TXN100114,2025-11-25,Expense,Healthcare,Insurance Premium,411.07,Cash,Primary Savings,Yes,Essential,BESCOM,3000.0,Healthcare transaction #114,
TXN102054,2025-06-23,Expense,Food,Snacks,3688.26,Net Banking,Credit Card A/C,Yes,Discretionary,Freelance Client,8000.0,Food transaction #2054,
TXN101283,2025-02-14,Expense,Education,Books,3198.12,Credit Card,Primary Savings,Yes,Discretionary,Apollo Pharmacy,4000.0,Education transaction #1283,
TXN102190,2025-12-11,Expense,Healthcare,Doctor Visit,7969.98,Net Banking,Salary Account,No,Essential,Netflix,3000.0,Healthcare transaction #2190,
TXN101686,2024-01-14,Expense,Shopping,Home Goods,7316.36,Net Banking,Primary Savings,Yes,Discretionary,Landlord,5000.0,Shopping transaction #1686,
TXN102292,2025-08-06,Expense,Groceries,Groceries,5639.16,UPI,Salary Account,Yes,Essential,Netflix,6000.0,Groceries transaction #2292,review
TXN100607,2025-01-07,Expense,Entertainment,Movies,7925.76,UPI,Salary Account,No,Discretionary,,2500.0,Entertainment transaction #607,reimbursable
TXN101667,2025-02-27,Expense,food,Snacks,4141.63,Credit Card,Cash Wallet,Yes,Discretionary,Netflix,,food transaction #1667,review
TXN100169,2025-10-06,Income,Bonus,,38587.13,Bank Transfer,Salary Account,No,,Freelance Client,,Bonus transaction #169,reimbursable
TXN100748,2025-07-10,Expense,Food,Dining Out,2805.73,Cash,Cash Wallet,Yes,Discretionary,Apollo Pharmacy,8000.0,Food transaction #748,
TXN100795,2025-05-12,Expense,Entertainment,Events,2997.74,Debit Card,Credit Card A/C,Yes,Discretionary,Uber,2500.0,Entertainment transaction #795,
TXN102378,2024-04-06,Expense,Entertainment,Movies,1157.19,Cash,Credit Card A/C,Yes,Discretionary,BESCOM,2500.0,Entertainment transaction #2378,
TXN100997,2024-09-07,Expense,Utilities,Water,4052.39,UPI,Credit Card A/C,No,Essential,,3000.0,Utilities transaction #997,
TXN100522,2025-05-13,Expense,Rent,Housing,6457.24,Cash,Cash Wallet,Yes,Essential,Employer,15000.0,Rent transaction #522,reimbursable
TXN100292,2025-11-17,Expense,Entertainment,Streaming,1716.99,,Primary Savings,No,Discretionary,Netflix,2500.0,Entertainment transaction #292,
TXN101998,2024-12-07,Expense,Shopping,Electronics,4913.24,Net Banking,Salary Account,Yes,Discretionary,Zomato,5000.0,Shopping transaction #1998,one-time
TXN101830,2025-12-03,Expense,Groceries,Groceries,648.38,Net Banking,Salary Account,No,Essential,Zomato,6000.0,Groceries transaction #1830,one-time
TXN101347,2025-05-05,Expense,Transport,Public Transit,₹4812.89,Credit Card,Primary Savings,No,Discretionary,Uber,4000.0,Transport transaction #1347,review
TXN100712,2025-07-23,Expense,Shopping,Clothing,7661.47,Debit Card,Credit Card A/C,No,Discretionary,,5000.0,Shopping transaction #712,
TXN100332,2025-09-29,Expense,Rent,Housing,884.07,,Primary Savings,Yes,Essential,Netflix,15000.0,Rent transaction #332,
TXN102223,2024-01-27,Expense,food,Dining Out,1219.56,Net Banking,Cash Wallet,Yes,Discretionary,Employer,,food transaction #2223,reimbursable
TXN100336,2024-10-24,Expense,Insurance,Health,971.41,UPI,Primary Savings,Yes,Essential,Swiggy,2000.0,Insurance transaction #336,
TXN101866,2025-09-24,Expense,Subscriptions,Memberships,1377.05,UPI,Cash Wallet,Yes,Discretionary,Apollo Pharmacy,1500.0,Subscriptions transaction #1866,
TXN100570,2025-08-17,Expense,Subscriptions,Streaming,6099.04,Debit Card,Credit Card A/C,Yes,Discretionary,Netflix,1500.0,Subscriptions transaction #570,
TXN100803,2025-05-18,Income,Investment,,81035.84,Bank Transfer,Salary Account,No,,Employer,,Investment transaction #803,review
TXN100043,2024-01-06,Expense,,,6238.44,Credit Card,Salary Account,No,Discretionary,Amazon,,Misc transaction #43,
TXN101235,2025-04-10,Expense,Rent,Housing,2913.07,Credit Card,Credit Card A/C,Yes,Essential,Freelance Client,15000.0,Rent transaction #1235,one-time
TXN100524,2024-02-08,Expense,Subscriptions,SaaS Tools,3878.19,,Primary Savings,Yes,Discretionary,Swiggy,1500.0,Subscriptions transaction #524,
TXN100658,2025-05-02,Expense,Groceries,Groceries,3409.16,Debit Card,Salary Account,No,Essential,Freelance Client,6000.0,Groceries transaction #658,
TXN101187,2024-02-13,Expense,Groceries,Groceries,983.91,Credit Card,Credit Card A/C,No,Essential,Local Store,6000.0,Groceries transaction #1187,review
TXN100015,2024-08-04,Expense,,,1649.15,Debit Card,Cash Wallet,No,Discretionary,Apollo Pharmacy,,Misc transaction #15,
TXN100721,2025-06-13,Expense,Subscriptions,Streaming,₹7351.21,Net Banking,Cash Wallet,Yes,Discretionary,Uber,1500.0,Subscriptions transaction #721,
TXN101231,,Expense,Education,Courses,7715.2,UPI,Primary Savings,Yes,Discretionary,Local Store,4000.0,Education transaction #1231,review
TXN101563,2025-07-03,Income,Freelance,,51874.03,Bank Transfer,Salary Account,No,,Freelance Client,,Freelance transaction #1563,
TXN100745,2025-05-24,Expense,Shopping,Clothing,1908.63,,Primary Savings,No,Discretionary,Zomato,5000.0,Shopping transaction #745,reimbursable
TXN101414,2025-12-24,Expense,Insurance,Vehicle,7823.64,Cash,Salary Account,Yes,Essential,,2000.0,Insurance transaction #1414,
TXN100470,2025-12-01,Expense,Insurance,Health,7827.04,Net Banking,Credit Card A/C,Yes,Essential,Amazon,2000.0,Insurance transaction #470,
TXN101291,2024-07-04,Expense,Transport,Cab,3139.15,Debit Card,Cash Wallet,No,Discretionary,Employer,4000.0,Transport transaction #1291,one-time
TXN100337,2025-03-24,Expense,Utilities,Internet,6528.97,Credit Card,Primary Savings,No,Essential,Local Store,3000.0,Utilities transaction #337,one-time
TXN100566,2025-08-07,Expense,Food,Dining Out,1152.06,,Cash Wallet,Yes,Discretionary,Uber,8000.0,Food transaction #566,
TXN102323,2024-06-10,Expense,Healthcare,Pharmacy,₹3104.78,Net Banking,Salary Account,No,Essential,Uber,3000.0,Healthcare transaction #2323,review
TXN101422,2024-05-28,Income,Investment,,₹56541.98,Bank Transfer,Salary Account,No,,,,Investment transaction #1422,reimbursable
TXN101338,2024-02-12,Expense,Utilities,Electricity,2183.89,UPI,Cash Wallet,Yes,Essential,Amazon,3000.0,Utilities transaction #1338,
TXN102052,2024-04-27,Expense,Groceries,Groceries,2421.83,Cash,Primary Savings,Yes,Essential,Amazon,6000.0,Groceries transaction #2052,reimbursable
TXN101409,2024-12-07,Expense,Food,Groceries,₹7594.42,Net Banking,Primary Savings,Yes,Discretionary,Apollo Pharmacy,8000.0,Food transaction #1409,one-time
TXN101580,2025-09-13,Expense,,,3543.84,Debit Card,Cash Wallet,No,Discretionary,Local Store,,Misc transaction #1580,reimbursable
TXN101021,2025-12-07,Expense,food,Groceries,4258.01,Cash,Cash Wallet,No,Discretionary,Swiggy,,food transaction #1021,review
TXN100625,2025-12-02,Expense,Shopping,Electronics,6650.2,UPI,Salary Account,No,Discretionary,Netflix,5000.0,Shopping transaction #625,
TXN100052,2024-08-17,Expense,,,370.05,UPI,Salary Account,Yes,Discretionary,Amazon,,Misc transaction #52,one-time
TXN101633,2025-10-11,Expense,Education,Courses,3200.9,Cash,Credit Card A/C,Yes,Discretionary,Local Store,4000.0,Education transaction #1633,
TXN102469,2024-07-17,Expense,Transport,Cab,2286.01,,Credit Card A/C,No,Discretionary,Landlord,4000.0,Transport transaction #2469,review
TXN100195,2024-09-03,Expense,food,Snacks,₹4802.39,,Primary Savings,Yes,Discretionary,,,food transaction #195,reimbursable
TXN101944,2025-12-26,Expense,Utilities,Internet,4246.75,UPI,Salary Account,No,Essential,Swiggy,3000.0,Utilities transaction #1944,reimbursable
TXN102000,2025-01-28,Expense,,,5145.29,Net Banking,Salary Account,No,Discretionary,Uber,,Misc transaction #2000,reimbursable
TXN102499,2025-02-21,Expense,Education,Books,2537.25,Cash,Cash Wallet,No,Discretionary,BESCOM,4000.0,Education transaction #2499,
TXN100644,2025-02-11,Expense,Subscriptions,SaaS Tools,5902.03,Debit Card,Primary Savings,Yes,Discretionary,Zomato,1500.0,Subscriptions transaction #644,
TXN100065,2024-09-15,Expense,Healthcare,Pharmacy,3235.62,UPI,Primary Savings,Yes,Essential,Swiggy,3000.0,Healthcare transaction #65,
TXN101719,2025-01-13,Expense,,,7333.29,Net Banking,Credit Card A/C,No,Discretionary,Uber,,Misc transaction #1719,review
TXN101440,2025-07-27,Expense,Insurance,Vehicle,6542.8,UPI,Salary Account,Yes,Essential,Landlord,2000.0,Insurance transaction #1440,
TXN100423,2024-05-28,Expense,Insurance,Health,4917.87,Cash,Primary Savings,Yes,Essential,Zomato,2000.0,Insurance transaction #423,
TXN100398,2025-07-10,Expense,Transport,Fuel,6325.91,Net Banking,Primary Savings,Yes,Discretionary,Local Store,4000.0,Transport transaction #398,
TXN100783,2024-01-05,Income,Gift,,71125.8,Bank Transfer,Salary Account,No,,Uber,,Gift transaction #783,one-time
TXN101729,2025-05-25,Income,Bonus,,33579.69,Bank Transfer,Salary Account,No,,Swiggy,,Bonus transaction #1729,review
TXN100283,2024-06-12,Income,Freelance,,₹38656.89,Bank Transfer,Salary Account,No,,,,Freelance transaction #283,
TXN102390,2025-11-04,Expense,Rent,Housing,4882.06,Credit Card,Cash Wallet,Yes,Essential,Netflix,15000.0,Rent transaction #2390,
TXN101254,2024-03-27,Expense,Entertainment,Events,232.91,Credit Card,Primary Savings,Yes,Discretionary,Zomato,2500.0,Entertainment transaction #1254,reimbursable
TXN101496,2024-10-15,Expense,Food,Snacks,7089.21,,Cash Wallet,No,Discretionary,Freelance Client,8000.0,Food transaction #1496,
TXN101652,2024-03-20,Expense,Shopping,Clothing,1932.14,UPI,Primary Savings,Yes,Discretionary,Local Store,5000.0,Shopping transaction #1652,
TXN100964,2025-04-17,Expense,Shopping,Electronics,4236.24,,Credit Card A/C,No,Discretionary,Apollo Pharmacy,5000.0,Shopping transaction #964,one-time
TXN100954,2024-01-22,Income,Bonus,,79938.59,Bank Transfer,Salary Account,No,,Freelance Client,,Bonus transaction #954,
TXN101920,2024-11-21,Income,Gift,,58870.72,Bank Transfer,Salary Account,No,,Uber,,Gift transaction #1920,
TXN100038,2025-11-17,Expense,Shopping,Clothing,7370.13,Net Banking,Credit Card A/C,Yes,Discretionary,,5000.0,Shopping transaction #38,review
TXN101870,2025-08-10,Income,Gift,,42966.31,Bank Transfer,Salary Account,No,,Landlord,,Gift transaction #1870,review
TXN101923,2025-03-18,Expense,Subscriptions,Streaming,4426.76,Debit Card,Primary Savings,Yes,Discretionary,Swiggy,1500.0,Subscriptions transaction #1923,
TXN100127,2025-09-09,Expense,Entertainment,Movies,1174.36,Debit Card,Credit Card A/C,No,Discretionary,Swiggy,2500.0,Entertainment transaction #127,
TXN100306,2025-08-19,Expense,food,Groceries,852.87,Debit Card,Credit Card A/C,No,Discretionary,Netflix,,food transaction #306,reimbursable
TXN102463,2024-12-17,Expense,Rent,Housing,6373.47,Cash,Primary Savings,Yes,Essential,Apollo Pharmacy,15000.0,Rent transaction #2463,
TXN101568,2025-01-10,Expense,,,1735.5,UPI,Credit Card A/C,Yes,Discretionary,,,Misc transaction #1568,one-time
TXN102244,2025-10-09,Expense,Rent,Housing,646.91,Net Banking,Salary Account,Yes,Essential,Local Store,15000.0,Rent transaction #2244,one-time
TXN100738,2024-07-15,Expense,Subscriptions,SaaS Tools,3464.84,,Salary Account,Yes,Discretionary,Amazon,1500.0,Subscriptions transaction #738,reimbursable
TXN102403,2024-02-15,Income,Freelance,,78107.32,Bank Transfer,Salary Account,No,,Freelance Client,,Freelance transaction #2403,
TXN101127,2025-09-15,Expense,,,1615.69,Cash,Cash Wallet,Yes,Discretionary,,,Misc transaction #1127,reimbursable
TXN101257,2024-04-03,Income,Freelance,,₹34715.33,Bank Transfer,Salary Account,No,,,,Freelance transaction #1257,reimbursable
TXN100688,2024-09-21,Expense,,,3410.83,Net Banking,Primary Savings,Yes,Discretionary,Uber,,Misc transaction #688,
TXN100117,2025-03-03,Expense,Shopping,Clothing,1416.39,Net Banking,Cash Wallet,No,Discretionary,Zomato,5000.0,Shopping transaction #117,one-time
TXN100768,2025-11-11,Expense,Rent,Housing,906.09,Debit Card,Credit Card A/C,Yes,Essential,Landlord,15000.0,Rent transaction #768,reimbursable
TXN101871,2024-05-05,Income,Investment,,24269.76,Bank Transfer,Salary Account,No,,Swiggy,,Investment transaction #1871,
TXN101046,2025-09-12,Expense,,,4123.23,UPI,Credit Card A/C,No,Discretionary,Apollo Pharmacy,,Misc transaction #1046,review
TXN102391,2025-07-20,Expense,Subscriptions,Streaming,2080.05,Cash,Credit Card A/C,Yes,Discretionary,Uber,1500.0,Subscriptions transaction #2391,reimbursable
TXN101865,2025-03-20,Expense,food,Groceries,4897.55,Cash,Primary Savings,No,Discretionary,Uber,,food transaction #1865,
TXN101300,2024-05-29,Expense,Insurance,Health,4662.68,Debit Card,Cash Wallet,Yes,Essential,Uber,2000.0,Insurance transaction #1300,review
TXN101945,2025-01-29,Income,Salary,,₹34184.5,Bank Transfer,Salary Account,Yes,,Employer,,Salary transaction #1945,
TXN101264,2024-11-03,Expense,Entertainment,Events,1562.77,Net Banking,Salary Account,Yes,Discretionary,,2500.0,Entertainment transaction #1264,one-time
TXN100226,2024-03-16,Expense,Groceries,Groceries,4298.22,,Cash Wallet,Yes,Essential,Uber,6000.0,Groceries transaction #226,reimbursable
TXN101162,2024-06-27,Expense,Rent,Housing,7403.39,Credit Card,Primary Savings,Yes,Essential,Apollo Pharmacy,15000.0,Rent transaction #1162,
TXN100794,2024-02-12,Income,Gift,,75425.06,Bank Transfer,Salary Account,No,,Local Store,,Gift transaction #794,
TXN101155,2024-05-06,Expense,Shopping,Clothing,5964.34,,Salary Account,No,Discretionary,Amazon,5000.0,Shopping transaction #1155,
TXN100552,2025-05-13,Income,Salary,,₹32558.9,Bank Transfer,Salary Account,Yes,,Employer,,Salary transaction #552,
TXN102372,2024-10-24,Expense,,,3297.68,Net Banking,Salary Account,No,Discretionary,Netflix,,Misc transaction #2372,one-time
TXN100828,2025-02-20,Income,Salary,,45397.36,Bank Transfer,Salary Account,Yes,,Employer,,Salary transaction #828,
TXN101856,2025-01-25,Expense,Subscriptions,SaaS Tools,3062.25,Credit Card,Cash Wallet,Yes,Discretionary,Employer,1500.0,Subscriptions transaction #1856,
TXN100197,2024-08-30,Expense,Rent,Housing,2237.47,Net Banking,Salary Account,Yes,Essential,Freelance Client,15000.0,Rent transaction #197,
TXN102366,2025-01-29,Expense,Shopping,Clothing,6449.2,Cash,Credit Card A/C,Yes,Discretionary,Apollo Pharmacy,5000.0,Shopping transaction #2366,
TXN102024,2024-07-20,Expense,Healthcare,Doctor Visit,3137.47,Debit Card,Cash Wallet,No,Essential,Amazon,3000.0,Healthcare transaction #2024,
TXN101293,2024-10-07,Expense,Utilities,Water,4566.48,Credit Card,Primary Savings,Yes,Essential,Uber,3000.0,Utilities transaction #1293,one-time
TXN100473,2025-07-08,Expense,Transport,Fuel,5655.83,Net Banking,Salary Account,No,Discretionary,Swiggy,4000.0,Transport transaction #473,
TXN102441,2025-09-23,Expense,,,1874.8,UPI,Cash Wallet,Yes,Discretionary,Swiggy,,Misc transaction #2441,
TXN100491,2024-11-02,Expense,Shopping,Clothing,6754.31,UPI,Credit Card A/C,No,Discretionary,Swiggy,5000.0,Shopping transaction #491,
TXN100580,2025-11-13,Income,Gift,,70998.07,Bank Transfer,Salary Account,No,,Apollo Pharmacy,,Gift transaction #580,one-time
TXN102014,2025-08-26,Expense,Rent,Housing,₹7568.82,Credit Card,Salary Account,Yes,Essential,Netflix,15000.0,Rent transaction #2014,
TXN101139,2025-02-17,Income,Bonus,,44752.84,Bank Transfer,Salary Account,No,,Swiggy,,Bonus transaction #1139,
TXN100119,2024-07-17,Expense,Entertainment,Streaming,6560.64,Credit Card,Salary Account,Yes,Discretionary,Swiggy,2500.0,Entertainment transaction #119,
TXN101097,2024-10-31,Expense,Groceries,Groceries,₹341.07,,Cash Wallet,Yes,Essential,Swiggy,6000.0,Groceries transaction #1097,review
TXN100581,2024-02-11,Income,Gift,,28181.33,Bank Transfer,Salary Account,No,,Amazon,,Gift transaction #581,one-time
TXN101744,2025-01-21,Expense,Groceries,Groceries,₹5265.91,Cash,Salary Account,No,Essential,BESCOM,6000.0,Groceries transaction #1744,reimbursable
TXN101773,2025-08-10,Expense,food,Dining Out,4442.78,Credit Card,Credit Card A/C,No,Discretionary,Local Store,,food transaction #1773,
TXN101041,2024-01-22,Expense,food,Snacks,2853.97,Net Banking,Primary Savings,Yes,Discretionary,Landlord,,food transaction #1041,
TXN100733,2024-08-16,Expense,Healthcare,Insurance Premium,3871.93,Debit Card,Cash Wallet,Yes,Essential,Local Store,3000.0,Healthcare transaction #733,
TXN100917,2025-08-08,Expense,Subscriptions,Memberships,3656.96,,Credit Card A/C,Yes,Discretionary,Swiggy,1500.0,Subscriptions transaction #917,
TXN100275,2025-02-09,Expense,Insurance,Health,7925.88,UPI,Cash Wallet,Yes,Essential,Apollo Pharmacy,2000.0,Insurance transaction #275,
TXN102402,2024-10-06,Expense,Subscriptions,SaaS Tools,2415.9,UPI,Salary Account,Yes,Discretionary,BESCOM,1500.0,Subscriptions transaction #2402,
TXN101992,2025-08-09,Expense,Groceries,Groceries,₹1297.18,Credit Card,Salary Account,Yes,Essential,Swiggy,6000.0,Groceries transaction #1992,
TXN101640,,Expense,Transport,Fuel,406.02,UPI,Primary Savings,Yes,Discretionary,BESCOM,4000.0,Transport transaction #1640,
TXN100386,2025-08-06,Expense,Insurance,Health,5244.03,UPI,Credit Card A/C,Yes,Essential,Local Store,2000.0,Insurance transaction #386,one-time
TXN101777,2024-02-21,Expense,,,5190.73,Cash,Cash Wallet,No,Discretionary,Zomato,,Misc transaction #1777,
TXN101054,2024-05-23,Expense,Education,Books,2409.17,Cash,Credit Card A/C,No,Discretionary,Landlord,4000.0,Education transaction #1054,reimbursable
TXN102336,2025-12-26,Expense,Rent,Housing,85274.36,Credit Card,Cash Wallet,Yes,Essential,Uber,15000.0,Rent transaction #2336,review
TXN101253,2025-02-20,Expense,Rent,Housing,₹4441.44,Cash,Credit Card A/C,Yes,Essential,Netflix,15000.0,Rent transaction #1253,review
TXN100804,2024-12-17,Expense,Subscriptions,Memberships,3084.12,,Cash Wallet,Yes,Discretionary,BESCOM,1500.0,Subscriptions transaction #804,
TXN100492,2025-06-23,Expense,Transport,Public Transit,512.57,Net Banking,Primary Savings,No,Discretionary,,4000.0,Transport transaction #492,review
TXN101136,2024-11-10,Expense,Entertainment,Events,5493.73,Net Banking,Salary Account,Yes,Discretionary,Uber,2500.0,Entertainment transaction #1136,
TXN100696,2025-05-12,Income,Freelance,,29949.79,Bank Transfer,Salary Account,No,,Employer,,Freelance transaction #696,
TXN101443,2025-07-13,Income,Investment,,52262.94,Bank Transfer,Salary Account,No,,Freelance Client,,Investment transaction #1443,
TXN101826,2024-05-21,Expense,Transport,Cab,4765.75,Credit Card,Credit Card A/C,No,Discretionary,BESCOM,4000.0,Transport transaction #1826,review
TXN100165,2024-03-16,Expense,Healthcare,Insurance Premium,7913.27,,Primary Savings,Yes,Essential,Zomato,3000.0,Healthcare transaction #165,
TXN100467,2024-09-18,Expense,Utilities,Electricity,4962.82,UPI,Cash Wallet,Yes,Essential,Zomato,3000.0,Utilities transaction #467,review
TXN102245,2025-01-24,Expense,Shopping,Clothing,1948.79,UPI,Primary Savings,No,Discretionary,Netflix,5000.0,Shopping transaction #2245,one-time
TXN102175,2025-03-28,Expense,food,Groceries,5282.69,Credit Card,Primary Savings,No,Discretionary,Uber,,food transaction #2175,
TXN102302,2025-11-15,Expense,Food,Dining Out,7781.1,,Cash Wallet,Yes,Discretionary,Uber,8000.0,Food transaction #2302,review
TXN101743,2025-07-27,Expense,Subscriptions,Memberships,6534.71,,Salary Account,Yes,Discretionary,Swiggy,1500.0,Subscriptions transaction #1743,
TXN102185,2025-01-16,Income,Investment,,63878.02,Bank Transfer,Salary Account,No,,Netflix,,Investment transaction #2185,one-time
TXN100246,2024-04-05,Expense,Healthcare,Insurance Premium,2897.87,UPI,Cash Wallet,Yes,Essential,Local Store,3000.0,Healthcare transaction #246,
TXN101590,2025-06-09,Expense,,,7211.62,UPI,Primary Savings,No,Discretionary,Amazon,,Misc transaction #1590,review
TXN101325,2025-08-02,Expense,Insurance,Health,₹2925.69,Credit Card,Credit Card A/C,Yes,Essential,Local Store,2000.0,Insurance transaction #1325,
TXN100154,2025-05-05,Expense,,,4620.46,Credit Card,Credit Card A/C,Yes,Discretionary,Apollo Pharmacy,,Misc transaction #154,
TXN102154,2025-05-18,Expense,Education,Courses,₹4011.21,,Salary Account,No,Discretionary,Freelance Client,4000.0,Education transaction #2154,review
TXN100591,,Expense,Insurance,Vehicle,5569.25,UPI,Credit Card A/C,Yes,Essential,Landlord,2000.0,Insurance transaction #591,
TXN100547,2024-08-04,Expense,Insurance,Vehicle,5440.72,Net Banking,Salary Account,Yes,Essential,,2000.0,Insurance transaction #547,
TXN102380,2024-10-08,Expense,Rent,Housing,7085.11,Debit Card,Salary Account,Yes,Essential,Landlord,15000.0,Rent transaction #2380,
TXN101543,2025-04-20,Expense,Subscriptions,SaaS Tools,2161.76,Credit Card,Cash Wallet,Yes,Discretionary,Swiggy,1500.0,Subscriptions transaction #1543,
TXN101733,2024-05-11,Income,Freelance,,42385.2,Bank Transfer,Salary Account,No,,Freelance Client,,Freelance transaction #1733,one-time
TXN100003,2024-04-14,Income,Salary,,45128.56,Bank Transfer,Salary Account,Yes,,Employer,,Salary transaction #3,
TXN102073,2024-10-18,Expense,Groceries,Groceries,989.76,Credit Card,Cash Wallet,No,Essential,Swiggy,6000.0,Groceries transaction #2073,one-time
TXN101932,2025-11-01,Expense,Rent,Housing,1789.17,,Credit Card A/C,Yes,Essential,Local Store,15000.0,Rent transaction #1932,reimbursable
TXN100027,2025-03-24,Expense,Subscriptions,SaaS Tools,7898.5,,Primary Savings,Yes,Discretionary,Freelance Client,1500.0,Subscriptions transaction #27,review
TXN100066,2024-09-11,Income,Bonus,,62442.24,Bank Transfer,Salary Account,No,,Employer,,Bonus transaction #66,one-time
TXN100118,2025-08-26,Expense,food,Dining Out,5979.15,Credit Card,Credit Card A/C,Yes,Discretionary,Zomato,,food transaction #118,reimbursable
TXN101529,2024-08-31,Expense,Healthcare,Doctor Visit,7680.41,Debit Card,Salary Account,Yes,Essential,Netflix,3000.0,Healthcare transaction #1529,
TXN100002,2025-04-04,Expense,,,6082.52,Credit Card,Cash Wallet,No,Discretionary,Netflix,,Misc transaction #2,
TXN102238,2025-08-15,Expense,Groceries,Groceries,428.11,Debit Card,Salary Account,Yes,Essential,Swiggy,6000.0,Groceries transaction #2238,one-time
TXN101087,2025-12-04,Expense,Transport,Cab,6659.21,,Salary Account,Yes,Discretionary,Local Store,4000.0,Transport transaction #1087,
TXN101770,2024-02-08,Expense,Food,Dining Out,3491.06,Debit Card,Cash Wallet,Yes,Discretionary,Swiggy,8000.0,Food transaction #1770,
TXN102398,2025-05-14,Income,Investment,,44238.0,Bank Transfer,Salary Account,No,,Employer,,Investment transaction #2398,
TXN102393,2024-03-28,Expense,Subscriptions,Streaming,2027.42,Net Banking,Credit Card A/C,Yes,Discretionary,BESCOM,1500.0,Subscriptions transaction #2393,
TXN102340,2024-05-22,Expense,Shopping,Electronics,6240.51,Credit Card,Credit Card A/C,No,Discretionary,Landlord,5000.0,Shopping transaction #2340,reimbursable
TXN100411,2024-12-16,Income,Freelance,,53358.88,Bank Transfer,Salary Account,No,,Uber,,Freelance transaction #411,
TXN100549,2025-04-12,Expense,Groceries,Groceries,895.33,Cash,Salary Account,Yes,Essential,BESCOM,6000.0,Groceries transaction #549,review
TXN101999,2024-07-21,Income,Bonus,,41629.3,Bank Transfer,Salary Account,No,,Uber,,Bonus transaction #1999,
TXN100767,2025-01-18,Expense,Transport,Fuel,272.16,UPI,Credit Card A/C,Yes,Discretionary,Freelance Client,4000.0,Transport transaction #767,
TXN100834,2025-02-20,Expense,food,Snacks,5853.13,UPI,Salary Account,Yes,Discretionary,Zomato,,food transaction #834,one-time
TXN100517,2024-05-22,Expense,,,51.47,Credit Card,Salary Account,No,Discretionary,Landlord,,Misc transaction #517,one-time
TXN101869,2024-01-11,Expense,Education,Courses,7878.83,Debit Card,Salary Account,No,Discretionary,Uber,4000.0,Education transaction #1869,
TXN100369,,Expense,Shopping,Electronics,3265.36,Debit Card,Primary Savings,No,Discretionary,Freelance Client,5000.0,Shopping transaction #369,review
TXN100837,2024-08-18,Expense,Entertainment,Movies,7622.24,Cash,Cash Wallet,No,Discretionary,Swiggy,2500.0,Entertainment transaction #837,review
TXN100249,2024-06-11,Expense,Utilities,Electricity,2040.59,Debit Card,Salary Account,Yes,Essential,Local Store,3000.0,Utilities transaction #249,
TXN100385,2024-11-27,Income,Gift,,64349.69,Bank Transfer,Salary Account,No,,Netflix,,Gift transaction #385,reimbursable
TXN101741,2025-10-07,Expense,Subscriptions,SaaS Tools,2103.25,Cash,Cash Wallet,Yes,Discretionary,BESCOM,1500.0,Subscriptions transaction #1741,
TXN101079,2025-04-23,Expense,food,Snacks,1532.08,Credit Card,Cash Wallet,No,Discretionary,Uber,,food transaction #1079,
TXN100532,2024-05-28,Expense,Shopping,Clothing,6388.61,Cash,Credit Card A/C,Yes,Discretionary,Zomato,5000.0,Shopping transaction #532,one-time
TXN101621,2025-12-27,Expense,food,Dining Out,6821.71,Debit Card,Cash Wallet,Yes,Discretionary,Amazon,,food transaction #1621,
TXN101107,2024-01-31,Expense,Groceries,Groceries,4540.89,Cash,Primary Savings,No,Essential,Landlord,6000.0,Groceries transaction #1107,one-time
TXN100271,2025-06-01,Income,Bonus,,₹25238.13,Bank Transfer,Salary Account,No,,Employer,,Bonus transaction #271,
TXN100343,2024-11-24,Expense,Utilities,Electricity,4426.44,Cash,Cash Wallet,Yes,Essential,Zomato,3000.0,Utilities transaction #343,one-time
TXN100277,2024-07-21,Expense,Entertainment,Events,5175.25,Net Banking,Credit Card A/C,Yes,Discretionary,Amazon,2500.0,Entertainment transaction #277,review
TXN100465,2024-02-25,Expense,Groceries,Groceries,6570.06,UPI,Credit Card A/C,Yes,Essential,Netflix,6000.0,Groceries transaction #465,
TXN102312,2025-05-01,Expense,Education,Tuition,5682.43,UPI,Primary Savings,Yes,Discretionary,Landlord,4000.0,Education transaction #2312,review
TXN100305,2024-03-30,Expense,Shopping,Home Goods,2245.8,Cash,Primary Savings,No,Discretionary,Zomato,5000.0,Shopping transaction #305,reimbursable
TXN100573,2024-06-03,Expense,Education,Tuition,3361.47,,Salary Account,No,Discretionary,Uber,4000.0,Education transaction #573,
TXN100279,2025-03-12,Expense,Transport,Fuel,3595.79,Credit Card,Primary Savings,Yes,Discretionary,Freelance Client,4000.0,Transport transaction #279,reimbursable
TXN100734,2024-01-11,Income,Salary,,58828.41,Bank Transfer,Salary Account,Yes,,Employer,,Salary transaction #734,review
TXN101114,2025-02-02,Expense,Transport,Fuel,5798.33,Credit Card,Salary Account,No,Discretionary,,4000.0,Transport transaction #1114,
TXN100367,2025-03-10,Expense,Transport,Public Transit,7035.17,,Cash Wallet,Yes,Discretionary,,4000.0,Transport transaction #367,review
TXN101908,2025-11-21,Expense,Transport,Cab,517.36,UPI,Credit Card A/C,No,Discretionary,Apollo Pharmacy,4000.0,Transport transaction #1908,
TXN100759,2025-03-01,Expense,Groceries,Groceries,7291.12,Credit Card,Primary Savings,No,Essential,,6000.0,Groceries transaction #759,
TXN102300,2024-01-23,Expense,Groceries,Groceries,7024.82,Credit Card,Primary Savings,Yes,Essential,Employer,6000.0,Groceries transaction #2300,review
TXN100757,2025-05-29,Expense,Healthcare,Doctor Visit,7929.13,Cash,Primary Savings,No,Essential,Employer,3000.0,Healthcare transaction #757,reimbursable
TXN100703,2025-05-18,Expense,Food,Dining Out,₹3348.74,Net Banking,Credit Card A/C,No,Discretionary,Netflix,8000.0,Food transaction #703,reimbursable
TXN100835,2024-01-11,Expense,Shopping,Home Goods,₹5859.84,Cash,Cash Wallet,Yes,Discretionary,Local Store,5000.0,Shopping transaction #835,review
TXN100786,2025-10-08,Expense,Food,Snacks,1225.68,Net Banking,Cash Wallet,Yes,Discretionary,Netflix,8000.0,Food transaction #786,review
TXN100085,2024-04-02,Expense,food,Snacks,849.03,Credit Card,Credit Card A/C,Yes,Discretionary,Amazon,,food transaction #85,
TXN100844,2025-03-07,Expense,Healthcare,Insurance Premium,2632.86,Cash,Cash Wallet,Yes,Essential,Zomato,3000.0,Healthcare transaction #844,
TXN101357,2024-05-09,Expense,Transport,Fuel,2971.64,Debit Card,Primary Savings,No,Discretionary,Local Store,4000.0,Transport transaction #1357,
TXN102248,2024-06-20,Expense,Rent,Housing,7152.7,UPI,Salary Account,Yes,Essential,Freelance Client,15000.0,Rent transaction #2248,
TXN102428,2024-02-24,Expense,Rent,Housing,1697.09,UPI,Cash Wallet,Yes,Essential,Zomato,15000.0,Rent transaction #2428,
TXN100116,2024-03-14,Expense,Subscriptions,Streaming,3705.05,UPI,Credit Card A/C,Yes,Discretionary,Employer,1500.0,Subscriptions transaction #116,review
TXN101761,,Expense,Rent,Housing,1686.81,,Credit Card A/C,Yes,Essential,Employer,15000.0,Rent transaction #1761,
TXN100034,2024-09-30,Expense,Subscriptions,Streaming,357.86,Cash,Salary Account,Yes,Discretionary,BESCOM,1500.0,Subscriptions transaction #34,
TXN100352,2024-11-17,Expense,Education,Tuition,1717.22,,Credit Card A/C,No,Discretionary,Freelance Client,4000.0,Education transaction #352,
TXN102009,2024-06-18,Expense,Subscriptions,Memberships,7682.28,Debit Card,Primary Savings,Yes,Discretionary,Landlord,1500.0,Subscriptions transaction #2009,
TXN101879,2025-10-11,Expense,Entertainment,Events,5096.77,Debit Card,Cash Wallet,No,Discretionary,Amazon,2500.0,Entertainment transaction #1879,
TXN102187,2025-08-09,Expense,Utilities,Internet,5035.54,Debit Card,Primary Savings,No,Essential,Zomato,3000.0,Utilities transaction #2187,
TXN102346,2024-12-09,Expense,Utilities,Electricity,7052.21,Net Banking,Salary Account,Yes,Essential,Employer,3000.0,Utilities transaction #2346,
TXN101886,2024-03-07,Expense,Transport,Public Transit,5232.6,Debit Card,Salary Account,Yes,Discretionary,BESCOM,4000.0,Transport transaction #1886,one-time
TXN102058,2025-05-11,Expense,food,Groceries,5983.71,,Salary Account,No,Discretionary,Swiggy,,food transaction #2058,one-time
TXN100007,2025-12-05,Expense,Insurance,Health,6219.2,Credit Card,Primary Savings,Yes,Essential,Uber,2000.0,Insurance transaction #7,reimbursable
TXN102095,2024-04-30,Expense,Groceries,Groceries,₹5796.94,,Credit Card A/C,Yes,Essential,Zomato,6000.0,Groceries transaction #2095,
TXN102371,2024-11-02,Expense,Transport,Fuel,5320.81,Cash,Cash Wallet,No,Discretionary,Landlord,4000.0,Transport transaction #2371,reimbursable
TXN101438,2025-08-03,Expense,Healthcare,Doctor Visit,6701.69,Cash,Credit Card A/C,No,Essential,Netflix,3000.0,Healthcare transaction #1438,
TXN101490,2025-07-08,Income,Gift,,75739.85,Bank Transfer,Salary Account,No,,Netflix,,Gift transaction #1490,
TXN100484,2024-06-16,Expense,food,Groceries,3622.72,Debit Card,Primary Savings,No,Discretionary,,,food transaction #484,
TXN101557,2025-08-07,Expense,food,Groceries,5161.15,Credit Card,Credit Card A/C,Yes,Discretionary,Zomato,,food transaction #1557,review
TXN101833,2024-06-16,Expense,Healthcare,Pharmacy,2354.53,Net Banking,Primary Savings,Yes,Essential,Landlord,3000.0,Healthcare transaction #1833,
TXN100171,2024-04-22,Expense,Healthcare,Doctor Visit,3333.03,Credit Card,Cash Wallet,No,Essential,,3000.0,Healthcare transaction #171,reimbursable
TXN100511,2024-05-27,Expense,Groceries,Groceries,3167.01,,Credit Card A/C,No,Essential,Apollo Pharmacy,6000.0,Groceries transaction #511,
TXN102112,2024-06-06,Expense,Shopping,Clothing,₹2858.89,UPI,Credit Card A/C,No,Discretionary,Amazon,5000.0,Shopping transaction #2112,review
TXN102231,2025-02-08,Expense,Utilities,Internet,685.39,,Primary Savings,Yes,Essential,Freelance Client,3000.0,Utilities transaction #2231,review
TXN102306,2024-05-23,Expense,,,4185.75,Credit Card,Primary Savings,Yes,Discretionary,Zomato,,Misc transaction #2306,
TXN100235,2025-11-20,Expense,Utilities,Internet,5393.28,Debit Card,Primary Savings,Yes,Essential,Netflix,3000.0,Utilities transaction #235,
TXN101712,2025-08-07,Expense,Shopping,Electronics,₹2460.41,Debit Card,Credit Card A/C,No,Discretionary,Freelance Client,5000.0,Shopping transaction #1712,one-time
TXN101078,2024-12-21,Expense,Insurance,Health,5612.25,Net Banking,Credit Card A/C,Yes,Essential,Zomato,2000.0,Insurance transaction #1078,
TXN100949,2024-10-21,Expense,food,Groceries,5618.75,Cash,Credit Card A/C,Yes,Discretionary,Swiggy,,food transaction #949,
TXN100836,2024-01-08,Expense,Subscriptions,Memberships,1991.6,,Primary Savings,Yes,Discretionary,Employer,1500.0,Subscriptions transaction #836,reimbursable
TXN100961,2025-11-12,Expense,Education,Courses,5719.92,Credit Card,Salary Account,No,Discretionary,Employer,4000.0,Education transaction #961,
TXN101302,2025-11-27,Expense,Food,Dining Out,6884.71,,Salary Account,No,Discretionary,Landlord,8000.0,Food transaction #1302,reimbursable
TXN102019,2024-08-15,Expense,Food,Snacks,7722.47,Net Banking,Salary Account,No,Discretionary,Apollo Pharmacy,8000.0,Food transaction #2019,
TXN100538,2025-12-09,Expense,,,2095.83,UPI,Credit Card A/C,Yes,Discretionary,Local Store,,Misc transaction #538,
TXN100846,2025-03-15,Expense,Rent,Housing,6145.48,Debit Card,Salary Account,Yes,Essential,Freelance Client,15000.0,Rent transaction #846,review
TXN101101,2025-07-06,Expense,Transport,Public Transit,3025.18,Cash,Salary Account,No,Discretionary,Netflix,4000.0,Transport transaction #1101,
TXN102117,2025-10-14,Expense,Shopping,Electronics,7497.0,,Cash Wallet,Yes,Discretionary,Local Store,5000.0,Shopping transaction #2117,reimbursable
TXN101764,2024-09-10,Expense,Entertainment,Streaming,7539.66,Debit Card,Salary Account,No,Discretionary,,2500.0,Entertainment transaction #1764,
TXN100194,2024-08-23,Expense,Entertainment,Movies,7502.41,,Primary Savings,Yes,Discretionary,Freelance Client,2500.0,Entertainment transaction #194,
TXN100217,2024-03-25,Expense,Shopping,Home Goods,₹1276.5,Cash,Credit Card A/C,No,Discretionary,Zomato,5000.0,Shopping transaction #217,one-time
TXN101755,2025-10-08,Expense,Subscriptions,Memberships,966.54,UPI,Cash Wallet,Yes,Discretionary,Uber,1500.0,Subscriptions transaction #1755,reimbursable
TXN101095,2024-07-21,Expense,Groceries,Groceries,3744.87,UPI,Primary Savings,No,Essential,Apollo Pharmacy,6000.0,Groceries transaction #1095,review
TXN101165,2025-03-26,Income,Gift,,76659.76,Bank Transfer,Salary Account,No,,Amazon,,Gift transaction #1165,
TXN101796,2024-01-19,Expense,Education,Books,₹4661.88,Debit Card,Primary Savings,No,Discretionary,Apollo Pharmacy,4000.0,Education transaction #1796,
TXN102297,2025-02-24,Expense,Healthcare,Insurance Premium,3435.59,Credit Card,Credit Card A/C,No,Essential,,3000.0,Healthcare transaction #2297,
TXN100763,2025-04-20,Expense,food,Groceries,1976.23,Cash,Salary Account,No,Discretionary,Netflix,,food transaction #763,
TXN102363,2024-12-14,Expense,food,Snacks,6693.12,UPI,Cash Wallet,No,Discretionary,Swiggy,,food transaction #2363,one-time
TXN100871,2025-05-18,Expense,food,Groceries,7649.0,Debit Card,Primary Savings,No,Discretionary,Zomato,,food transaction #871,
TXN102218,2025-01-13,Expense,Insurance,Vehicle,7333.17,Cash,Credit Card A/C,Yes,Essential,Zomato,2000.0,Insurance transaction #2218,
TXN101516,2025-11-10,Expense,Healthcare,Insurance Premium,3106.57,Credit Card,Cash Wallet,No,Essential,,3000.0,Healthcare transaction #1516,
TXN100975,2024-01-10,Expense,Entertainment,Events,4050.48,Debit Card,Cash Wallet,Yes,Discretionary,Swiggy,2500.0,Entertainment transaction #975,review
TXN100888,2024-07-18,Expense,Shopping,Home Goods,1079.66,,Primary Savings,No,Discretionary,Local Store,5000.0,Shopping transaction #888,reimbursable
TXN101951,2024-05-02,Income,Freelance,,59067.82,Bank Transfer,Salary Account,No,,Freelance Client,,Freelance transaction #1951,review
TXN101629,2025-11-29,Expense,Subscriptions,Streaming,7214.3,Cash,Salary Account,Yes,Discretionary,BESCOM,1500.0,Subscriptions transaction #1629,review
TXN102458,2024-09-21,Expense,Shopping,Home Goods,₹5617.23,,Primary Savings,No,Discretionary,Employer,5000.0,Shopping transaction #2458,reimbursable
TXN100632,2024-01-22,Expense,Groceries,Groceries,5314.68,UPI,Salary Account,No,Essential,Landlord,6000.0,Groceries transaction #632,review
TXN101766,2024-09-21,Expense,Healthcare,Doctor Visit,7053.29,Cash,Credit Card A/C,Yes,Essential,Landlord,3000.0,Healthcare transaction #1766,review
TXN101864,2025-03-11,Expense,Rent,Housing,₹883.25,Credit Card,Salary Account,Yes,Essential,Freelance Client,15000.0,Rent transaction #1864,
TXN100885,,Expense,,,272.99,Debit Card,Salary Account,Yes,Discretionary,Zomato,,Misc transaction #885,
TXN100141,2024-12-31,Expense,Entertainment,Movies,5044.64,Net Banking,Credit Card A/C,Yes,Discretionary,Amazon,2500.0,Entertainment transaction #141,review
TXN100815,2024-12-30,Expense,Rent,Housing,4147.71,Debit Card,Cash Wallet,Yes,Essential,Swiggy,15000.0,Rent transaction #815,
TXN100081,2025-08-08,Expense,,,2579.5,Cash,Cash Wallet,No,Discretionary,Freelance Client,,Misc transaction #81,
TXN100155,2025-07-18,Expense,Rent,Housing,7290.16,UPI,Primary Savings,Yes,Essential,Landlord,15000.0,Rent transaction #155,
TXN101040,,Expense,Transport,Public Transit,4311.3,,Primary Savings,No,Discretionary,Swiggy,4000.0,Transport transaction #1040,review
TXN102100,2024-03-16,Expense,Groceries,Groceries,4633.8,Cash,Cash Wallet,No,Essential,Local Store,6000.0,Groceries transaction #2100,
TXN101990,2025-03-21,Expense,Food,Dining Out,7950.05,Cash,Primary Savings,Yes,Discretionary,Amazon,8000.0,Food transaction #1990,
TXN102487,2025-04-09,Expense,Education,Books,3668.9,Debit Card,Salary Account,Yes,Discretionary,BESCOM,4000.0,Education transaction #2487,
TXN101936,2025-09-28,Expense,Shopping,Home Goods,6857.26,Debit Card,Credit Card A/C,No,Discretionary,Apollo Pharmacy,5000.0,Shopping transaction #1936,reimbursable
TXN101148,2024-11-30,Expense,Healthcare,Doctor Visit,5093.27,,Primary Savings,Yes,Essential,Landlord,3000.0,Healthcare transaction #1148,reimbursable
TXN100183,2024-04-07,Expense,Rent,Housing,2021.97,Debit Card,Cash Wallet,Yes,Essential,BESCOM,15000.0,Rent transaction #183,
TXN100610,2024-02-24,Expense,Healthcare,Insurance Premium,1473.81,Net Banking,Credit Card A/C,Yes,Essential,Netflix,3000.0,Healthcare transaction #610,
TXN100617,,Expense,Transport,Public Transit,725.29,,Primary Savings,No,Discretionary,Zomato,4000.0,Transport transaction #617,
TXN100880,2024-01-13,Expense,Shopping,Clothing,3784.63,Credit Card,Credit Card A/C,No,Discretionary,Local Store,5000.0,Shopping transaction #880,review
TXN101353,2024-09-08,Expense,Entertainment,Movies,4130.3,UPI,Primary Savings,No,Discretionary,Swiggy,2500.0,Entertainment transaction #1353,
TXN100318,2025-09-06,Expense,Entertainment,Events,252.37,Cash,Credit Card A/C,No,Discretionary,Local Store,2500.0,Entertainment transaction #318,reimbursable
TXN102335,2024-12-08,Expense,Insurance,Vehicle,7267.59,Debit Card,Primary Savings,Yes,Essential,,2000.0,Insurance transaction #2335,one-time
TXN100160,2024-11-22,Expense,Entertainment,Streaming,2995.79,Net Banking,Primary Savings,No,Discretionary,BESCOM,2500.0,Entertainment transaction #160,
TXN100361,2024-02-10,Expense,Entertainment,Events,7462.44,Net Banking,Credit Card A/C,No,Discretionary,Employer,2500.0,Entertainment transaction #361,review
TXN101617,2024-11-11,Expense,Transport,Fuel,6451.85,UPI,Cash Wallet,Yes,Discretionary,BESCOM,4000.0,Transport transaction #1617,one-time
TXN100094,2024-05-06,Expense,Insurance,Vehicle,4697.25,,Credit Card A/C,Yes,Essential,Zomato,2000.0,Insurance transaction #94,reimbursable
TXN102276,2025-09-24,Expense,Healthcare,Pharmacy,2399.15,Credit Card,Salary Account,Yes,Essential,Amazon,3000.0,Healthcare transaction #2276,reimbursable
TXN102475,2025-03-07,Expense,food,Dining Out,2838.32,Debit Card,Primary Savings,Yes,Discretionary,Uber,,food transaction #2475,review
TXN100333,2025-09-15,Expense,Utilities,Internet,2895.48,Cash,Credit Card A/C,Yes,Essential,Amazon,3000.0,Utilities transaction #333,review
TXN102194,2025-03-24,Expense,Education,Courses,3931.37,Net Banking,Primary Savings,Yes,Discretionary,Apollo Pharmacy,4000.0,Education transaction #2194,
TXN100458,2024-02-27,Expense,Entertainment,Streaming,3502.72,UPI,Salary Account,Yes,Discretionary,Freelance Client,2500.0,Entertainment transaction #458,
TXN101649,2024-07-26,Expense,Rent,Housing,4561.37,Net Banking,Cash Wallet,Yes,Essential,Swiggy,15000.0,Rent transaction #1649,
TXN102128,2025-10-02,Expense,Rent,Housing,3766.14,Credit Card,Salary Account,Yes,Essential,Zomato,15000.0,Rent transaction #2128,review
TXN102422,2025-11-24,Expense,Groceries,Groceries,3842.66,Debit Card,Cash Wallet,Yes,Essential,Uber,6000.0,Groceries transaction #2422,
TXN100508,2025-01-27,Income,Bonus,,47434.17,Bank Transfer,Salary Account,No,,,,Bonus transaction #508,review
TXN101205,2024-07-18,Expense,Groceries,Groceries,₹284.43,Cash,Primary Savings,No,Essential,Zomato,6000.0,Groceries transaction #1205,review
TXN100447,2024-06-06,Expense,Entertainment,Streaming,928.19,Net Banking,Primary Savings,Yes,Discretionary,Swiggy,2500.0,Entertainment transaction #447,
TXN100446,2024-07-08,Expense,Groceries,Groceries,1948.35,,Primary Savings,No,Essential,BESCOM,6000.0,Groceries transaction #446,reimbursable
TXN100974,2025-08-17,Expense,Insurance,Vehicle,4978.02,UPI,Credit Card A/C,Yes,Essential,Swiggy,2000.0,Insurance transaction #974,
TXN100778,2024-03-12,Expense,Food,Snacks,7509.28,Credit Card,Primary Savings,Yes,Discretionary,Employer,8000.0,Food transaction #778,
TXN101044,2025-12-05,Expense,Utilities,Internet,6283.23,,Cash Wallet,Yes,Essential,,3000.0,Utilities transaction #1044,
TXN102208,2025-12-13,Income,Investment,,84085.87,Bank Transfer,Salary Account,No,,Swiggy,,Investment transaction #2208,
TXN102370,2025-06-02,Expense,Utilities,Internet,1867.7,Debit Card,Cash Wallet,Yes,Essential,Local Store,3000.0,Utilities transaction #2370,one-time
TXN100346,2024-12-05,Expense,Groceries,Groceries,2938.19,Cash,Primary Savings,Yes,Essential,Freelance Client,6000.0,Groceries transaction #346,review
TXN102271,2024-10-15,Expense,Transport,Public Transit,2041.73,Credit Card,Credit Card A/C,Yes,Discretionary,Amazon,4000.0,Transport transaction #2271,
TXN102064,2025-07-13,Income,Investment,,81199.48,Bank Transfer,Salary Account,No,,Employer,,Investment transaction #2064,reimbursable
TXN100339,2024-04-16,Expense,Groceries,Groceries,₹5443.23,Credit Card,Cash Wallet,No,Essential,Employer,6000.0,Groceries transaction #339,review
TXN101437,2024-06-19,Expense,Education,Tuition,5433.28,Net Banking,Credit Card A/C,No,Discretionary,Swiggy,4000.0,Education transaction #1437,review
TXN101018,2025-08-06,Expense,Rent,Housing,3290.56,Net Banking,Salary Account,Yes,Essential,Employer,15000.0,Rent transaction #1018,
TXN100973,2025-11-14,Expense,Shopping,Home Goods,3738.51,Cash,Salary Account,Yes,Discretionary,Netflix,5000.0,Shopping transaction #973,
TXN101038,2025-05-15,Expense,Insurance,Life,2179.99,Credit Card,Cash Wallet,Yes,Essential,Amazon,2000.0,Insurance transaction #1038,review
TXN100550,2025-11-25,Expense,food,Snacks,₹1141.77,Credit Card,Primary Savings,Yes,Discretionary,Uber,,food transaction #550,one-time
TXN101486,2025-11-04,Expense,,,6559.25,Debit Card,Primary Savings,No,Discretionary,Local Store,,Misc transaction #1486,
TXN101875,2025-04-06,Expense,food,Snacks,3117.38,Cash,Salary Account,No,Discretionary,Employer,,food transaction #1875,
TXN101239,2025-11-06,Expense,Entertainment,Streaming,6123.61,Cash,Credit Card A/C,No,Discretionary,BESCOM,2500.0,Entertainment transaction #1239,reimbursable
TXN101978,2025-04-11,Expense,Rent,Housing,1444.76,,Salary Account,Yes,Essential,Apollo Pharmacy,15000.0,Rent transaction #1978,one-time
TXN100887,2024-11-18,Income,Investment,,20593.51,Bank Transfer,Salary Account,No,,Uber,,Investment transaction #887,reimbursable
TXN100400,2025-02-10,Expense,Shopping,Home Goods,3885.62,Debit Card,Cash Wallet,No,Discretionary,Netflix,5000.0,Shopping transaction #400,one-time
TXN101819,2024-11-08,Expense,food,Groceries,1559.48,,Salary Account,Yes,Discretionary,BESCOM,,food transaction #1819,review
TXN101468,2025-03-01,Expense,Groceries,Groceries,4897.45,Debit Card,Salary Account,Yes,Essential,Zomato,6000.0,Groceries transaction #1468,
TXN101272,2025-10-11,Expense,Healthcare,Doctor Visit,4638.9,Debit Card,Salary Account,Yes,Essential,Uber,3000.0,Healthcare transaction #1272,
TXN100991,2025-07-01,Expense,Shopping,Home Goods,193.85,Cash,Primary Savings,No,Discretionary,Local Store,5000.0,Shopping transaction #991,one-time
TXN102041,2025-12-11,Expense,Education,Books,241.36,Debit Card,Credit Card A/C,Yes,Discretionary,Freelance Client,4000.0,Education transaction #2041,
TXN101848,2025-11-28,Expense,Rent,Housing,969.47,Net Banking,Credit Card A/C,Yes,Essential,Apollo Pharmacy,15000.0,Rent transaction #1848,
TXN100943,2024-05-30,Expense,food,Snacks,181.87,Cash,Salary Account,No,Discretionary,Amazon,,food transaction #943,
TXN100450,2024-02-11,Expense,Utilities,Electricity,7686.66,UPI,Primary Savings,Yes,Essential,Landlord,3000.0,Utilities transaction #450,review
TXN102260,2025-01-03,Expense,Education,Courses,₹3741.67,Credit Card,Primary Savings,Yes,Discretionary,Landlord,4000.0,Education transaction #2260,
TXN102077,,Expense,Entertainment,Streaming,7040.81,UPI,Cash Wallet,No,Discretionary,BESCOM,2500.0,Entertainment transaction #2077,reimbursable
TXN101696,2024-01-07,Expense,Shopping,Home Goods,836.85,Net Banking,Salary Account,Yes,Discretionary,Uber,5000.0,Shopping transaction #1696,
TXN100393,2025-08-27,Income,Bonus,,₹46982.33,Bank Transfer,Salary Account,No,,Zomato,,Bonus transaction #393,reimbursable
TXN102449,2025-09-06,Expense,Rent,Housing,4321.21,UPI,Credit Card A/C,Yes,Essential,Zomato,15000.0,Rent transaction #2449,reimbursable
TXN101863,2025-04-07,Expense,Healthcare,Pharmacy,6017.37,Net Banking,Credit Card A/C,No,Essential,Uber,3000.0,Healthcare transaction #1863,
TXN100675,2024-05-12,Expense,Rent,Housing,3357.08,Cash,Credit Card A/C,Yes,Essential,BESCOM,15000.0,Rent transaction #675,
TXN100823,2025-11-05,Expense,Rent,Housing,₹4205.2,Debit Card,Salary Account,Yes,Essential,,15000.0,Rent transaction #823,
TXN102297,2025-02-24,Expense,Healthcare,Insurance Premium,3435.59,Credit Card,Credit Card A/C,No,Essential,,3000.0,Healthcare transaction #2297,
TXN102126,2024-11-24,Expense,Entertainment,Streaming,1058.36,Cash,Primary Savings,No,Discretionary,Uber,2500.0,Entertainment transaction #2126,reimbursable
TXN100301,2024-02-15,Expense,Healthcare,Doctor Visit,2185.07,UPI,Salary Account,Yes,Essential,Zomato,3000.0,Healthcare transaction #301,one-time
TXN101745,2024-02-26,Expense,Insurance,Health,6630.0,UPI,Cash Wallet,Yes,Essential,Freelance Client,2000.0,Insurance transaction #1745,
TXN100479,2025-04-13,Expense,Shopping,Electronics,4883.04,Cash,Credit Card A/C,No,Discretionary,Employer,5000.0,Shopping transaction #479,reimbursable
TXN102388,2025-05-20,Expense,Utilities,Water,2672.94,Net Banking,Salary Account,Yes,Essential,Freelance Client,3000.0,Utilities transaction #2388,
TXN100560,2025-04-13,Expense,Insurance,Health,1657.58,Credit Card,Primary Savings,Yes,Essential,,2000.0,Insurance transaction #560,
TXN101894,2024-02-22,Income,Investment,,₹46780.03,Bank Transfer,Salary Account,No,,Local Store,,Investment transaction #1894,
TXN101853,2025-07-01,Expense,,,₹593.12,Credit Card,Cash Wallet,No,Discretionary,BESCOM,,Misc transaction #1853,one-time
TXN101810,2025-09-02,Expense,Rent,Housing,1483.33,Net Banking,Salary Account,Yes,Essential,,15000.0,Rent transaction #1810,
TXN100772,2025-02-01,Expense,,,2689.77,,Credit Card A/C,No,Discretionary,Zomato,,Misc transaction #772,reimbursable
TXN102131,2024-02-24,Income,Bonus,,38917.4,Bank Transfer,Salary Account,No,,Freelance Client,,Bonus transaction #2131,
TXN101479,2025-01-12,Expense,Groceries,Groceries,2321.83,Credit Card,Primary Savings,No,Essential,Netflix,6000.0,Groceries transaction #1479,reimbursable
TXN100841,2024-06-06,Expense,Healthcare,Pharmacy,5270.24,Credit Card,Cash Wallet,No,Essential,Uber,3000.0,Healthcare transaction #841,
TXN102278,2024-08-14,Expense,Entertainment,Movies,1012.82,Credit Card,Salary Account,Yes,Discretionary,Netflix,2500.0,Entertainment transaction #2278,
TXN102320,2024-03-09,Expense,Shopping,Electronics,1242.11,Debit Card,Salary Account,No,Discretionary,BESCOM,5000.0,Shopping transaction #2320,reimbursable
TXN102122,2024-05-16,Expense,,,3188.53,Cash,Cash Wallet,Yes,Discretionary,Netflix,,Misc transaction #2122,
TXN101756,2025-11-19,Expense,Groceries,Groceries,₹1041.28,UPI,Salary Account,Yes,Essential,Employer,6000.0,Groceries transaction #1756,
TXN100040,2024-11-04,Expense,Food,Dining Out,3467.61,Net Banking,Credit Card A/C,No,Discretionary,Apollo Pharmacy,8000.0,Food transaction #40,one-time
TXN102182,2025-09-19,Expense,Transport,Cab,1706.09,UPI,Credit Card A/C,No,Discretionary,Uber,4000.0,Transport transaction #2182,reimbursable
TXN101645,2024-12-03,Expense,Groceries,Groceries,642.54,UPI,Primary Savings,No,Essential,Local Store,6000.0,Groceries transaction #1645,one-time
TXN101648,2025-02-12,Expense,Groceries,Groceries,3782.0,Net Banking,Primary Savings,No,Essential,Landlord,6000.0,Groceries transaction #1648,reimbursable
TXN100662,2024-04-06,Expense,Subscriptions,Memberships,₹2875.89,Net Banking,Primary Savings,Yes,Discretionary,Landlord,1500.0,Subscriptions transaction #662,one-time
TXN101014,2025-08-18,Expense,Transport,Cab,₹309.17,,Salary Account,No,Discretionary,Freelance Client,4000.0,Transport transaction #1014,
TXN100583,2024-07-19,Income,Gift,,79461.6,Bank Transfer,Salary Account,No,,Freelance Client,,Gift transaction #583,reimbursable
TXN101394,2024-03-22,Expense,Transport,Cab,1082.53,,Credit Card A/C,Yes,Discretionary,Freelance Client,4000.0,Transport transaction #1394,
TXN101772,2025-02-06,Expense,Education,Tuition,1563.0,Net Banking,Credit Card A/C,No,Discretionary,Amazon,4000.0,Education transaction #1772,
TXN101748,2024-06-27,Expense,Insurance,Life,₹3453.55,,Credit Card A/C,Yes,Essential,Zomato,2000.0,Insurance transaction #1748,review
TXN100358,2024-08-18,Expense,Subscriptions,Memberships,6053.11,Net Banking,Salary Account,Yes,Discretionary,,1500.0,Subscriptions transaction #358,
TXN100852,2025-01-05,Expense,Groceries,Groceries,2243.78,Net Banking,Cash Wallet,Yes,Essential,Zomato,6000.0,Groceries transaction #852,
TXN100104,2025-02-15,Expense,food,Dining Out,3576.32,UPI,Credit Card A/C,Yes,Discretionary,Zomato,,food transaction #104,reimbursable
TXN100234,2024-04-26,Expense,Healthcare,Insurance Premium,2541.56,Cash,Cash Wallet,Yes,Essential,Uber,3000.0,Healthcare transaction #234,
TXN100694,2025-06-25,Income,Freelance,,51880.27,Bank Transfer,Salary Account,No,,Amazon,,Freelance transaction #694,
TXN100193,2025-02-06,Expense,Subscriptions,Streaming,6061.63,Debit Card,Cash Wallet,Yes,Discretionary,Freelance Client,1500.0,Subscriptions transaction #193,one-time
TXN100616,2024-12-23,Expense,Groceries,Groceries,5019.97,Cash,Primary Savings,No,Essential,Uber,6000.0,Groceries transaction #616,
TXN101339,2024-04-24,Expense,Groceries,Groceries,1963.41,Credit Card,Credit Card A/C,No,Essential,BESCOM,6000.0,Groceries transaction #1339,
TXN101048,2025-01-26,Income,Bonus,,70929.02,Bank Transfer,Salary Account,No,,Uber,,Bonus transaction #1048,one-time
TXN101055,2025-10-27,Expense,Utilities,Internet,6432.37,,Credit Card A/C,No,Essential,Apollo Pharmacy,3000.0,Utilities transaction #1055,review
TXN101364,2025-07-15,Expense,Groceries,Groceries,1268.97,Cash,Credit Card A/C,No,Essential,,6000.0,Groceries transaction #1364,
TXN101836,2025-01-14,Expense,Food,Groceries,5453.27,,Cash Wallet,No,Discretionary,Zomato,8000.0,Food transaction #1836,reimbursable
TXN100633,2025-01-06,Expense,Insurance,Life,1929.24,Cash,Cash Wallet,Yes,Essential,Amazon,2000.0,Insurance transaction #633,
TXN100384,2024-03-05,Expense,Transport,Fuel,4167.19,Debit Card,Cash Wallet,No,Discretionary,Apollo Pharmacy,4000.0,Transport transaction #384,review
TXN100849,2025-03-13,Expense,Utilities,Electricity,2280.42,Debit Card,Cash Wallet,Yes,Essential,Uber,3000.0,Utilities transaction #849,
TXN101861,2025-05-17,Expense,Subscriptions,Memberships,₹4183.2,Net Banking,Primary Savings,Yes,Discretionary,Employer,1500.0,Subscriptions transaction #1861,one-time
TXN100713,2024-12-15,Expense,Groceries,Groceries,5550.17,,Primary Savings,No,Essential,Amazon,6000.0,Groceries transaction #713,one-time
TXN102307,2024-01-28,Expense,Food,Snacks,2372.81,Debit Card,Salary Account,No,Discretionary,Netflix,8000.0,Food transaction #2307,
TXN100089,2024-04-19,Expense,Groceries,Groceries,₹7941.9,Debit Card,Primary Savings,No,Essential,Netflix,6000.0,Groceries transaction #89,review
TXN101308,2024-03-14,Income,Bonus,,86570.89,Bank Transfer,Salary Account,No,,Local Store,,Bonus transaction #1308,
TXN100307,2025-04-29,Income,Investment,,48208.18,Bank Transfer,Salary Account,No,,Employer,,Investment transaction #307,
TXN101220,2024-04-29,Expense,Food,Groceries,7326.2,Debit Card,Salary Account,No,Discretionary,BESCOM,8000.0,Food transaction #1220,
TXN100742,2025-10-27,Income,Freelance,,82641.92,Bank Transfer,Salary Account,No,,Apollo Pharmacy,,Freelance transaction #742,
TXN100921,2025-04-06,Expense,Rent,Housing,1470.48,Net Banking,Primary Savings,Yes,Essential,Zomato,15000.0,Rent transaction #921,one-time
TXN100210,2025-06-23,Expense,Entertainment,Streaming,678.2,Cash,Cash Wallet,Yes,Discretionary,,2500.0,Entertainment transaction #210,
TXN100383,2025-09-20,Expense,,,₹3597.45,Credit Card,Salary Account,No,Discretionary,Uber,,Misc transaction #383,
TXN100690,2025-11-12,Expense,Groceries,Groceries,2312.06,,Salary Account,No,Essential,Landlord,6000.0,Groceries transaction #690,reimbursable
TXN100708,2024-10-02,Expense,Groceries,Groceries,₹4459.92,Credit Card,Credit Card A/C,No,Essential,Apollo Pharmacy,6000.0,Groceries transaction #708,
TXN100402,2025-07-17,Expense,Insurance,Vehicle,3143.37,,Primary Savings,Yes,Essential,Zomato,2000.0,Insurance transaction #402,reimbursable
TXN101644,,Expense,,,79.02,,Primary Savings,No,Discretionary,Local Store,,Misc transaction #1644,
TXN101185,2024-10-09,Expense,Insurance,Vehicle,₹5352.48,Debit Card,Credit Card A/C,Yes,Essential,Zomato,2000.0,Insurance transaction #1185,one-time
TXN100998,2024-07-27,Expense,Education,Courses,4446.08,UPI,Credit Card A/C,Yes,Discretionary,Amazon,4000.0,Education transaction #998,review
TXN101523,2024-07-01,Expense,Entertainment,Streaming,4624.78,Cash,Salary Account,Yes,Discretionary,Uber,2500.0,Entertainment transaction #1523,
TXN101614,2024-01-08,Income,Gift,,65924.48,Bank Transfer,Salary Account,No,,Employer,,Gift transaction #1614,reimbursable
TXN100403,2025-03-21,Income,Investment,,35523.92,Bank Transfer,Salary Account,No,,Zomato,,Investment transaction #403,one-time
TXN102264,2024-05-29,Income,Gift,,70776.97,Bank Transfer,Salary Account,No,,,,Gift transaction #2264,
TXN101082,2025-01-17,Expense,Healthcare,Insurance Premium,369.03,Credit Card,Primary Savings,No,Essential,Local Store,3000.0,Healthcare transaction #1082,one-time
TXN102215,2024-07-16,Expense,Subscriptions,Streaming,4687.58,Debit Card,Salary Account,Yes,Discretionary,Local Store,1500.0,Subscriptions transaction #2215,one-time
TXN100441,2025-05-01,Expense,Rent,Housing,2027.34,Cash,Primary Savings,Yes,Essential,Freelance Client,15000.0,Rent transaction #441,review
TXN101693,2025-07-23,Expense,Education,Books,4546.47,Credit Card,Primary Savings,Yes,Discretionary,Employer,4000.0,Education transaction #1693,
TXN102063,2025-06-29,Expense,,,7535.96,,Primary Savings,Yes,Discretionary,Local Store,,Misc transaction #2063,reimbursable
TXN100558,2025-03-31,Expense,Entertainment,Streaming,5430.98,Debit Card,Salary Account,Yes,Discretionary,Uber,2500.0,Entertainment transaction #558,one-time
TXN100860,2024-11-28,Income,Gift,,38482.67,Bank Transfer,Salary Account,No,,Swiggy,,Gift transaction #860,
TXN101133,2024-01-01,Expense,Shopping,Home Goods,5067.47,Debit Card,Cash Wallet,No,Discretionary,Freelance Client,5000.0,Shopping transaction #1133,
TXN102401,2025-02-10,Income,Salary,,39054.04,Bank Transfer,Salary Account,Yes,,Employer,,Salary transaction #2401,
TXN102419,2024-08-20,Expense,food,Dining Out,1489.94,Credit Card,Primary Savings,Yes,Discretionary,Apollo Pharmacy,,food transaction #2419,reimbursable
TXN100086,2025-01-18,Expense,Transport,Public Transit,5470.31,Credit Card,Salary Account,Yes,Discretionary,Zomato,4000.0,Transport transaction #86,review
TXN101613,2025-10-25,Income,Gift,,60548.82,Bank Transfer,Salary Account,No,,Uber,,Gift transaction #1613,one-time
TXN102368,2025-02-21,Expense,Healthcare,Doctor Visit,3074.41,Cash,Salary Account,No,Essential,Freelance Client,3000.0,Healthcare transaction #2368,
TXN100462,2024-07-21,Expense,Insurance,Vehicle,₹4947.17,,Salary Account,Yes,Essential,BESCOM,2000.0,Insurance transaction #462,
TXN100814,2024-01-10,Expense,Groceries,Groceries,7908.45,Credit Card,Cash Wallet,No,Essential,Freelance Client,6000.0,Groceries transaction #814,
TXN100853,2024-02-12,Expense,Insurance,Life,3593.87,UPI,Primary Savings,Yes,Essential,Landlord,2000.0,Insurance transaction #853,one-time
TXN101005,2024-10-02,Expense,,,6183.93,UPI,Primary Savings,No,Discretionary,Employer,,Misc transaction #1005,
TXN101572,2025-05-23,Expense,,,2980.1,Debit Card,Primary Savings,No,Discretionary,Apollo Pharmacy,,Misc transaction #1572,
TXN102195,2024-06-02,Expense,Utilities,Water,2385.44,Net Banking,Salary Account,Yes,Essential,BESCOM,3000.0,Utilities transaction #2195,one-time
TXN100188,2025-03-28,Income,Freelance,,₹70184.26,Bank Transfer,Salary Account,No,,Apollo Pharmacy,,Freelance transaction #188,
TXN102212,2025-09-20,Expense,food,Groceries,2085.41,Debit Card,Salary Account,Yes,Discretionary,Employer,,food transaction #2212,
TXN100613,2024-11-18,Expense,Healthcare,Doctor Visit,1456.11,,Credit Card A/C,Yes,Essential,Apollo Pharmacy,3000.0,Healthcare transaction #613,one-time
TXN100436,2024-12-16,Expense,,,7983.81,Cash,Primary Savings,No,Discretionary,Zomato,,Misc transaction #436,
TXN102359,2024-05-07,Expense,food,Dining Out,4433.92,Credit Card,Primary Savings,Yes,Discretionary,Employer,,food transaction #2359,one-time
TXN102196,2024-11-07,Expense,Entertainment,Streaming,1163.89,Cash,Primary Savings,Yes,Discretionary,Landlord,2500.0,Entertainment transaction #2196,
TXN100819,2025-07-04,Expense,Subscriptions,Streaming,6548.83,Net Banking,Cash Wallet,Yes,Discretionary,Zomato,1500.0,Subscriptions transaction #819,review
TXN102013,2024-01-09,Expense,Education,Courses,6376.72,,Cash Wallet,Yes,Discretionary,Netflix,4000.0,Education transaction #2013,
TXN100775,2024-02-08,Expense,Subscriptions,Memberships,3577.62,Debit Card,Salary Account,Yes,Discretionary,Netflix,1500.0,Subscriptions transaction #775,
TXN101455,2025-06-12,Expense,Subscriptions,Streaming,560.12,Debit Card,Salary Account,Yes,Discretionary,Swiggy,1500.0,Subscriptions transaction #1455,one-time
TXN102083,2024-11-13,Expense,Healthcare,Doctor Visit,50.68,Debit Card,Cash Wallet,No,Essential,Amazon,3000.0,Healthcare transaction #2083,one-time
TXN100486,2024-11-11,Expense,,,₹2345.81,Credit Card,Primary Savings,Yes,Discretionary,BESCOM,,Misc transaction #486,
TXN102229,2025-08-15,Expense,Insurance,Life,5635.12,Debit Card,Cash Wallet,Yes,Essential,BESCOM,2000.0,Insurance transaction #2229,
TXN100792,2024-07-06,Expense,Transport,Cab,6979.34,Cash,Primary Savings,Yes,Discretionary,Zomato,4000.0,Transport transaction #792,
TXN102136,2024-05-10,Income,Freelance,,88275.18,Bank Transfer,Salary Account,No,,Netflix,,Freelance transaction #2136,
TXN100582,2024-12-31,Income,Salary,,62570.58,Bank Transfer,Salary Account,Yes,,Employer,,Salary transaction #582,
TXN100577,2024-06-06,Expense,food,Groceries,4617.48,Cash,Credit Card A/C,No,Discretionary,Swiggy,,food transaction #577,review
TXN100747,2024-07-24,Expense,Insurance,Health,5974.43,,Credit Card A/C,Yes,Essential,BESCOM,2000.0,Insurance transaction #747,review
TXN101315,2025-09-07,Expense,food,Snacks,₹6707.13,Credit Card,Cash Wallet,No,Discretionary,BESCOM,,food transaction #1315,review
TXN101757,2025-05-12,Expense,Utilities,Water,₹3675.95,Debit Card,Cash Wallet,Yes,Essential,,3000.0,Utilities transaction #1757,reimbursable
TXN101732,2024-01-26,Expense,Entertainment,Streaming,5283.37,UPI,Primary Savings,Yes,Discretionary,Swiggy,2500.0,Entertainment transaction #1732,review
TXN102375,2025-08-03,Income,Bonus,,51278.56,Bank Transfer,Salary Account,No,,,,Bonus transaction #2375,reimbursable
TXN101782,2025-04-12,Expense,Food,Dining Out,1178.86,Cash,Credit Card A/C,No,Discretionary,BESCOM,8000.0,Food transaction #1782,
TXN101352,2025-06-30,Income,Bonus,,58740.71,Bank Transfer,Salary Account,No,,Uber,,Bonus transaction #1352,
TXN101858,2024-01-30,Expense,food,Groceries,4455.12,Cash,Salary Account,Yes,Discretionary,Landlord,,food transaction #1858,review
TXN100579,2024-05-28,Expense,Entertainment,Movies,101694.65,Net Banking,Credit Card A/C,No,Discretionary,Apollo Pharmacy,2500.0,Entertainment transaction #579,reimbursable
TXN102462,2025-06-13,Expense,Utilities,Water,182.28,Debit Card,Cash Wallet,No,Essential,,3000.0,Utilities transaction #2462,one-time
TXN100802,2024-11-30,Expense,,,5767.44,,Cash Wallet,Yes,Discretionary,Freelance Client,,Misc transaction #802,review
TXN100258,2024-01-18,Expense,Food,Dining Out,7384.51,Cash,Credit Card A/C,No,Discretionary,Local Store,8000.0,Food transaction #258,reimbursable
TXN100457,2024-06-26,Expense,Subscriptions,Memberships,7265.86,Net Banking,Credit Card A/C,Yes,Discretionary,Amazon,1500.0,Subscriptions transaction #457,
TXN100724,2024-09-13,Expense,Healthcare,Pharmacy,6668.51,Debit Card,Salary Account,Yes,Essential,Employer,3000.0,Healthcare transaction #724,review
TXN100115,2024-09-18,Expense,food,Groceries,3473.71,Credit Card,Cash Wallet,Yes,Discretionary,Landlord,,food transaction #115,
TXN101763,2024-03-21,Expense,Groceries,Groceries,4985.08,Net Banking,Credit Card A/C,No,Essential,Uber,6000.0,Groceries transaction #1763,one-time
TXN101103,2024-10-08,Expense,Groceries,Groceries,1837.36,,Credit Card A/C,Yes,Essential,Zomato,6000.0,Groceries transaction #1103,reimbursable
TXN102356,2024-11-28,Expense,Education,Tuition,7141.33,Net Banking,Primary Savings,No,Discretionary,Netflix,4000.0,Education transaction #2356,
TXN101311,2025-12-06,Expense,Entertainment,Events,267.26,UPI,Cash Wallet,Yes,Discretionary,Apollo Pharmacy,2500.0,Entertainment transaction #1311,
TXN100546,2024-11-11,Expense,,,7966.88,UPI,Credit Card A/C,Yes,Discretionary,Uber,,Misc transaction #546,
TXN101252,2025-01-24,Expense,Healthcare,Doctor Visit,5577.54,Debit Card,Cash Wallet,No,Essential,Uber,3000.0,Healthcare transaction #1252,one-time
TXN101752,2024-06-02,Expense,Transport,Public Transit,5745.8,Net Banking,Cash Wallet,No,Discretionary,Landlord,4000.0,Transport transaction #1752,
TXN100417,2024-07-10,Expense,Transport,Cab,4924.02,Debit Card,Salary Account,No,Discretionary,Local Store,4000.0,Transport transaction #417,
TXN100046,2025-06-17,Expense,Transport,Cab,5722.68,Credit Card,Credit Card A/C,No,Discretionary,Uber,4000.0,Transport transaction #46,
TXN100309,2025-05-18,Expense,Insurance,Life,1862.26,Debit Card,Cash Wallet,Yes,Essential,Uber,2000.0,Insurance transaction #309,review
TXN100877,2024-01-18,Expense,Healthcare,Pharmacy,523.64,Debit Card,Credit Card A/C,Yes,Essential,Netflix,3000.0,Healthcare transaction #877,reimbursable
TXN101583,2025-11-01,Expense,Transport,Public Transit,4438.68,,Credit Card A/C,Yes,Discretionary,Uber,4000.0,Transport transaction #1583,
TXN102079,2024-09-20,Income,Freelance,,42259.14,Bank Transfer,Salary Account,No,,Zomato,,Freelance transaction #2079,reimbursable
TXN101656,2024-05-28,Expense,Groceries,Groceries,3514.15,Credit Card,Salary Account,Yes,Essential,Employer,6000.0,Groceries transaction #1656,reimbursable
TXN101304,2024-01-05,Expense,Education,Tuition,5930.7,,Credit Card A/C,No,Discretionary,Zomato,4000.0,Education transaction #1304,
TXN101771,2024-01-29,Income,Investment,,27464.53,Bank Transfer,Salary Account,No,,Zomato,,Investment transaction #1771,
TXN101212,2024-11-15,Expense,food,Dining Out,4741.35,Credit Card,Primary Savings,No,Discretionary,BESCOM,,food transaction #1212,
TXN100407,2024-10-18,Expense,Education,Tuition,7708.14,Debit Card,Salary Account,Yes,Discretionary,Apollo Pharmacy,4000.0,Education transaction #407,
TXN102059,2025-09-02,Income,Salary,,85715.16,Bank Transfer,Salary Account,Yes,,Employer,,Salary transaction #2059,
TXN100805,2024-04-24,Income,Gift,,85604.75,Bank Transfer,Salary Account,No,,,,Gift transaction #805,
TXN102172,2025-02-01,Expense,Groceries,Groceries,424.25,Net Banking,Salary Account,Yes,Essential,Apollo Pharmacy,6000.0,Groceries transaction #2172,
TXN100624,2024-10-01,Expense,Education,Tuition,7259.34,Net Banking,Primary Savings,Yes,Discretionary,Uber,4000.0,Education transaction #624,review
TXN102439,,Income,Bonus,,65980.36,Bank Transfer,Salary Account,No,,,,Bonus transaction #2439,
TXN101919,2025-06-11,Expense,Transport,Fuel,7128.03,,Salary Account,No,Discretionary,Zomato,4000.0,Transport transaction #1919,
TXN101821,2025-12-18,Income,Bonus,,54510.58,Bank Transfer,Salary Account,No,,Zomato,,Bonus transaction #1821,review
TXN100192,2025-03-06,Expense,Shopping,Electronics,7258.8,Cash,Primary Savings,Yes,Discretionary,Freelance Client,5000.0,Shopping transaction #192,reimbursable
TXN101492,2024-02-26,Income,Bonus,,₹55272.95,Bank Transfer,Salary Account,No,,Zomato,,Bonus transaction #1492,reimbursable
TXN100121,2025-10-20,Expense,Groceries,Groceries,5036.38,Credit Card,Cash Wallet,Yes,Essential,Apollo Pharmacy,6000.0,Groceries transaction #121,
TXN100311,2025-06-20,Expense,Food,Groceries,₹6671.79,UPI,Salary Account,Yes,Discretionary,Apollo Pharmacy,8000.0,Food transaction #311,
TXN101081,2025-01-01,Expense,Healthcare,Insurance Premium,222.91,Net Banking,Cash Wallet,No,Essential,,3000.0,Healthcare transaction #1081,
TXN101042,2025-07-02,Expense,Subscriptions,Streaming,1333.16,Debit Card,Credit Card A/C,Yes,Discretionary,Local Store,1500.0,Subscriptions transaction #1042,
TXN100740,2025-09-21,Income,Gift,,47168.11,Bank Transfer,Salary Account,No,,Freelance Client,,Gift transaction #740,reimbursable
TXN100882,2025-05-30,Expense,Shopping,Electronics,7014.01,Net Banking,Credit Card A/C,No,Discretionary,,5000.0,Shopping transaction #882,
TXN102010,2025-06-23,Expense,Subscriptions,Memberships,6209.96,,Cash Wallet,Yes,Discretionary,,1500.0,Subscriptions transaction #2010,
TXN102246,2024-05-05,Expense,Utilities,Electricity,1256.43,Debit Card,Credit Card A/C,Yes,Essential,Zomato,3000.0,Utilities transaction #2246,
TXN101321,,Income,Bonus,,20783.55,Bank Transfer,Salary Account,No,,Amazon,,Bonus transaction #1321,reimbursable
TXN101995,2024-10-18,Expense,Transport,Public Transit,6217.33,Credit Card,Salary Account,No,Discretionary,BESCOM,4000.0,Transport transaction #1995,one-time
TXN100017,2025-12-25,Expense,Transport,Fuel,6884.1,UPI,Salary Account,No,Discretionary,Freelance Client,4000.0,Transport transaction #17,review
TXN100353,2025-05-30,Expense,Insurance,Health,6098.16,Net Banking,Cash Wallet,Yes,Essential,Employer,2000.0,Insurance transaction #353,one-time
TXN102050,2025-01-30,Expense,Insurance,Health,5438.52,Debit Card,Primary Savings,Yes,Essential,Zomato,2000.0,Insurance transaction #2050,reimbursable
TXN101262,2025-09-26,Expense,Shopping,Clothing,7194.19,Cash,Primary Savings,Yes,Discretionary,Uber,5000.0,Shopping transaction #1262,
TXN100862,2024-04-18,Expense,Subscriptions,SaaS Tools,2095.89,,Salary Account,Yes,Discretionary,Apollo Pharmacy,1500.0,Subscriptions transaction #862,reimbursable
TXN102125,2025-06-12,Expense,Rent,Housing,₹3982.42,UPI,Salary Account,Yes,Essential,Employer,15000.0,Rent transaction #2125,
TXN100059,2025-09-02,Expense,Utilities,Internet,7587.1,UPI,Salary Account,No,Essential,Apollo Pharmacy,3000.0,Utilities transaction #59,one-time
TXN101419,2024-03-03,Expense,Food,Snacks,2348.13,Cash,Primary Savings,No,Discretionary,Swiggy,8000.0,Food transaction #1419,
TXN101727,2025-06-27,Expense,Rent,Housing,681.24,,Cash Wallet,Yes,Essential,Zomato,15000.0,Rent transaction #1727,
TXN101094,2024-04-24,Expense,Shopping,Home Goods,6969.0,UPI,Salary Account,Yes,Discretionary,Uber,5000.0,Shopping transaction #1094,
TXN101725,2024-09-28,Expense,Groceries,Groceries,7183.22,Cash,Primary Savings,No,Essential,Uber,6000.0,Groceries transaction #1725,
TXN100421,2025-05-02,Expense,food,Dining Out,2115.16,Debit Card,Credit Card A/C,No,Discretionary,Amazon,,food transaction #421,review
TXN101891,2025-09-28,Expense,Groceries,Groceries,5092.62,Credit Card,Salary Account,No,Essential,Landlord,6000.0,Groceries transaction #1891,review
TXN102018,2024-03-27,Expense,Transport,Cab,4333.01,Credit Card,Salary Account,Yes,Discretionary,Netflix,4000.0,Transport transaction #2018,reimbursable
TXN102304,2024-10-26,Expense,Insurance,Life,₹1584.89,,Salary Account,Yes,Essential,,2000.0,Insurance transaction #2304,review
TXN100371,2025-12-03,Expense,food,Dining Out,3529.53,Cash,Primary Savings,No,Discretionary,Swiggy,,food transaction #371,one-time
TXN100388,2024-08-04,Expense,Rent,Housing,6544.79,,Salary Account,Yes,Essential,Local Store,15000.0,Rent transaction #388,one-time
TXN102148,2024-04-19,Expense,Utilities,Water,6170.23,Net Banking,Cash Wallet,No,Essential,Amazon,3000.0,Utilities transaction #2148,
TXN100419,2025-01-25,Expense,,,1238.91,UPI,Salary Account,No,Discretionary,Apollo Pharmacy,,Misc transaction #419,review
TXN102460,2025-03-04,Expense,Entertainment,Movies,₹658.76,,Cash Wallet,Yes,Discretionary,Freelance Client,2500.0,Entertainment transaction #2460,
TXN100937,2025-08-20,Expense,Rent,Housing,6036.63,Cash,Cash Wallet,Yes,Essential,Freelance Client,15000.0,Rent transaction #937,reimbursable
TXN100493,2024-10-21,Expense,Entertainment,Streaming,7960.44,Debit Card,Salary Account,No,Discretionary,Landlord,2500.0,Entertainment transaction #493,
TXN101193,2024-06-12,Expense,Entertainment,Movies,4675.68,Net Banking,Credit Card A/C,Yes,Discretionary,Local Store,2500.0,Entertainment transaction #1193,
TXN102413,2025-02-15,Expense,Shopping,Electronics,7522.65,Debit Card,Credit Card A/C,No,Discretionary,BESCOM,5000.0,Shopping transaction #2413,reimbursable
TXN101682,2025-11-24,Expense,Utilities,Internet,5535.73,Net Banking,Primary Savings,Yes,Essential,Netflix,3000.0,Utilities transaction #1682,
TXN100427,2025-11-01,Expense,Shopping,Electronics,5913.87,Cash,Salary Account,Yes,Discretionary,Landlord,5000.0,Shopping transaction #427,review
TXN101854,2024-07-07,Expense,food,Dining Out,3589.1,Debit Card,Cash Wallet,No,Discretionary,Freelance Client,,food transaction #1854,
TXN100304,2024-02-13,Expense,Insurance,Health,6589.38,Credit Card,Credit Card A/C,Yes,Essential,Uber,2000.0,Insurance transaction #304,
TXN101971,2025-04-04,Expense,Utilities,Electricity,5238.99,Cash,Salary Account,Yes,Essential,Apollo Pharmacy,3000.0,Utilities transaction #1971,review
TXN101984,2024-12-16,Expense,Food,Dining Out,1708.99,Cash,Cash Wallet,Yes,Discretionary,Netflix,8000.0,Food transaction #1984,
TXN100715,2025-03-31,Expense,Entertainment,Streaming,2895.83,Credit Card,Primary Savings,Yes,Discretionary,Apollo Pharmacy,2500.0,Entertainment transaction #715,
TXN100980,2024-03-04,Expense,food,Groceries,629.41,Debit Card,Primary Savings,Yes,Discretionary,Uber,,food transaction #980,
TXN100919,2025-08-16,Expense,food,Dining Out,₹1025.34,Credit Card,Credit Card A/C,No,Discretionary,Swiggy,,food transaction #919,
TXN100087,2024-09-03,Expense,Groceries,Groceries,5121.34,Cash,Credit Card A/C,Yes,Essential,Apollo Pharmacy,6000.0,Groceries transaction #87,
TXN100589,2025-04-19,Expense,,,68387.39,,Cash Wallet,Yes,Discretionary,Freelance Client,,Misc transaction #589,
TXN100512,2024-12-25,Expense,Rent,Housing,4855.3,Credit Card,Primary Savings,Yes,Essential,Local Store,15000.0,Rent transaction #512,
TXN100109,2024-08-05,Expense,Healthcare,Pharmacy,2833.41,Net Banking,Credit Card A/C,Yes,Essential,Netflix,3000.0,Healthcare transaction #109,reimbursable
TXN100679,2024-04-14,Expense,Food,Snacks,5057.91,Credit Card,Credit Card A/C,Yes,Discretionary,,8000.0,Food transaction #679,reimbursable
TXN102465,2025-03-14,Expense,,,6655.83,Net Banking,Primary Savings,No,Discretionary,BESCOM,,Misc transaction #2465,
TXN101661,2025-06-13,Expense,Subscriptions,SaaS Tools,1960.95,Credit Card,Cash Wallet,Yes,Discretionary,Zomato,1500.0,Subscriptions transaction #1661,
TXN101273,2025-12-26,Expense,Transport,Fuel,3784.53,UPI,Credit Card A/C,Yes,Discretionary,Local Store,4000.0,Transport transaction #1273,
TXN100442,2024-03-02,Income,Freelance,,69092.97,Bank Transfer,Salary Account,No,,Zomato,,Freelance transaction #442,reimbursable
TXN102193,2024-06-27,Expense,Food,Groceries,6714.38,Credit Card,Salary Account,No,Discretionary,Employer,8000.0,Food transaction #2193,
TXN101382,2024-05-05,Expense,Insurance,Vehicle,4721.98,,Salary Account,Yes,Essential,Apollo Pharmacy,2000.0,Insurance transaction #1382,one-time
TXN100661,2025-08-05,Income,Salary,,84211.14,Bank Transfer,Salary Account,Yes,,Employer,,Salary transaction #661,one-time
TXN101840,2024-11-06,Expense,Utilities,Electricity,7508.23,Cash,Cash Wallet,No,Essential,Freelance Client,3000.0,Utilities transaction #1840,one-time
TXN101495,2025-10-19,Expense,Rent,Housing,1803.06,Debit Card,Credit Card A/C,Yes,Essential,Amazon,15000.0,Rent transaction #1495,reimbursable
TXN101602,2025-03-31,Expense,food,Dining Out,6672.51,UPI,Credit Card A/C,Yes,Discretionary,BESCOM,,food transaction #1602,review
TXN100737,2024-11-08,Expense,Entertainment,Streaming,7532.24,Net Banking,Cash Wallet,Yes,Discretionary,Zomato,2500.0,Entertainment transaction #737,
TXN102354,2025-01-01,Income,Bonus,,81536.85,Bank Transfer,Salary Account,No,,Freelance Client,,Bonus transaction #2354,
TXN102410,2024-03-23,Expense,,,690.0,Debit Card,Credit Card A/C,No,Discretionary,Netflix,,Misc transaction #2410,one-time
TXN102093,2024-08-30,Expense,Shopping,Clothing,7463.7,Net Banking,Cash Wallet,No,Discretionary,Netflix,5000.0,Shopping transaction #2093,reimbursable
TXN102435,2024-09-14,Expense,food,Dining Out,6219.05,Net Banking,Salary Account,Yes,Discretionary,Apollo Pharmacy,,food transaction #2435,review
TXN100678,2025-12-24,Income,Bonus,,75929.08,Bank Transfer,Salary Account,No,,Zomato,,Bonus transaction #678,reimbursable
TXN100821,2024-01-06,Expense,,,361.19,Net Banking,Salary Account,Yes,Discretionary,Zomato,,Misc transaction #821,
TXN101630,,Expense,Food,Groceries,4462.96,Cash,Salary Account,Yes,Discretionary,Apollo Pharmacy,8000.0,Food transaction #1630,reimbursable
TXN100041,2024-06-22,Expense,Utilities,Internet,4973.12,UPI,Salary Account,No,Essential,BESCOM,3000.0,Utilities transaction #41,
TXN102249,2025-12-25,Expense,Education,Tuition,2243.54,Net Banking,Credit Card A/C,No,Discretionary,Local Store,4000.0,Education transaction #2249,reimbursable
TXN100212,2025-05-26,Expense,Insurance,Health,6870.78,UPI,Primary Savings,Yes,Essential,BESCOM,2000.0,Insurance transaction #212,reimbursable
TXN100771,2024-11-04,Expense,Healthcare,Pharmacy,6340.52,Net Banking,Salary Account,No,Essential,Zomato,3000.0,Healthcare transaction #771,review
TXN100322,2025-04-28,Expense,Education,Courses,3084.27,Debit Card,Cash Wallet,Yes,Discretionary,Swiggy,4000.0,Education transaction #322,one-time
TXN101635,2025-04-06,Expense,Education,Courses,5505.61,,Credit Card A/C,Yes,Discretionary,Freelance Client,4000.0,Education transaction #1635,one-time
TXN102382,2024-12-16,Expense,Utilities,Internet,₹7815.55,Net Banking,Primary Savings,Yes,Essential,Uber,3000.0,Utilities transaction #2382,
TXN100930,2024-03-17,Expense,Insurance,Health,₹3509.88,Debit Card,Salary Account,Yes,Essential,BESCOM,2000.0,Insurance transaction #930,
TXN100978,2024-01-31,Expense,Rent,Housing,894.45,,Cash Wallet,Yes,Essential,Uber,15000.0,Rent transaction #978,review
TXN100302,2025-08-26,Expense,Food,Dining Out,3378.12,Net Banking,Cash Wallet,Yes,Discretionary,Apollo Pharmacy,8000.0,Food transaction #302,review
TXN102008,2025-08-11,Expense,Transport,Fuel,4731.85,Net Banking,Cash Wallet,No,Discretionary,Zomato,4000.0,Transport transaction #2008,
TXN101259,2025-03-29,Expense,Food,Groceries,1621.88,Credit Card,Salary Account,Yes,Discretionary,,8000.0,Food transaction #1259,
TXN100091,2025-11-06,Expense,Rent,Housing,5188.41,Debit Card,Cash Wallet,Yes,Essential,Amazon,15000.0,Rent transaction #91,
TXN101043,2024-02-06,Expense,,,865.04,Cash,Cash Wallet,Yes,Discretionary,Swiggy,,Misc transaction #1043,review
TXN101206,2025-12-02,Expense,Shopping,Electronics,1151.15,Debit Card,Salary Account,Yes,Discretionary,Netflix,5000.0,Shopping transaction #1206,
TXN100021,2024-08-30,Expense,Healthcare,Doctor Visit,3238.27,UPI,Salary Account,No,Essential,Amazon,3000.0,Healthcare transaction #21,one-time
TXN102454,2025-10-10,Expense,Education,Tuition,4889.79,Cash,Primary Savings,Yes,Discretionary,Employer,4000.0,Education transaction #2454,one-time
TXN100948,2025-02-05,Expense,Transport,Public Transit,5548.89,Cash,Salary Account,Yes,Discretionary,BESCOM,4000.0,Transport transaction #948,reimbursable
TXN101105,2024-06-04,Expense,Subscriptions,SaaS Tools,5596.92,,Cash Wallet,Yes,Discretionary,Netflix,1500.0,Subscriptions transaction #1105,reimbursable
TXN101577,2024-08-22,Expense,Food,Dining Out,4269.02,Debit Card,Cash Wallet,No,Discretionary,BESCOM,8000.0,Food transaction #1577,review
TXN100422,2025-09-12,Expense,Groceries,Groceries,2312.64,Debit Card,Cash Wallet,No,Essential,Zomato,6000.0,Groceries transaction #422,review
TXN101683,2025-03-14,Income,Gift,,₹68911.08,Bank Transfer,Salary Account,No,,Netflix,,Gift transaction #1683,review
TXN101604,2024-01-01,Expense,Transport,Fuel,2603.68,Net Banking,Primary Savings,No,Discretionary,Uber,4000.0,Transport transaction #1604,
TXN101286,2025-11-16,Expense,Shopping,Home Goods,1640.99,UPI,Salary Account,Yes,Discretionary,Employer,5000.0,Shopping transaction #1286,
TXN100207,2025-02-26,Income,Freelance,,₹24757.76,Bank Transfer,Salary Account,No,,Swiggy,,Freelance transaction #207,
TXN100498,2024-12-09,Expense,Shopping,Home Goods,4192.53,Net Banking,Credit Card A/C,Yes,Discretionary,BESCOM,5000.0,Shopping transaction #498,
TXN100070,2025-03-11,Income,Freelance,,65334.43,Bank Transfer,Salary Account,No,,Netflix,,Freelance transaction #70,
TXN101768,2025-08-19,Expense,Utilities,Electricity,873.71,UPI,Cash Wallet,Yes,Essential,Amazon,3000.0,Utilities transaction #1768,one-time
TXN102425,2024-11-16,Expense,Transport,Fuel,1640.92,UPI,Salary Account,No,Discretionary,Uber,4000.0,Transport transaction #2425,
TXN102365,2024-02-12,Income,Bonus,,64725.71,Bank Transfer,Salary Account,No,,Amazon,,Bonus transaction #2365,
TXN100020,2024-07-06,Expense,Transport,Fuel,6897.73,Net Banking,Primary Savings,Yes,Discretionary,Freelance Client,4000.0,Transport transaction #20,
TXN100924,2025-12-26,Expense,Utilities,Water,3991.62,Net Banking,Cash Wallet,Yes,Essential,Netflix,3000.0,Utilities transaction #924,review
TXN101037,2025-03-05,Expense,Entertainment,Movies,970.76,Cash,Credit Card A/C,Yes,Discretionary,Uber,2500.0,Entertainment transaction #1037,one-time
TXN100612,2025-07-13,Income,Salary,,89349.81,Bank Transfer,Salary Account,Yes,,Employer,,Salary transaction #612,one-time
TXN101309,2025-12-15,Expense,Entertainment,Streaming,2465.1,Net Banking,Cash Wallet,Yes,Discretionary,Freelance Client,2500.0,Entertainment transaction #1309,
TXN100044,2025-04-12,Income,Bonus,,66730.44,Bank Transfer,Salary Account,No,,Landlord,,Bonus transaction #44,one-time
TXN102457,2024-08-05,Expense,Utilities,Internet,5178.2,,Cash Wallet,No,Essential,Local Store,3000.0,Utilities transaction #2457,reimbursable
TXN101938,2024-10-05,Expense,Utilities,Electricity,3383.25,,Cash Wallet,Yes,Essential,Zomato,3000.0,Utilities transaction #1938,review
TXN101551,2024-02-26,Expense,Insurance,Vehicle,4239.65,Cash,Primary Savings,Yes,Essential,BESCOM,2000.0,Insurance transaction #1551,
TXN101403,2024-12-14,Income,Salary,,75030.24,Bank Transfer,Salary Account,Yes,,Employer,,Salary transaction #1403,reimbursable
TXN100128,2025-07-26,Expense,,,1065.96,,Primary Savings,No,Discretionary,Landlord,,Misc transaction #128,
TXN101553,2025-07-15,Expense,Food,Groceries,4455.97,Net Banking,Cash Wallet,No,Discretionary,Uber,8000.0,Food transaction #1553,review
TXN100238,2025-06-01,Expense,Shopping,Home Goods,5695.63,Cash,Cash Wallet,Yes,Discretionary,Zomato,5000.0,Shopping transaction #238,
TXN100107,2025-12-04,Expense,food,Groceries,₹791.18,UPI,Credit Card A/C,Yes,Discretionary,Landlord,,food transaction #107,reimbursable
TXN101096,,Expense,Entertainment,Events,6562.4,Net Banking,Credit Card A/C,Yes,Discretionary,Netflix,2500.0,Entertainment transaction #1096,
TXN100664,2024-07-10,Expense,food,Snacks,₹2111.58,,Primary Savings,No,Discretionary,Landlord,,food transaction #664,
TXN100453,2025-02-26,Expense,Shopping,Home Goods,1963.74,Net Banking,Salary Account,No,Discretionary,Landlord,5000.0,Shopping transaction #453,one-time
TXN101389,2024-12-06,Income,Gift,,63892.99,Bank Transfer,Salary Account,No,,Zomato,,Gift transaction #1389,one-time
TXN101912,2025-04-04,Expense,Food,Snacks,1830.81,Net Banking,Cash Wallet,No,Discretionary,Netflix,8000.0,Food transaction #1912,
TXN100686,2025-10-29,Expense,Entertainment,Events,1618.5,Debit Card,Primary Savings,Yes,Discretionary,Landlord,2500.0,Entertainment transaction #686,review
TXN101019,2024-04-30,Income,Bonus,,55351.82,Bank Transfer,Salary Account,No,,Swiggy,,Bonus transaction #1019,
TXN101002,2024-12-15,Expense,Groceries,Groceries,6271.77,,Primary Savings,Yes,Essential,Landlord,6000.0,Groceries transaction #1002,review
TXN100519,2025-02-17,Expense,Utilities,Electricity,4413.64,UPI,Primary Savings,No,Essential,Zomato,3000.0,Utilities transaction #519,
TXN100177,2024-08-26,Income,Bonus,,43120.55,Bank Transfer,Salary Account,No,,Apollo Pharmacy,,Bonus transaction #177,
TXN101824,2024-04-23,Expense,Groceries,Groceries,4289.27,Credit Card,Credit Card A/C,No,Essential,Freelance Client,6000.0,Groceries transaction #1824,
TXN100203,2025-04-22,Expense,Entertainment,Streaming,4126.89,Cash,Cash Wallet,Yes,Discretionary,,2500.0,Entertainment transaction #203,
TXN101837,2024-12-30,Expense,Food,Dining Out,821.88,Debit Card,Salary Account,No,Discretionary,Landlord,8000.0,Food transaction #1837,
TXN101365,2024-07-20,Income,Bonus,,₹39303.19,Bank Transfer,Salary Account,No,,BESCOM,,Bonus transaction #1365,
TXN101281,2024-02-05,Expense,Entertainment,Events,₹363.08,Net Banking,Primary Savings,Yes,Discretionary,Apollo Pharmacy,2500.0,Entertainment transaction #1281,
TXN101129,2024-03-22,Expense,Food,Dining Out,2021.38,Debit Card,Salary Account,Yes,Discretionary,BESCOM,8000.0,Food transaction #1129,
TXN100289,2025-05-13,Expense,Rent,Housing,4732.15,Credit Card,Cash Wallet,Yes,Essential,Netflix,15000.0,Rent transaction #289,
TXN100047,2024-08-24,Expense,Rent,Housing,₹3290.41,Net Banking,Cash Wallet,Yes,Essential,Local Store,15000.0,Rent transaction #47,one-time
TXN100159,2025-02-19,Expense,food,Snacks,3544.86,Cash,Cash Wallet,Yes,Discretionary,Uber,,food transaction #159,review
TXN102322,2025-07-06,Expense,Shopping,Electronics,4857.78,Credit Card,Primary Savings,Yes,Discretionary,Amazon,5000.0,Shopping transaction #2322,
TXN101475,2024-12-14,Expense,Shopping,Home Goods,3518.11,UPI,Cash Wallet,No,Discretionary,Local Store,5000.0,Shopping transaction #1475,
TXN101195,2024-10-27,Expense,food,Dining Out,3568.16,UPI,Salary Account,Yes,Discretionary,Freelance Client,,food transaction #1195,
TXN101567,2025-08-20,Expense,Food,Groceries,3657.19,Credit Card,Credit Card A/C,Yes,Discretionary,Local Store,8000.0,Food transaction #1567,reimbursable
TXN100067,2025-03-29,Expense,Groceries,Groceries,4987.17,Net Banking,Primary Savings,Yes,Essential,Freelance Client,6000.0,Groceries transaction #67,
TXN101709,2024-03-16,Expense,Shopping,Home Goods,7561.88,Net Banking,Salary Account,Yes,Discretionary,Amazon,5000.0,Shopping transaction #1709,review
TXN101689,2024-03-15,Expense,Shopping,Electronics,7195.81,Credit Card,Credit Card A/C,Yes,Discretionary,Apollo Pharmacy,5000.0,Shopping transaction #1689,
TXN101980,2025-01-15,Income,Investment,,78600.48,Bank Transfer,Salary Account,No,,Local Store,,Investment transaction #1980,
TXN101959,2024-08-10,Expense,Food,Snacks,2101.32,Credit Card,Credit Card A/C,Yes,Discretionary,,8000.0,Food transaction #1959,reimbursable
TXN102438,2025-10-28,Expense,food,Dining Out,561.76,Credit Card,Salary Account,No,Discretionary,BESCOM,,food transaction #2438,one-time
TXN102113,2024-01-05,Income,Freelance,,67557.35,Bank Transfer,Salary Account,No,,Freelance Client,,Freelance transaction #2113,
TXN100405,,Expense,,,4150.72,Credit Card,Salary Account,Yes,Discretionary,Uber,,Misc transaction #405,
TXN101303,2024-05-22,Expense,,,5561.06,UPI,Cash Wallet,Yes,Discretionary,Landlord,,Misc transaction #1303,reimbursable
TXN100285,2025-08-28,Income,Investment,,86329.11,Bank Transfer,Salary Account,No,,Employer,,Investment transaction #285,one-time
TXN101754,2025-10-29,Expense,,,7675.19,,Cash Wallet,No,Discretionary,Uber,,Misc transaction #1754,
TXN100945,2025-06-04,Expense,Healthcare,Doctor Visit,440.62,Cash,Cash Wallet,Yes,Essential,Netflix,3000.0,Healthcare transaction #945,
TXN102466,2025-02-20,Expense,Food,Snacks,2618.46,Debit Card,Salary Account,Yes,Discretionary,,8000.0,Food transaction #2466,
TXN101445,2025-08-22,Income,Freelance,,53654.59,Bank Transfer,Salary Account,No,,Zomato,,Freelance transaction #1445,review
TXN101183,2024-04-25,Expense,Shopping,Home Goods,5692.6,Cash,Credit Card A/C,Yes,Discretionary,Landlord,5000.0,Shopping transaction #1183,reimbursable
TXN101581,2024-03-06,Expense,Rent,Housing,507.77,Debit Card,Cash Wallet,Yes,Essential,Local Store,15000.0,Rent transaction #1581,
TXN101153,2024-04-13,Income,Gift,,86114.63,Bank Transfer,Salary Account,No,,Amazon,,Gift transaction #1153,
TXN102055,2024-03-18,Expense,Food,Dining Out,5499.11,,Cash Wallet,Yes,Discretionary,Swiggy,8000.0,Food transaction #2055,
TXN101798,2024-07-05,Expense,Insurance,Vehicle,7583.65,Net Banking,Credit Card A/C,Yes,Essential,Local Store,2000.0,Insurance transaction #1798,one-time
TXN101953,2025-07-19,Expense,food,Snacks,6686.58,Credit Card,Salary Account,No,Discretionary,Netflix,,food transaction #1953,reimbursable
TXN100666,,Expense,Insurance,Health,746.7,Credit Card,Primary Savings,Yes,Essential,BESCOM,2000.0,Insurance transaction #666,
TXN100251,2024-12-17,Expense,Shopping,Home Goods,613.09,Cash,Primary Savings,Yes,Discretionary,Zomato,5000.0,Shopping transaction #251,
TXN101931,2025-03-15,Expense,Entertainment,Movies,6186.64,,Credit Card A/C,No,Discretionary,Local Store,2500.0,Entertainment transaction #1931,
TXN101775,2024-10-26,Expense,Shopping,Clothing,198.8,Credit Card,Cash Wallet,No,Discretionary,Landlord,5000.0,Shopping transaction #1775,review
TXN102293,2025-05-29,Expense,Shopping,Home Goods,7768.65,Net Banking,Credit Card A/C,Yes,Discretionary,Apollo Pharmacy,5000.0,Shopping transaction #2293,review
TXN100603,2024-07-04,Expense,Shopping,Electronics,1859.06,UPI,Credit Card A/C,Yes,Discretionary,Apollo Pharmacy,5000.0,Shopping transaction #603,
TXN100985,2024-02-22,Expense,Entertainment,Movies,7527.91,Debit Card,Cash Wallet,No,Discretionary,Zomato,2500.0,Entertainment transaction #985,
TXN102341,2024-06-19,Expense,Healthcare,Insurance Premium,70.78,UPI,Salary Account,Yes,Essential,Landlord,3000.0,Healthcare transaction #2341,
TXN100905,2025-05-26,Expense,food,Snacks,4189.5,UPI,Cash Wallet,Yes,Discretionary,Freelance Client,,food transaction #905,
TXN100525,2025-04-21,Expense,Education,Tuition,₹3805.99,,Primary Savings,No,Discretionary,Employer,4000.0,Education transaction #525,
TXN101193,2024-06-12,Expense,Entertainment,Movies,4675.68,Net Banking,Credit Card A/C,Yes,Discretionary,Local Store,2500.0,Entertainment transaction #1193,
TXN101762,2024-12-24,Income,Gift,,31277.16,Bank Transfer,Salary Account,No,,Local Store,,Gift transaction #1762,
TXN100544,2025-10-25,Expense,Education,Courses,5302.84,Debit Card,Cash Wallet,Yes,Discretionary,Freelance Client,4000.0,Education transaction #544,review
TXN100642,2024-10-21,Expense,Shopping,Clothing,1692.52,Credit Card,Credit Card A/C,Yes,Discretionary,Local Store,5000.0,Shopping transaction #642,
TXN102395,2025-11-20,Expense,Groceries,Groceries,6268.96,Debit Card,Primary Savings,No,Essential,BESCOM,6000.0,Groceries transaction #2395,one-time
TXN101828,2024-10-01,Expense,Rent,Housing,7908.28,Debit Card,Primary Savings,Yes,Essential,Apollo Pharmacy,15000.0,Rent transaction #1828,
TXN102242,2024-11-27,Expense,food,Snacks,₹6336.19,UPI,Salary Account,Yes,Discretionary,,,food transaction #2242,
TXN102343,2025-02-14,Expense,Transport,Public Transit,5177.47,,Salary Account,Yes,Discretionary,Uber,4000.0,Transport transaction #2343,
TXN101595,2024-06-03,Expense,,,₹7549.0,,Cash Wallet,Yes,Discretionary,Netflix,,Misc transaction #1595,review
TXN101224,2024-08-16,Income,Salary,,28069.49,Bank Transfer,Salary Account,Yes,,Employer,,Salary transaction #1224,
TXN100672,2024-04-29,Expense,Insurance,Health,3518.03,Credit Card,Credit Card A/C,Yes,Essential,,2000.0,Insurance transaction #672,
TXN100761,2024-03-19,Expense,Education,Books,₹1360.47,Credit Card,Primary Savings,No,Discretionary,Amazon,4000.0,Education transaction #761,review
TXN100377,2025-04-06,Expense,Insurance,Health,1261.54,Net Banking,Credit Card A/C,Yes,Essential,Uber,2000.0,Insurance transaction #377,
TXN102377,2024-12-09,Expense,Entertainment,Movies,₹5428.84,,Primary Savings,No,Discretionary,Uber,2500.0,Entertainment transaction #2377,reimbursable
TXN101540,2025-06-22,Expense,Rent,Housing,1563.87,UPI,Salary Account,Yes,Essential,BESCOM,15000.0,Rent transaction #1540,review
TXN100743,2025-03-11,Expense,Groceries,Groceries,3024.15,Net Banking,Primary Savings,Yes,Essential,Zomato,6000.0,Groceries transaction #743,
TXN101067,2025-05-05,Expense,Subscriptions,Memberships,5020.9,Net Banking,Primary Savings,Yes,Discretionary,,1500.0,Subscriptions transaction #1067,review
TXN100653,2025-11-06,Expense,Insurance,Health,96.15,UPI,Cash Wallet,Yes,Essential,Uber,2000.0,Insurance transaction #653,reimbursable
TXN101809,2025-06-21,Expense,Entertainment,Events,5907.15,Cash,Cash Wallet,No,Discretionary,Local Store,2500.0,Entertainment transaction #1809,
TXN101842,2024-11-18,Expense,,,7514.58,Credit Card,Primary Savings,Yes,Discretionary,Uber,,Misc transaction #1842,review
TXN100867,2024-05-15,Expense,food,Dining Out,5037.71,UPI,Primary Savings,Yes,Discretionary,Landlord,,food transaction #867,review
TXN101507,2024-01-24,Expense,Subscriptions,Memberships,5111.37,Cash,Primary Savings,Yes,Discretionary,Apollo Pharmacy,1500.0,Subscriptions transaction #1507,one-time
TXN100847,2024-04-15,Expense,Education,Tuition,7940.79,Net Banking,Salary Account,Yes,Discretionary,Zomato,4000.0,Education transaction #847,
TXN101091,2024-09-24,Expense,Shopping,Clothing,5474.6,UPI,Cash Wallet,Yes,Discretionary,Uber,5000.0,Shopping transaction #1091,one-time
TXN101549,2025-04-19,Expense,Healthcare,Pharmacy,3175.0,Credit Card,Primary Savings,No,Essential,Netflix,3000.0,Healthcare transaction #1549,one-time
TXN100468,2025-01-03,Expense,Food,Dining Out,5212.82,Credit Card,Cash Wallet,Yes,Discretionary,Uber,8000.0,Food transaction #468,
TXN100138,2024-02-18,Expense,Insurance,Vehicle,931.32,Cash,Primary Savings,Yes,Essential,Freelance Client,2000.0,Insurance transaction #138,
TXN100325,2025-01-27,Income,Gift,,33959.0,Bank Transfer,Salary Account,No,,Uber,,Gift transaction #325,reimbursable
TXN102038,2025-12-18,Expense,food,Snacks,1505.14,Credit Card,Cash Wallet,No,Discretionary,Apollo Pharmacy,,food transaction #2038,
TXN100553,2025-03-02,Expense,,,5554.25,Credit Card,Salary Account,No,Discretionary,Landlord,,Misc transaction #553,
TXN101039,2024-11-21,Expense,,,3219.5,UPI,Credit Card A/C,No,Discretionary,,,Misc transaction #1039,
TXN101182,2024-08-25,Expense,Utilities,Electricity,4899.78,Credit Card,Primary Savings,No,Essential,Netflix,3000.0,Utilities transaction #1182,
TXN101574,2024-03-01,Expense,,,1024.96,Credit Card,Primary Savings,No,Discretionary,Landlord,,Misc transaction #1574,
TXN102379,2024-07-11,Income,Salary,,27817.27,Bank Transfer,Salary Account,Yes,,Employer,,Salary transaction #2379,
TXN102066,2025-09-10,Expense,Education,Books,635.84,Debit Card,Credit Card A/C,No,Discretionary,Freelance Client,4000.0,Education transaction #2066,
TXN101685,2024-05-30,Income,Bonus,,24946.32,Bank Transfer,Salary Account,No,,Amazon,,Bonus transaction #1685,reimbursable
TXN102329,2024-10-12,Income,Investment,,67259.5,Bank Transfer,Salary Account,No,,Apollo Pharmacy,,Investment transaction #2329,
TXN101278,2025-10-21,Expense,food,Dining Out,7282.96,Credit Card,Cash Wallet,No,Discretionary,Landlord,,food transaction #1278,
TXN101083,2025-08-30,Income,Gift,,31646.93,Bank Transfer,Salary Account,No,,Netflix,,Gift transaction #1083,reimbursable
TXN102327,2024-06-19,Expense,,,3674.25,,Primary Savings,Yes,Discretionary,Landlord,,Misc transaction #2327,review
TXN101611,2024-07-03,Income,Bonus,,89627.88,Bank Transfer,Salary Account,No,,BESCOM,,Bonus transaction #1611,review
TXN101520,2024-12-16,Expense,Utilities,Water,4212.5,Cash,Cash Wallet,Yes,Essential,Swiggy,3000.0,Utilities transaction #1520,
TXN100327,2024-11-15,Income,Bonus,,55233.55,Bank Transfer,Salary Account,No,,Netflix,,Bonus transaction #327,
TXN101433,2025-10-04,Expense,Insurance,Health,6587.4,Credit Card,Primary Savings,Yes,Essential,,2000.0,Insurance transaction #1433,
TXN100099,2025-04-10,Income,Freelance,,64919.31,Bank Transfer,Salary Account,No,,Employer,,Freelance transaction #99,
TXN100328,2024-10-24,Expense,Education,Tuition,3497.64,,Salary Account,No,Discretionary,Apollo Pharmacy,4000.0,Education transaction #328,one-time
TXN101780,2024-08-27,Income,Salary,,29410.94,Bank Transfer,Salary Account,Yes,,Employer,,Salary transaction #1780,
TXN101202,2025-08-06,Expense,Subscriptions,Streaming,3951.94,,Salary Account,Yes,Discretionary,Local Store,1500.0,Subscriptions transaction #1202,reimbursable
TXN100595,2025-02-25,Expense,Rent,Housing,4051.89,Credit Card,Primary Savings,Yes,Essential,Local Store,15000.0,Rent transaction #595,
TXN100590,2025-05-18,Expense,Insurance,Life,6129.51,Cash,Primary Savings,Yes,Essential,Employer,2000.0,Insurance transaction #590,reimbursable
TXN100999,2025-04-09,Expense,Food,Dining Out,₹2198.87,Net Banking,Cash Wallet,No,Discretionary,Zomato,8000.0,Food transaction #999,one-time
TXN100824,2024-02-07,Expense,Utilities,Electricity,4837.05,Credit Card,Credit Card A/C,No,Essential,Swiggy,3000.0,Utilities transaction #824,reimbursable
TXN101417,2025-10-25,Expense,Entertainment,Streaming,3060.86,Net Banking,Credit Card A/C,No,Discretionary,Freelance Client,2500.0,Entertainment transaction #1417,
TXN102144,2024-03-01,Expense,Rent,Housing,3236.17,UPI,Primary Savings,Yes,Essential,Local Store,15000.0,Rent transaction #2144,review
TXN101163,2024-09-28,Expense,Food,Groceries,7116.12,UPI,Salary Account,No,Discretionary,Amazon,8000.0,Food transaction #1163,review
TXN100808,2024-05-30,Expense,Rent,Housing,2505.69,,Primary Savings,Yes,Essential,Netflix,15000.0,Rent transaction #808,one-time
TXN100727,2025-11-06,Expense,Healthcare,Doctor Visit,3453.44,Net Banking,Primary Savings,No,Essential,Freelance Client,3000.0,Healthcare transaction #727,one-time
TXN101284,2024-08-20,Expense,Insurance,Vehicle,₹467.24,,Salary Account,Yes,Essential,Apollo Pharmacy,2000.0,Insurance transaction #1284,
TXN101504,2025-05-26,Expense,Rent,Housing,6679.96,,Primary Savings,Yes,Essential,Apollo Pharmacy,15000.0,Rent transaction #1504,
TXN101930,,Expense,Rent,Housing,762.09,UPI,Credit Card A/C,Yes,Essential,Landlord,15000.0,Rent transaction #1930,review
TXN101541,2024-01-08,Expense,Groceries,Groceries,5919.46,UPI,Salary Account,No,Essential,Netflix,6000.0,Groceries transaction #1541,reimbursable
TXN102165,2024-11-19,Expense,,,5040.11,Cash,Primary Savings,No,Discretionary,Apollo Pharmacy,,Misc transaction #2165,review
TXN101077,2024-06-23,Income,Gift,,46997.65,Bank Transfer,Salary Account,No,,Landlord,,Gift transaction #1077,one-time
TXN102483,2025-07-14,Expense,Subscriptions,Memberships,3014.27,Credit Card,Credit Card A/C,Yes,Discretionary,Local Store,1500.0,Subscriptions transaction #2483,
TXN100182,2024-01-15,Expense,,,5411.49,Credit Card,Salary Account,No,Discretionary,Local Store,,Misc transaction #182,review
TXN100374,2024-12-18,Expense,Insurance,Vehicle,1512.74,Net Banking,Credit Card A/C,Yes,Essential,BESCOM,2000.0,Insurance transaction #374,reimbursable
TXN100855,2025-10-06,Expense,Shopping,Clothing,4213.91,Net Banking,Primary Savings,Yes,Discretionary,Employer,5000.0,Shopping transaction #855,
TXN102334,2024-09-06,Expense,Subscriptions,Streaming,2926.67,Debit Card,Cash Wallet,Yes,Discretionary,Freelance Client,1500.0,Subscriptions transaction #2334,
TXN101489,2025-12-03,Expense,,,4251.61,Net Banking,Credit Card A/C,Yes,Discretionary,Netflix,,Misc transaction #1489,one-time
TXN100578,2024-11-20,Expense,Rent,Housing,7804.95,Net Banking,Credit Card A/C,Yes,Essential,Zomato,15000.0,Rent transaction #578,one-time
TXN101592,2025-04-07,Expense,Entertainment,Events,7420.46,Net Banking,Cash Wallet,No,Discretionary,Apollo Pharmacy,2500.0,Entertainment transaction #1592,
TXN101051,2024-12-11,Expense,Food,Dining Out,4809.9,UPI,Credit Card A/C,Yes,Discretionary,Landlord,8000.0,Food transaction #1051,
TXN100789,2024-04-01,Income,Gift,,74368.38,Bank Transfer,Salary Account,No,,Uber,,Gift transaction #789,
TXN101641,2025-12-09,Expense,Healthcare,Doctor Visit,₹410.21,UPI,Cash Wallet,No,Essential,Zomato,3000.0,Healthcare transaction #1641,
TXN100941,2025-12-26,Expense,Rent,Housing,1789.34,Debit Card,Cash Wallet,Yes,Essential,Apollo Pharmacy,15000.0,Rent transaction #941,one-time
TXN100172,2024-07-31,Expense,Insurance,Health,2544.33,Credit Card,Cash Wallet,Yes,Essential,Landlord,2000.0,Insurance transaction #172,review
TXN101625,2025-06-29,Income,Gift,,44524.81,Bank Transfer,Salary Account,No,,Freelance Client,,Gift transaction #1625,reimbursable
TXN100330,2025-01-19,Expense,Utilities,Internet,4771.7,UPI,Primary Savings,Yes,Essential,Amazon,3000.0,Utilities transaction #330,one-time
TXN100951,2025-08-31,Expense,Healthcare,Insurance Premium,111125.3,Cash,Primary Savings,Yes,Essential,Amazon,3000.0,Healthcare transaction #951,
TXN100487,2025-04-14,Expense,Healthcare,Insurance Premium,4883.47,Cash,Salary Account,Yes,Essential,Employer,3000.0,Healthcare transaction #487,one-time
TXN100796,2024-12-30,Expense,,,3682.51,,Cash Wallet,Yes,Discretionary,Amazon,,Misc transaction #796,
TXN102081,2025-03-05,Income,Gift,,73325.66,Bank Transfer,Salary Account,No,,Swiggy,,Gift transaction #2081,
TXN101369,2025-08-26,Expense,Utilities,Internet,2000.11,UPI,Cash Wallet,No,Essential,Netflix,3000.0,Utilities transaction #1369,one-time
TXN102309,2025-10-15,Income,Freelance,,46683.34,Bank Transfer,Salary Account,No,,Uber,,Freelance transaction #2309,
TXN100593,2024-02-19,Expense,Education,Tuition,4135.24,,Salary Account,Yes,Discretionary,Employer,4000.0,Education transaction #593,
TXN100469,2024-07-09,Expense,Healthcare,Insurance Premium,220.83,Credit Card,Credit Card A/C,No,Essential,Apollo Pharmacy,3000.0,Healthcare transaction #469,
TXN102386,2024-06-12,Income,Gift,,85303.65,Bank Transfer,Salary Account,No,,Local Store,,Gift transaction #2386,one-time
TXN101524,2024-04-14,Expense,Education,Courses,3160.19,Debit Card,Primary Savings,No,Discretionary,Landlord,4000.0,Education transaction #1524,reimbursable
TXN102414,2025-05-04,Expense,Food,Groceries,1778.45,,Credit Card A/C,No,Discretionary,Zomato,8000.0,Food transaction #2414,one-time
TXN101399,2024-01-31,Expense,Shopping,Electronics,4123.74,Cash,Salary Account,Yes,Discretionary,BESCOM,5000.0,Shopping transaction #1399,reimbursable
TXN100321,2024-11-10,Expense,Entertainment,Streaming,2387.71,UPI,Cash Wallet,Yes,Discretionary,Freelance Client,2500.0,Entertainment transaction #321,
TXN102068,2025-08-05,Expense,Rent,Housing,3046.79,Net Banking,Salary Account,Yes,Essential,Employer,15000.0,Rent transaction #2068,review
TXN101893,2024-11-01,Expense,Rent,Housing,6667.43,,Salary Account,Yes,Essential,Swiggy,15000.0,Rent transaction #1893,reimbursable
TXN101420,2025-04-29,Expense,Education,Courses,2815.35,,Salary Account,No,Discretionary,BESCOM,4000.0,Education transaction #1420,one-time
TXN102088,2024-09-11,Expense,food,Dining Out,₹3960.58,Cash,Primary Savings,Yes,Discretionary,Netflix,,food transaction #2088,
TXN100907,2025-08-13,Expense,Entertainment,Streaming,7178.41,Net Banking,Primary Savings,No,Discretionary,Freelance Client,2500.0,Entertainment transaction #907,
TXN101609,2025-03-08,Expense,Education,Tuition,2029.36,Net Banking,Cash Wallet,No,Discretionary,Netflix,4000.0,Education transaction #1609,
TXN100782,2024-09-20,Expense,Utilities,Water,4519.03,Cash,Primary Savings,No,Essential,Swiggy,3000.0,Utilities transaction #782,
TXN100164,2024-05-17,Expense,Subscriptions,SaaS Tools,2959.2,Cash,Primary Savings,Yes,Discretionary,Employer,1500.0,Subscriptions transaction #164,
TXN101484,2025-02-21,Expense,Food,Snacks,3214.05,UPI,Cash Wallet,No,Discretionary,Amazon,8000.0,Food transaction #1484,
TXN100250,,Expense,Subscriptions,Streaming,83376.47,Credit Card,Salary Account,Yes,Discretionary,Landlord,1500.0,Subscriptions transaction #250,review
TXN101439,2024-07-19,Expense,Shopping,Home Goods,773.65,Net Banking,Primary Savings,Yes,Discretionary,Amazon,5000.0,Shopping transaction #1439,
TXN101084,2024-07-22,Expense,Groceries,Groceries,2698.52,UPI,Primary Savings,No,Essential,Swiggy,6000.0,Groceries transaction #1084,
TXN100201,,Expense,Transport,Public Transit,4492.86,Cash,Salary Account,No,Discretionary,Netflix,4000.0,Transport transaction #201,
TXN100777,,Expense,Subscriptions,Memberships,6988.01,Net Banking,Credit Card A/C,Yes,Discretionary,Swiggy,1500.0,Subscriptions transaction #777,one-time
TXN102256,2024-05-04,Expense,,,1163.06,Credit Card,Salary Account,Yes,Discretionary,Swiggy,,Misc transaction #2256,reimbursable
TXN100779,2024-08-29,Expense,Shopping,Home Goods,1355.06,Credit Card,Salary Account,No,Discretionary,Swiggy,5000.0,Shopping transaction #779,reimbursable
TXN100399,2025-02-22,Expense,Rent,Housing,2066.38,Net Banking,Cash Wallet,Yes,Essential,Employer,15000.0,Rent transaction #399,review
TXN100801,2024-06-21,Expense,food,Dining Out,1965.17,Credit Card,Salary Account,Yes,Discretionary,Zomato,,food transaction #801,
TXN101961,2024-03-17,Expense,Entertainment,Movies,852.43,UPI,Cash Wallet,No,Discretionary,,2500.0,Entertainment transaction #1961,reimbursable
TXN100813,2024-11-07,Expense,Rent,Housing,3885.41,Credit Card,Salary Account,Yes,Essential,BESCOM,15000.0,Rent transaction #813,review
TXN102173,2025-01-31,Expense,Transport,Fuel,5666.2,,Cash Wallet,No,Discretionary,Employer,4000.0,Transport transaction #2173,
TXN100028,2024-04-16,Expense,Rent,Housing,900.94,Net Banking,Salary Account,Yes,Essential,Netflix,15000.0,Rent transaction #28,
TXN100641,2024-04-01,Expense,Rent,Housing,4230.41,Cash,Cash Wallet,Yes,Essential,Zomato,15000.0,Rent transaction #641,
TXN100752,2025-08-04,Expense,Rent,Housing,7954.35,Net Banking,Cash Wallet,Yes,Essential,Local Store,15000.0,Rent transaction #752,reimbursable
TXN101638,2025-09-04,Expense,Shopping,Home Goods,2179.01,Credit Card,Salary Account,No,Discretionary,Swiggy,5000.0,Shopping transaction #1638,
TXN100926,2024-10-05,Expense,Groceries,Groceries,3463.04,Net Banking,Credit Card A/C,No,Essential,Freelance Client,6000.0,Groceries transaction #926,
TXN101691,2025-10-20,Expense,Shopping,Home Goods,₹1992.07,,Cash Wallet,No,Discretionary,BESCOM,5000.0,Shopping transaction #1691,
TXN102044,2025-06-05,Expense,food,Snacks,6540.39,Credit Card,Cash Wallet,Yes,Discretionary,Landlord,,food transaction #2044,
TXN101555,2024-07-25,Income,Investment,,36540.11,Bank Transfer,Salary Account,No,,Local Store,,Investment transaction #1555,reimbursable
TXN100451,2024-09-11,Expense,Rent,Housing,6141.95,Net Banking,Credit Card A/C,Yes,Essential,Freelance Client,15000.0,Rent transaction #451,
TXN101876,2024-04-13,Expense,Transport,Cab,4926.88,,Salary Account,Yes,Discretionary,Apollo Pharmacy,4000.0,Transport transaction #1876,
TXN102464,2024-12-05,Expense,food,Dining Out,6763.65,Debit Card,Primary Savings,Yes,Discretionary,Landlord,,food transaction #2464,one-time
TXN100126,2024-12-08,Income,Salary,,59057.42,Bank Transfer,Salary Account,Yes,,Employer,,Salary transaction #126,review
TXN102071,2025-09-05,Income,Freelance,,₹48171.57,Bank Transfer,Salary Account,No,,Amazon,,Freelance transaction #2071,
TXN101371,2024-08-12,Expense,Transport,Cab,7412.11,,Credit Card A/C,No,Discretionary,,4000.0,Transport transaction #1371,
TXN100932,2024-01-05,Expense,Utilities,Electricity,₹3252.35,Net Banking,Primary Savings,No,Essential,Freelance Client,3000.0,Utilities transaction #932,one-time
TXN101688,2025-01-18,Expense,Food,Groceries,3694.89,Credit Card,Credit Card A/C,No,Discretionary,Amazon,8000.0,Food transaction #1688,
TXN101023,2024-12-29,Expense,Shopping,Home Goods,6686.7,Debit Card,Cash Wallet,Yes,Discretionary,,5000.0,Shopping transaction #1023,reimbursable
TXN100705,2025-12-31,Income,Bonus,,26912.1,Bank Transfer,Salary Account,No,,Swiggy,,Bonus transaction #705,one-time
TXN101140,2025-12-22,Expense,Insurance,Vehicle,6668.79,UPI,Credit Card A/C,Yes,Essential,Local Store,2000.0,Insurance transaction #1140,reimbursable
TXN101128,2024-08-21,Expense,Entertainment,Events,5029.9,Debit Card,Primary Savings,No,Discretionary,Landlord,2500.0,Entertainment transaction #1128,reimbursable
TXN101281,2024-02-05,Expense,Entertainment,Events,₹363.08,Net Banking,Primary Savings,Yes,Discretionary,Apollo Pharmacy,2500.0,Entertainment transaction #1281,
TXN100379,2025-04-01,Expense,Utilities,Water,1447.37,Net Banking,Primary Savings,No,Essential,Swiggy,3000.0,Utilities transaction #379,review
TXN100535,2025-12-02,Expense,Transport,Public Transit,1584.98,UPI,Primary Savings,Yes,Discretionary,Employer,4000.0,Transport transaction #535,reimbursable
TXN100351,2024-05-16,Income,Gift,,69001.0,Bank Transfer,Salary Account,No,,,,Gift transaction #351,reimbursable
TXN100293,2025-01-30,Expense,Shopping,Clothing,3970.0,Cash,Credit Card A/C,No,Discretionary,Zomato,5000.0,Shopping transaction #293,reimbursable
TXN101653,2025-04-10,Expense,Insurance,Vehicle,6656.74,Credit Card,Cash Wallet,Yes,Essential,Amazon,2000.0,Insurance transaction #1653,
TXN102011,2024-01-19,Expense,Utilities,Water,5284.77,Credit Card,Credit Card A/C,No,Essential,BESCOM,3000.0,Utilities transaction #2011,
TXN101416,2024-10-10,Expense,Groceries,Groceries,5752.03,,Primary Savings,No,Essential,Zomato,6000.0,Groceries transaction #1416,
TXN101168,2024-09-13,Expense,Insurance,Health,7792.96,,Credit Card A/C,Yes,Essential,Swiggy,2000.0,Insurance transaction #1168,
TXN100884,2025-12-10,Expense,Entertainment,Events,6626.67,Credit Card,Primary Savings,No,Discretionary,Freelance Client,2500.0,Entertainment transaction #884,
TXN101115,2024-03-07,Expense,Transport,Public Transit,1998.12,Net Banking,Cash Wallet,Yes,Discretionary,Swiggy,4000.0,Transport transaction #1115,
TXN101939,2025-03-19,Expense,Groceries,Groceries,2091.38,Credit Card,Primary Savings,No,Essential,Freelance Client,6000.0,Groceries transaction #1939,review
TXN101022,2024-10-27,Income,Investment,,61403.46,Bank Transfer,Salary Account,No,,Employer,,Investment transaction #1022,
TXN100023,2024-03-03,Expense,Food,Groceries,₹4047.66,Net Banking,Salary Account,Yes,Discretionary,Landlord,8000.0,Food transaction #23,reimbursable
TXN101860,2025-06-10,Expense,Utilities,Internet,7212.5,,Cash Wallet,No,Essential,Apollo Pharmacy,3000.0,Utilities transaction #1860,
TXN102090,2025-08-25,Expense,,,7521.18,,Primary Savings,Yes,Discretionary,Landlord,,Misc transaction #2090,reimbursable
TXN100755,2024-02-28,Expense,Food,Groceries,7283.01,Cash,Salary Account,Yes,Discretionary,Swiggy,8000.0,Food transaction #755,
TXN100090,2024-02-20,Expense,Subscriptions,SaaS Tools,7228.33,Credit Card,Credit Card A/C,Yes,Discretionary,BESCOM,1500.0,Subscriptions transaction #90,review
TXN100959,2024-10-22,Income,Investment,,21091.47,Bank Transfer,Salary Account,No,,Amazon,,Investment transaction #959,
TXN101158,2024-01-08,Expense,Shopping,Electronics,845.52,Debit Card,Credit Card A/C,Yes,Discretionary,Local Store,5000.0,Shopping transaction #1158,
TXN101017,2025-03-31,Expense,Shopping,Electronics,4505.63,UPI,Credit Card A/C,No,Discretionary,Employer,5000.0,Shopping transaction #1017,
TXN100523,2025-04-05,Expense,Transport,Fuel,109.07,Cash,Salary Account,No,Discretionary,Local Store,4000.0,Transport transaction #523,
TXN100000,2025-10-16,Income,Investment,,37142.43,Bank Transfer,Salary Account,No,,Swiggy,,Investment transaction #0,reimbursable
TXN102164,2024-01-28,Expense,Rent,Housing,6628.82,UPI,Primary Savings,Yes,Essential,,15000.0,Rent transaction #2164,one-time
TXN100682,2025-03-07,Expense,Rent,Housing,3304.01,Cash,Credit Card A/C,Yes,Essential,Amazon,15000.0,Rent transaction #682,review
TXN102007,2024-11-25,Expense,Education,Courses,₹5900.83,UPI,Credit Card A/C,No,Discretionary,Apollo Pharmacy,4000.0,Education transaction #2007,one-time
TXN100381,2025-08-15,Expense,Groceries,Groceries,4435.17,Net Banking,Cash Wallet,Yes,Essential,Uber,6000.0,Groceries transaction #381,reimbursable
TXN102070,2024-01-13,Expense,Transport,Cab,438.4,Debit Card,Salary Account,Yes,Discretionary,Uber,4000.0,Transport transaction #2070,
TXN101491,2024-01-31,Expense,Rent,Housing,57.78,,Cash Wallet,Yes,Essential,Employer,15000.0,Rent transaction #1491,
TXN102387,2024-09-03,Income,Freelance,,84606.3,Bank Transfer,Salary Account,No,,Employer,,Freelance transaction #2387,review
TXN101251,2024-10-06,Expense,,,₹5292.31,Debit Card,Primary Savings,Yes,Discretionary,Employer,,Misc transaction #1251,
TXN102421,2024-06-09,Expense,food,Snacks,₹745.67,UPI,Cash Wallet,No,Discretionary,Freelance Client,,food transaction #2421,
TXN100915,2024-11-21,Expense,Shopping,Clothing,6419.32,Net Banking,Primary Savings,No,Discretionary,Freelance Client,5000.0,Shopping transaction #915,
TXN100704,2024-06-21,Expense,Rent,Housing,1276.11,Cash,Salary Account,Yes,Essential,Amazon,15000.0,Rent transaction #704,
TXN101892,2025-07-25,Expense,Subscriptions,SaaS Tools,6931.12,Net Banking,Cash Wallet,Yes,Discretionary,BESCOM,1500.0,Subscriptions transaction #1892,one-time
TXN102328,2025-05-07,Expense,Shopping,Clothing,₹92177.74,UPI,Cash Wallet,Yes,Discretionary,Swiggy,5000.0,Shopping transaction #2328,review
TXN102274,2024-09-01,Expense,Transport,Fuel,4983.63,Debit Card,Credit Card A/C,No,Discretionary,Swiggy,4000.0,Transport transaction #2274,
TXN100597,2024-08-15,Income,Freelance,,68163.3,Bank Transfer,Salary Account,No,,Netflix,,Freelance transaction #597,
TXN101706,2024-07-17,Income,Freelance,,55233.67,Bank Transfer,Salary Account,No,,Local Store,,Freelance transaction #1706,
TXN101421,2025-02-03,Expense,Healthcare,Pharmacy,1111.22,Credit Card,Cash Wallet,No,Essential,BESCOM,3000.0,Healthcare transaction #1421,review
TXN101720,2024-10-01,Expense,Insurance,Health,2915.92,Credit Card,Cash Wallet,Yes,Essential,Uber,2000.0,Insurance transaction #1720,
TXN100223,2024-11-22,Expense,Subscriptions,Memberships,4628.24,Credit Card,Credit Card A/C,Yes,Discretionary,Local Store,1500.0,Subscriptions transaction #223,
TXN100133,2025-04-17,Expense,,,₹4243.31,Credit Card,Salary Account,Yes,Discretionary,Netflix,,Misc transaction #133,
TXN102351,2024-05-22,Income,Gift,,89120.48,Bank Transfer,Salary Account,No,,,,Gift transaction #2351,reimbursable
TXN100213,2025-05-01,Expense,food,Snacks,₹7199.53,Net Banking,Primary Savings,Yes,Discretionary,Uber,,food transaction #213,
TXN101872,2025-02-14,Income,Investment,,85286.63,Bank Transfer,Salary Account,No,,Landlord,,Investment transaction #1872,one-time
TXN100572,2024-03-08,Expense,Healthcare,Pharmacy,7188.67,Debit Card,Primary Savings,Yes,Essential,Swiggy,3000.0,Healthcare transaction #572,one-time
TXN101677,2025-01-14,Expense,Entertainment,Streaming,711.1,Credit Card,Primary Savings,Yes,Discretionary,Freelance Client,2500.0,Entertainment transaction #1677,
TXN101544,2024-05-25,Expense,Education,Tuition,₹3090.18,,Salary Account,Yes,Discretionary,Local Store,4000.0,Education transaction #1544,review
TXN100202,2024-04-30,Expense,,,1978.62,Net Banking,Salary Account,No,Discretionary,BESCOM,,Misc transaction #202,one-time
TXN100077,2024-11-14,Expense,Education,Books,7938.44,UPI,Cash Wallet,Yes,Discretionary,Freelance Client,4000.0,Education transaction #77,review
TXN101962,2025-02-01,Expense,Shopping,Home Goods,1887.15,Net Banking,Credit Card A/C,Yes,Discretionary,Netflix,5000.0,Shopping transaction #1962,
TXN102456,2024-07-25,Income,Gift,,75871.88,Bank Transfer,Salary Account,No,,Uber,,Gift transaction #2456,one-time
TXN101412,2024-09-01,Expense,Food,Snacks,2222.85,,Salary Account,No,Discretionary,Landlord,8000.0,Food transaction #1412,reimbursable
TXN101654,2025-08-08,Expense,Rent,Housing,2921.59,Net Banking,Credit Card A/C,Yes,Essential,Zomato,15000.0,Rent transaction #1654,review
TXN100439,2024-06-11,Expense,Food,Snacks,4191.36,Debit Card,Cash Wallet,No,Discretionary,BESCOM,8000.0,Food transaction #439,review
TXN101736,2025-05-11,Expense,Entertainment,Movies,7732.56,Debit Card,Salary Account,Yes,Discretionary,Swiggy,2500.0,Entertainment transaction #1736,one-time
TXN100174,2024-10-22,Expense,Subscriptions,Memberships,3864.44,Net Banking,Credit Card A/C,Yes,Discretionary,Netflix,1500.0,Subscriptions transaction #174,one-time
TXN102325,,Income,Gift,,52698.1,Bank Transfer,Salary Account,No,,BESCOM,,Gift transaction #2325,reimbursable
TXN101457,2024-05-13,Expense,Subscriptions,Memberships,877.54,Debit Card,Primary Savings,Yes,Discretionary,Apollo Pharmacy,1500.0,Subscriptions transaction #1457,
TXN100342,2025-11-23,Expense,Rent,Housing,7478.25,Net Banking,Cash Wallet,Yes,Essential,Apollo Pharmacy,15000.0,Rent transaction #342,one-time
TXN101032,2024-11-21,Expense,Education,Tuition,5027.34,,Primary Savings,Yes,Discretionary,Swiggy,4000.0,Education transaction #1032,
TXN102495,2025-01-29,Expense,Rent,Housing,1298.04,,Credit Card A/C,Yes,Essential,Employer,15000.0,Rent transaction #2495,
TXN101575,2024-04-02,Expense,Shopping,Home Goods,154.38,UPI,Credit Card A/C,No,Discretionary,Zomato,5000.0,Shopping transaction #1575,review
TXN100252,2025-01-26,Expense,,,5150.53,,Salary Account,Yes,Discretionary,Landlord,,Misc transaction #252,
TXN100297,2025-07-21,Expense,Subscriptions,Memberships,2288.11,Credit Card,Primary Savings,Yes,Discretionary,Amazon,1500.0,Subscriptions transaction #297,one-time
TXN100545,2025-03-24,Expense,Rent,Housing,5771.93,Net Banking,Salary Account,Yes,Essential,Apollo Pharmacy,15000.0,Rent transaction #545,review
TXN100543,2024-12-07,Expense,Shopping,Clothing,7672.65,UPI,Credit Card A/C,No,Discretionary,Zomato,5000.0,Shopping transaction #543,
TXN102270,2025-02-12,Expense,Rent,Housing,2445.29,Cash,Salary Account,Yes,Essential,Uber,15000.0,Rent transaction #2270,reimbursable
TXN102445,2024-10-18,Income,Bonus,,44608.71,Bank Transfer,Salary Account,No,,Employer,,Bonus transaction #2445,
TXN101346,2024-12-19,Expense,Food,Dining Out,3590.35,Cash,Primary Savings,No,Discretionary,Netflix,8000.0,Food transaction #1346,
TXN100594,2025-12-02,Expense,Utilities,Internet,2932.06,Net Banking,Credit Card A/C,Yes,Essential,Amazon,3000.0,Utilities transaction #594,one-time
TXN100908,2024-12-26,Expense,Shopping,Home Goods,2719.82,Credit Card,Cash Wallet,No,Discretionary,Uber,5000.0,Shopping transaction #908,reimbursable
TXN101895,2025-05-01,Income,Gift,,47954.94,Bank Transfer,Salary Account,No,,,,Gift transaction #1895,
TXN100490,2024-10-18,Expense,Subscriptions,Memberships,6309.1,Credit Card,Cash Wallet,Yes,Discretionary,,1500.0,Subscriptions transaction #490,
TXN102103,2024-02-12,Expense,Transport,Cab,2999.17,Credit Card,Primary Savings,No,Discretionary,Netflix,4000.0,Transport transaction #2103,reimbursable
TXN101918,2025-07-10,Expense,food,Snacks,₹7999.8,Cash,Salary Account,Yes,Discretionary,Amazon,,food transaction #1918,reimbursable
TXN102234,2025-08-22,Income,Salary,,33628.12,Bank Transfer,Salary Account,Yes,,Employer,,Salary transaction #2234,
TXN102253,2024-04-23,Expense,Food,Dining Out,7647.98,Cash,Salary Account,No,Discretionary,Amazon,8000.0,Food transaction #2253,
TXN102258,2025-07-21,Expense,Groceries,Groceries,7124.76,UPI,Primary Savings,Yes,Essential,Uber,6000.0,Groceries transaction #2258,
TXN100394,2025-12-01,Expense,Rent,Housing,7217.79,Net Banking,Primary Savings,Yes,Essential,Landlord,15000.0,Rent transaction #394,one-time
TXN101723,2024-11-26,Expense,Entertainment,Events,₹2451.59,Cash,Salary Account,Yes,Discretionary,BESCOM,2500.0,Entertainment transaction #1723,
TXN100685,2024-11-17,Expense,Food,Dining Out,4902.69,Credit Card,Cash Wallet,No,Discretionary,Freelance Client,8000.0,Food transaction #685,reimbursable
TXN101320,2025-11-06,Expense,Entertainment,Events,581.21,,Salary Account,No,Discretionary,Zomato,2500.0,Entertainment transaction #1320,
TXN100788,2024-03-23,Expense,Transport,Cab,3443.63,,Credit Card A/C,No,Discretionary,Employer,4000.0,Transport transaction #788,review
TXN102316,2024-10-15,Expense,Healthcare,Doctor Visit,336.93,Net Banking,Primary Savings,Yes,Essential,Apollo Pharmacy,3000.0,Healthcare transaction #2316,one-time
TXN100254,2025-08-26,Expense,Entertainment,Streaming,1161.65,Debit Card,Primary Savings,Yes,Discretionary,Landlord,2500.0,Entertainment transaction #254,
TXN101841,2025-01-18,Expense,Food,Dining Out,6236.04,UPI,Credit Card A/C,No,Discretionary,Employer,8000.0,Food transaction #1841,
TXN101715,2024-12-17,Expense,Education,Tuition,5404.37,UPI,Primary Savings,No,Discretionary,Employer,4000.0,Education transaction #1715,review
TXN101269,2025-12-23,Expense,Utilities,Electricity,7549.54,Credit Card,Cash Wallet,No,Essential,Amazon,3000.0,Utilities transaction #1269,
TXN100439,2024-06-11,Expense,Food,Snacks,4191.36,Debit Card,Cash Wallet,No,Discretionary,BESCOM,8000.0,Food transaction #439,review
TXN102124,2025-08-12,Income,Salary,,24568.11,Bank Transfer,Salary Account,Yes,,Employer,,Salary transaction #2124,
TXN100408,2024-06-28,Expense,food,Snacks,2389.3,UPI,Credit Card A/C,No,Discretionary,,,food transaction #408,one-time
TXN101868,2025-04-20,Expense,Food,Snacks,1055.97,Cash,Primary Savings,Yes,Discretionary,Zomato,8000.0,Food transaction #1868,
TXN100357,2024-10-21,Expense,Food,Dining Out,7655.78,,Credit Card A/C,Yes,Discretionary,Amazon,8000.0,Food transaction #357,one-time
TXN101222,2025-12-28,Expense,Insurance,Health,7035.51,,Credit Card A/C,Yes,Essential,Local Store,2000.0,Insurance transaction #1222,one-time
TXN100629,2025-06-18,Expense,Groceries,Groceries,767.48,Net Banking,Primary Savings,No,Essential,Uber,6000.0,Groceries transaction #629,review
TXN100701,2024-07-16,Expense,Education,Tuition,7660.48,Net Banking,Salary Account,No,Discretionary,Landlord,4000.0,Education transaction #701,reimbursable
TXN100295,2024-06-23,Expense,Rent,Housing,7190.09,UPI,Credit Card A/C,Yes,Essential,Employer,15000.0,Rent transaction #295,review
TXN100709,2024-05-25,Expense,Rent,Housing,₹3418.83,Net Banking,Cash Wallet,Yes,Essential,Amazon,15000.0,Rent transaction #709,reimbursable
TXN102286,2024-06-30,Expense,Insurance,Health,₹260.7,Net Banking,Salary Account,Yes,Essential,Landlord,2000.0,Insurance transaction #2286,
TXN100011,2024-09-30,Expense,Entertainment,Movies,1307.35,UPI,Credit Card A/C,Yes,Discretionary,Landlord,2500.0,Entertainment transaction #11,
TXN100640,2025-10-24,Expense,Transport,Fuel,1626.22,,Salary Account,Yes,Discretionary,Local Store,4000.0,Transport transaction #640,
TXN102314,2024-03-18,Expense,Entertainment,Movies,5253.51,Debit Card,Salary Account,No,Discretionary,Netflix,2500.0,Entertainment transaction #2314,
TXN101333,2025-07-20,Expense,,,4184.9,UPI,Credit Card A/C,Yes,Discretionary,BESCOM,,Misc transaction #1333,
TXN102181,2025-04-29,Expense,Utilities,Electricity,₹7917.92,Cash,Cash Wallet,No,Essential,Amazon,3000.0,Utilities transaction #2181,
TXN101447,2024-04-27,Expense,Education,Tuition,2372.5,Credit Card,Primary Savings,Yes,Discretionary,Employer,4000.0,Education transaction #1447,
TXN100281,2024-09-12,Expense,,,205.26,Cash,Credit Card A/C,No,Discretionary,Landlord,,Misc transaction #281,reimbursable
TXN101036,2025-05-11,Expense,Insurance,Health,4370.14,Debit Card,Primary Savings,Yes,Essential,BESCOM,2000.0,Insurance transaction #1036,
TXN100946,2025-06-26,Expense,Education,Books,₹446.48,Credit Card,Primary Savings,Yes,Discretionary,Zomato,4000.0,Education transaction #946,
TXN100516,2025-03-31,Expense,Shopping,Clothing,5499.79,Net Banking,Cash Wallet,No,Discretionary,Apollo Pharmacy,5000.0,Shopping transaction #516,
TXN100922,2025-09-20,Expense,Food,Groceries,₹2073.28,UPI,Salary Account,Yes,Discretionary,Landlord,8000.0,Food transaction #922,
TXN100618,2024-02-08,Expense,Shopping,Home Goods,3398.32,UPI,Cash Wallet,Yes,Discretionary,Uber,5000.0,Shopping transaction #618,reimbursable
TXN100148,2024-02-01,Income,Gift,,₹67466.22,Bank Transfer,Salary Account,No,,Apollo Pharmacy,,Gift transaction #148,review
TXN100397,2025-08-12,Income,Freelance,,37816.26,Bank Transfer,Salary Account,No,,BESCOM,,Freelance transaction #397,reimbursable
TXN102384,2025-04-11,Expense,Healthcare,Doctor Visit,7981.62,Credit Card,Primary Savings,No,Essential,Apollo Pharmacy,3000.0,Healthcare transaction #2384,review
TXN102480,2025-11-12,Expense,Shopping,Clothing,₹5531.01,Net Banking,Cash Wallet,No,Discretionary,Zomato,5000.0,Shopping transaction #2480,
TXN101351,2024-08-29,Income,Freelance,,₹62184.4,Bank Transfer,Salary Account,No,,Zomato,,Freelance transaction #1351,
TXN100719,2025-08-06,Expense,Education,Tuition,1575.22,,Primary Savings,No,Discretionary,Freelance Client,4000.0,Education transaction #719,one-time
TXN101510,2024-04-17,Expense,Shopping,Home Goods,629.25,,Salary Account,Yes,Discretionary,Employer,5000.0,Shopping transaction #1510,one-time
TXN101601,2024-09-29,Expense,Education,Tuition,4931.94,Cash,Salary Account,No,Discretionary,Local Store,4000.0,Education transaction #1601,reimbursable
TXN101767,2025-07-28,Expense,Transport,Fuel,4029.01,Credit Card,Cash Wallet,Yes,Discretionary,Employer,4000.0,Transport transaction #1767,reimbursable
TXN101546,2025-11-02,Expense,Rent,Housing,1421.72,Net Banking,Salary Account,Yes,Essential,,15000.0,Rent transaction #1546,
TXN102060,2024-09-11,Income,Gift,,83663.09,Bank Transfer,Salary Account,No,,Employer,,Gift transaction #2060,review
TXN101703,2025-11-01,Expense,Rent,Housing,₹7792.81,Debit Card,Salary Account,Yes,Essential,,15000.0,Rent transaction #1703,review
TXN101295,2024-05-25,Expense,,,₹1006.58,,Primary Savings,No,Discretionary,Swiggy,,Misc transaction #1295,
TXN102339,2025-02-27,Expense,Shopping,Electronics,1958.52,Credit Card,Primary Savings,Yes,Discretionary,Zomato,5000.0,Shopping transaction #2339,review
TXN100655,2024-04-01,Income,Freelance,,31405.85,Bank Transfer,Salary Account,No,,Local Store,,Freelance transaction #655,review
TXN100626,2025-12-04,Expense,Shopping,Clothing,1575.73,Credit Card,Credit Card A/C,No,Discretionary,Apollo Pharmacy,5000.0,Shopping transaction #626,review
TXN100555,2025-06-26,Expense,Groceries,Groceries,7894.92,Net Banking,Salary Account,No,Essential,Freelance Client,6000.0,Groceries transaction #555,
TXN101110,2024-04-18,Expense,Insurance,Vehicle,2576.31,Net Banking,Cash Wallet,Yes,Essential,BESCOM,2000.0,Insurance transaction #1110,one-time
TXN101188,2025-03-26,Expense,Groceries,Groceries,6514.63,,Cash Wallet,Yes,Essential,BESCOM,6000.0,Groceries transaction #1188,
TXN102138,2024-07-05,Expense,Shopping,Home Goods,7357.69,Credit Card,Salary Account,Yes,Discretionary,Employer,5000.0,Shopping transaction #2138,
TXN101120,2024-06-22,Expense,Insurance,Health,₹1982.4,Cash,Salary Account,Yes,Essential,Netflix,2000.0,Insurance transaction #1120,
TXN101144,2024-07-23,Expense,Healthcare,Pharmacy,₹4395.35,,Credit Card A/C,No,Essential,,3000.0,Healthcare transaction #1144,
TXN100637,2024-07-07,Expense,,,₹74.45,Credit Card,Credit Card A/C,No,Discretionary,Employer,,Misc transaction #637,reimbursable
TXN102492,2024-12-17,Expense,,,6480.32,Net Banking,Credit Card A/C,Yes,Discretionary,Swiggy,,Misc transaction #2492,one-time
TXN101801,2024-08-11,Income,Gift,,42242.23,Bank Transfer,Salary Account,No,,Freelance Client,,Gift transaction #1801,one-time
TXN101217,2025-12-01,Expense,Education,Courses,₹759.04,Net Banking,Salary Account,No,Discretionary,,4000.0,Education transaction #1217,
TXN101791,2025-03-01,Expense,Subscriptions,Memberships,7334.83,UPI,Cash Wallet,Yes,Discretionary,Amazon,1500.0,Subscriptions transaction #1791,review
TXN100326,2024-07-14,Income,Salary,,63868.09,Bank Transfer,Salary Account,Yes,,Employer,,Salary transaction #326,
TXN101367,2024-09-28,Expense,,,3773.04,Credit Card,Cash Wallet,Yes,Discretionary,Zomato,,Misc transaction #1367,
TXN101132,2025-08-26,Expense,Healthcare,Doctor Visit,4674.62,UPI,Cash Wallet,Yes,Essential,Employer,3000.0,Healthcare transaction #1132,one-time
TXN101179,2025-09-19,Expense,food,Groceries,1165.41,Cash,Salary Account,Yes,Discretionary,Local Store,,food transaction #1179,one-time
TXN101554,2025-12-22,Expense,Insurance,Vehicle,1932.53,Net Banking,Cash Wallet,Yes,Essential,Amazon,2000.0,Insurance transaction #1554,
TXN102288,2025-10-03,Expense,Healthcare,Pharmacy,6615.95,,Cash Wallet,Yes,Essential,Uber,3000.0,Healthcare transaction #2288,review
TXN100667,2024-01-28,Expense,Insurance,Life,3514.52,,Salary Account,Yes,Essential,Zomato,2000.0,Insurance transaction #667,one-time
TXN100873,2024-10-20,Expense,food,Dining Out,5310.77,Debit Card,Primary Savings,Yes,Discretionary,Swiggy,,food transaction #873,
TXN100375,2024-02-25,Expense,Education,Books,631.5,,Primary Savings,No,Discretionary,Zomato,4000.0,Education transaction #375,
TXN101847,2025-10-19,Expense,Transport,Public Transit,2601.83,,Credit Card A/C,No,Discretionary,Swiggy,4000.0,Transport transaction #1847,
TXN101646,2024-10-02,Income,Salary,,83349.1,Bank Transfer,Salary Account,Yes,,Employer,,Salary transaction #1646,
TXN101053,2024-06-14,Expense,food,Groceries,6964.51,UPI,Primary Savings,No,Discretionary,Apollo Pharmacy,,food transaction #1053,one-time
TXN100480,2025-06-21,Expense,Subscriptions,Streaming,3640.3,UPI,Salary Account,Yes,Discretionary,Landlord,1500.0,Subscriptions transaction #480,
TXN100986,2024-03-17,Expense,Transport,Public Transit,4025.37,Cash,Primary Savings,Yes,Discretionary,Employer,4000.0,Transport transaction #986,
TXN100596,2024-01-18,Expense,Utilities,Internet,6545.46,Net Banking,Credit Card A/C,Yes,Essential,,3000.0,Utilities transaction #596,
TXN101502,2025-11-14,Expense,Utilities,Water,5821.59,Credit Card,Credit Card A/C,Yes,Essential,Swiggy,3000.0,Utilities transaction #1502,
TXN101372,2024-03-24,Expense,Groceries,Groceries,5319.91,Debit Card,Primary Savings,No,Essential,Local Store,6000.0,Groceries transaction #1372,one-time
TXN102430,2024-12-03,Expense,Food,Groceries,4836.31,UPI,Salary Account,No,Discretionary,Freelance Client,8000.0,Food transaction #2430,
TXN100720,2025-10-18,Expense,Insurance,Life,2617.84,Cash,Credit Card A/C,Yes,Essential,Zomato,2000.0,Insurance transaction #720,
TXN101509,2025-10-06,Expense,Insurance,Life,3177.19,,Credit Card A/C,Yes,Essential,Amazon,2000.0,Insurance transaction #1509,one-time
TXN102287,2025-05-03,Expense,Shopping,Home Goods,₹5784.82,UPI,Salary Account,Yes,Discretionary,BESCOM,5000.0,Shopping transaction #2287,one-time
TXN100471,2025-07-22,Expense,Transport,Fuel,3173.13,Credit Card,Primary Savings,No,Discretionary,Landlord,4000.0,Transport transaction #471,review
TXN101386,2024-07-03,Expense,,,75250.93,Debit Card,Credit Card A/C,No,Discretionary,Amazon,,Misc transaction #1386,reimbursable
TXN100016,2024-08-18,Income,Salary,,61181.61,Bank Transfer,Salary Account,Yes,,Employer,,Salary transaction #16,
TXN101877,2025-07-11,Expense,,,3308.38,Debit Card,Salary Account,No,Discretionary,Swiggy,,Misc transaction #1877,
TXN102488,2024-01-18,Expense,Subscriptions,Memberships,5789.96,Net Banking,Cash Wallet,Yes,Discretionary,Freelance Client,1500.0,Subscriptions transaction #2488,
TXN100075,2025-06-10,Expense,Food,Snacks,3722.71,UPI,Salary Account,No,Discretionary,Employer,8000.0,Food transaction #75,
TXN100134,2025-07-21,Expense,Subscriptions,Memberships,2316.25,Credit Card,Credit Card A/C,Yes,Discretionary,Apollo Pharmacy,1500.0,Subscriptions transaction #134,one-time
TXN100001,2024-03-30,Expense,Food,Groceries,1899.65,Net Banking,Primary Savings,Yes,Discretionary,,8000.0,Food transaction #1,
TXN100762,2025-04-17,Expense,Subscriptions,SaaS Tools,3203.56,UPI,Credit Card A/C,Yes,Discretionary,Zomato,1500.0,Subscriptions transaction #762,review
TXN100437,2024-09-29,Expense,food,Snacks,1577.93,Debit Card,Cash Wallet,Yes,Discretionary,Zomato,,food transaction #437,one-time
TXN102110,2025-02-11,Expense,Rent,Housing,5502.34,Credit Card,Primary Savings,Yes,Essential,Apollo Pharmacy,15000.0,Rent transaction #2110,review
TXN102404,2024-11-17,Income,Freelance,,39657.21,Bank Transfer,Salary Account,No,,Amazon,,Freelance transaction #2404,
TXN100319,2025-12-26,Expense,Transport,Cab,1817.79,Net Banking,Cash Wallet,No,Discretionary,Landlord,4000.0,Transport transaction #319,review
TXN101710,,Expense,food,Snacks,1339.51,Net Banking,Primary Savings,Yes,Discretionary,Zomato,,food transaction #1710,
TXN102467,2024-05-24,Expense,Groceries,Groceries,718.27,Net Banking,Salary Account,Yes,Essential,Netflix,6000.0,Groceries transaction #2467,
TXN100931,2024-10-08,Expense,food,Dining Out,₹2648.65,Cash,Salary Account,Yes,Discretionary,Netflix,,food transaction #931,reimbursable
TXN102042,2024-04-30,Expense,Food,Dining Out,4510.22,,Primary Savings,No,Discretionary,Freelance Client,8000.0,Food transaction #2042,one-time
TXN100518,2024-07-19,Expense,Entertainment,Streaming,7309.97,Debit Card,Cash Wallet,No,Discretionary,Zomato,2500.0,Entertainment transaction #518,reimbursable
TXN100689,2024-02-18,Expense,food,Dining Out,5908.03,Cash,Credit Card A/C,Yes,Discretionary,,,food transaction #689,review
TXN101734,2024-01-28,Expense,Transport,Public Transit,1031.17,Credit Card,Cash Wallet,Yes,Discretionary,Apollo Pharmacy,4000.0,Transport transaction #1734,
TXN100699,2024-04-01,Expense,Insurance,Vehicle,₹1900.94,Cash,Credit Card A/C,Yes,Essential,Landlord,2000.0,Insurance transaction #699,one-time
TXN101345,2024-10-07,Expense,Utilities,Electricity,7027.96,UPI,Salary Account,Yes,Essential,Apollo Pharmacy,3000.0,Utilities transaction #1345,reimbursable
TXN100567,2025-10-04,Income,Investment,,57164.42,Bank Transfer,Salary Account,No,,Netflix,,Investment transaction #567,reimbursable
TXN102023,2024-09-22,Expense,food,Dining Out,7512.6,,Primary Savings,No,Discretionary,Uber,,food transaction #2023,
TXN101275,2024-08-16,Expense,Entertainment,Streaming,3886.3,Credit Card,Credit Card A/C,No,Discretionary,Apollo Pharmacy,2500.0,Entertainment transaction #1275,reimbursable
TXN100378,2024-09-09,Expense,Subscriptions,Memberships,2249.6,Debit Card,Salary Account,Yes,Discretionary,Freelance Client,1500.0,Subscriptions transaction #378,one-time
TXN101191,2025-05-26,Expense,Entertainment,Streaming,5931.88,Credit Card,Credit Card A/C,No,Discretionary,Zomato,2500.0,Entertainment transaction #1191,one-time
TXN101558,2025-06-07,Expense,Groceries,Groceries,4633.57,Cash,Primary Savings,Yes,Essential,Freelance Client,6000.0,Groceries transaction #1558,
TXN101086,2024-07-27,Expense,Subscriptions,Streaming,4465.02,Debit Card,Primary Savings,Yes,Discretionary,Apollo Pharmacy,1500.0,Subscriptions transaction #1086,reimbursable
TXN101855,2025-05-09,Expense,,,857.14,Net Banking,Primary Savings,No,Discretionary,Local Store,,Misc transaction #1855,
TXN100982,2024-03-29,Expense,Insurance,Vehicle,314.25,Credit Card,Primary Savings,Yes,Essential,Uber,2000.0,Insurance transaction #982,
TXN101113,2025-08-07,Expense,Food,Dining Out,₹1373.35,,Cash Wallet,Yes,Discretionary,Uber,8000.0,Food transaction #1113,review
TXN101900,2025-02-03,Expense,Rent,Housing,6597.84,Debit Card,Credit Card A/C,Yes,Essential,,15000.0,Rent transaction #1900,one-time
TXN101880,2024-07-12,Expense,Education,Courses,7842.03,UPI,Credit Card A/C,Yes,Discretionary,Apollo Pharmacy,4000.0,Education transaction #1880,reimbursable
TXN101180,2025-08-28,Expense,Entertainment,Movies,7594.95,Credit Card,Cash Wallet,Yes,Discretionary,,2500.0,Entertainment transaction #1180,
TXN101465,2024-02-10,Expense,Food,Snacks,₹716.73,Net Banking,Cash Wallet,No,Discretionary,Local Store,8000.0,Food transaction #1465,one-time
TXN101618,2025-01-25,Expense,Insurance,Life,2725.23,Debit Card,Primary Savings,Yes,Essential,Zomato,2000.0,Insurance transaction #1618,reimbursable
TXN101838,2025-03-18,Expense,Food,Snacks,7316.15,UPI,Primary Savings,No,Discretionary,Swiggy,8000.0,Food transaction #1838,
TXN100414,2025-09-27,Expense,Groceries,Groceries,7875.94,Net Banking,Credit Card A/C,No,Essential,BESCOM,6000.0,Groceries transaction #414,reimbursable
TXN101981,2024-06-28,Expense,Shopping,Home Goods,90915.99,Credit Card,Salary Account,Yes,Discretionary,Swiggy,5000.0,Shopping transaction #1981,reimbursable
TXN101698,2024-12-06,Expense,food,Snacks,2537.93,,Cash Wallet,No,Discretionary,Swiggy,,food transaction #1698,reimbursable
TXN102252,2025-01-05,Expense,Food,Dining Out,113.56,UPI,Primary Savings,Yes,Discretionary,Netflix,8000.0,Food transaction #2252,
TXN101576,2024-04-20,Expense,Subscriptions,Streaming,1604.11,UPI,Cash Wallet,Yes,Discretionary,Apollo Pharmacy,1500.0,Subscriptions transaction #1576,review
TXN101535,2024-02-10,Income,Investment,,46075.25,Bank Transfer,Salary Account,No,,BESCOM,,Investment transaction #1535,
TXN101007,2025-07-18,Expense,food,Dining Out,6139.52,Debit Card,Credit Card A/C,No,Discretionary,Swiggy,,food transaction #1007,reimbursable
TXN100647,2024-04-29,Expense,Rent,Housing,6686.69,,Credit Card A/C,Yes,Essential,Local Store,15000.0,Rent transaction #647,reimbursable
TXN100706,2024-05-03,Income,Freelance,,72649.36,Bank Transfer,Salary Account,No,,Employer,,Freelance transaction #706,reimbursable
TXN100521,,Expense,Entertainment,Streaming,₹7979.78,,Salary Account,Yes,Discretionary,Amazon,2500.0,Entertainment transaction #521,review
TXN100717,2024-08-27,Expense,Entertainment,Movies,7240.84,,Salary Account,Yes,Discretionary,BESCOM,2500.0,Entertainment transaction #717,
TXN101714,2024-05-12,Expense,Shopping,Clothing,6680.49,UPI,Credit Card A/C,Yes,Discretionary,Netflix,5000.0,Shopping transaction #1714,
TXN101154,2024-12-01,Expense,Transport,Public Transit,2458.29,Cash,Credit Card A/C,Yes,Discretionary,BESCOM,4000.0,Transport transaction #1154,one-time
TXN100851,2024-11-07,Income,Salary,,67807.31,Bank Transfer,Salary Account,Yes,,Employer,,Salary transaction #851,
TXN102447,2025-12-01,Expense,Food,Snacks,1473.71,UPI,Primary Savings,Yes,Discretionary,Freelance Client,8000.0,Food transaction #2447,reimbursable
TXN101806,2024-03-19,Expense,Utilities,Internet,7073.31,,Credit Card A/C,Yes,Essential,Local Store,3000.0,Utilities transaction #1806,one-time
TXN100870,2025-01-29,Income,Investment,,35811.91,Bank Transfer,Salary Account,No,,Freelance Client,,Investment transaction #870,
TXN101497,2025-07-22,Expense,Subscriptions,SaaS Tools,6616.75,Cash,Primary Savings,Yes,Discretionary,Swiggy,1500.0,Subscriptions transaction #1497,
TXN101137,2024-06-10,Expense,Rent,Housing,7850.18,,Cash Wallet,Yes,Essential,,15000.0,Rent transaction #1137,one-time
TXN102027,2024-09-30,Expense,food,Dining Out,2185.91,Cash,Credit Card A/C,Yes,Discretionary,Landlord,,food transaction #2027,one-time
TXN100767,2025-01-18,Expense,Transport,Fuel,272.16,UPI,Credit Card A/C,Yes,Discretionary,Freelance Client,4000.0,Transport transaction #767,
TXN100189,2025-04-09,Income,Bonus,,51975.89,Bank Transfer,Salary Account,No,,Amazon,,Bonus transaction #189,
TXN100634,2024-11-04,Income,Freelance,,40819.6,Bank Transfer,Salary Account,No,,Swiggy,,Freelance transaction #634,review
TXN101204,2025-08-24,Income,Salary,,62969.53,Bank Transfer,Salary Account,Yes,,Employer,,Salary transaction #1204,review
TXN100179,2024-10-19,Expense,,,4614.36,Net Banking,Primary Savings,Yes,Discretionary,Local Store,,Misc transaction #179,
TXN100149,2025-01-10,Expense,Groceries,Groceries,5448.54,Debit Card,Credit Card A/C,No,Essential,Zomato,6000.0,Groceries transaction #149,one-time
TXN101121,2025-04-14,Expense,Healthcare,Pharmacy,2772.42,,Cash Wallet,No,Essential,Apollo Pharmacy,3000.0,Healthcare transaction #1121,reimbursable
TXN102108,2024-10-06,Expense,Groceries,Groceries,2322.35,Net Banking,Credit Card A/C,No,Essential,Uber,6000.0,Groceries transaction #2108,reimbursable
TXN102368,2025-02-21,Expense,Healthcare,Doctor Visit,3074.41,Cash,Salary Account,No,Essential,Freelance Client,3000.0,Healthcare transaction #2368,
TXN101728,2024-06-09,Expense,Insurance,Health,1450.93,Net Banking,Cash Wallet,Yes,Essential,Netflix,2000.0,Insurance transaction #1728,review
TXN100863,2025-10-06,Expense,,,3596.14,,Cash Wallet,No,Discretionary,Swiggy,,Misc transaction #863,
TXN102353,2025-06-05,Expense,Shopping,Clothing,4364.41,Credit Card,Cash Wallet,Yes,Discretionary,Local Store,5000.0,Shopping transaction #2353,review
TXN101561,2024-07-04,Income,Gift,,70516.95,Bank Transfer,Salary Account,No,,Apollo Pharmacy,,Gift transaction #1561,review
TXN101616,2024-09-25,Expense,,,2552.24,Debit Card,Cash Wallet,No,Discretionary,Uber,,Misc transaction #1616,one-time
TXN100345,2024-04-03,Expense,Groceries,Groceries,4520.54,,Cash Wallet,No,Essential,Uber,6000.0,Groceries transaction #345,one-time
TXN101786,2024-02-29,Expense,Subscriptions,SaaS Tools,2108.6,Net Banking,Cash Wallet,Yes,Discretionary,,1500.0,Subscriptions transaction #1786,one-time
TXN101274,2025-06-25,Expense,Groceries,Groceries,3147.13,Credit Card,Credit Card A/C,Yes,Essential,Uber,6000.0,Groceries transaction #1274,
TXN101319,2025-01-01,Expense,Education,Courses,7010.49,UPI,Primary Savings,Yes,Discretionary,Zomato,4000.0,Education transaction #1319,one-time
TXN101660,2024-05-19,Expense,Healthcare,Pharmacy,₹7360.36,Net Banking,Credit Card A/C,No,Essential,Amazon,3000.0,Healthcare transaction #1660,review
TXN100050,2024-01-28,Expense,Groceries,Groceries,3457.47,Cash,Salary Account,Yes,Essential,Netflix,6000.0,Groceries transaction #50,
TXN101974,2025-08-28,Expense,Rent,Housing,6252.37,Credit Card,Credit Card A/C,Yes,Essential,Amazon,15000.0,Rent transaction #1974,reimbursable
TXN101800,2024-05-25,Expense,Rent,Housing,4603.0,Credit Card,Salary Account,Yes,Essential,Employer,15000.0,Rent transaction #1800,one-time
TXN100968,2024-05-04,Expense,Insurance,Vehicle,471.51,Credit Card,Salary Account,Yes,Essential,Landlord,2000.0,Insurance transaction #968,
TXN100262,2024-12-21,Expense,,,2111.01,Debit Card,Salary Account,No,Discretionary,,,Misc transaction #262,
TXN100120,2025-11-02,Income,Bonus,,52476.71,Bank Transfer,Salary Account,No,,Employer,,Bonus transaction #120,reimbursable
TXN100987,2025-10-30,Income,Investment,,49498.4,Bank Transfer,Salary Account,No,,BESCOM,,Investment transaction #987,
TXN101316,2024-06-29,Expense,Food,Dining Out,2753.56,,Cash Wallet,Yes,Discretionary,,8000.0,Food transaction #1316,
TXN102436,2024-12-11,Expense,Groceries,Groceries,3457.76,,Credit Card A/C,No,Essential,Employer,6000.0,Groceries transaction #2436,
TXN100219,2025-09-04,Expense,Shopping,Clothing,3133.01,UPI,Salary Account,Yes,Discretionary,Freelance Client,5000.0,Shopping transaction #219,
TXN100267,2025-04-21,Expense,,,2652.04,Net Banking,Cash Wallet,Yes,Discretionary,Uber,,Misc transaction #267,
TXN101392,2025-07-02,Expense,Education,Books,6954.94,,Credit Card A/C,Yes,Discretionary,Apollo Pharmacy,4000.0,Education transaction #1392,review
TXN101216,2025-03-12,Expense,Shopping,Clothing,3955.35,Debit Card,Cash Wallet,No,Discretionary,Netflix,5000.0,Shopping transaction #1216,
TXN100843,2024-04-23,Expense,Food,Groceries,5964.2,UPI,Salary Account,Yes,Discretionary,Apollo Pharmacy,8000.0,Food transaction #843,
TXN100290,2024-01-02,Expense,Groceries,Groceries,6178.1,Net Banking,Primary Savings,Yes,Essential,Employer,6000.0,Groceries transaction #290,reimbursable
TXN100692,2025-05-02,Expense,food,Dining Out,3251.89,Net Banking,Cash Wallet,No,Discretionary,Employer,,food transaction #692,one-time
TXN100697,2024-10-17,Expense,Subscriptions,SaaS Tools,88327.61,UPI,Primary Savings,Yes,Discretionary,Local Store,1500.0,Subscriptions transaction #697,one-time
TXN101285,2024-06-05,Expense,Rent,Housing,6059.91,,Cash Wallet,Yes,Essential,Amazon,15000.0,Rent transaction #1285,
TXN100478,2024-10-03,Expense,Transport,Public Transit,1662.53,Credit Card,Primary Savings,Yes,Discretionary,Apollo Pharmacy,4000.0,Transport transaction #478,
TXN101413,2025-11-13,Expense,Education,Books,3265.94,Net Banking,Cash Wallet,No,Discretionary,Netflix,4000.0,Education transaction #1413,
TXN100716,2024-08-14,Expense,,,7375.12,Debit Card,Salary Account,Yes,Discretionary,Employer,,Misc transaction #716,
TXN102257,2024-10-11,Expense,Rent,Housing,₹4867.67,Net Banking,Credit Card A/C,Yes,Essential,Amazon,15000.0,Rent transaction #2257,review
TXN101570,2024-03-28,Expense,Groceries,Groceries,1083.4,Debit Card,Primary Savings,No,Essential,Uber,6000.0,Groceries transaction #1570,review
TXN100074,2024-04-17,Expense,Entertainment,Streaming,2341.33,Cash,Primary Savings,No,Discretionary,Zomato,2500.0,Entertainment transaction #74,one-time
TXN101210,2024-07-12,Expense,Healthcare,Pharmacy,7807.41,UPI,Salary Account,No,Essential,Employer,3000.0,Healthcare transaction #1210,
TXN100574,2024-10-25,Expense,Food,Groceries,4180.98,Debit Card,Cash Wallet,No,Discretionary,Freelance Client,8000.0,Food transaction #574,reimbursable
TXN102298,2025-02-20,Expense,Entertainment,Movies,4649.83,Net Banking,Cash Wallet,No,Discretionary,Local Store,2500.0,Entertainment transaction #2298,
TXN101456,2025-09-25,Expense,Subscriptions,Streaming,5179.23,,Credit Card A/C,Yes,Discretionary,Local Store,1500.0,Subscriptions transaction #1456,one-time
TXN101538,2025-09-23,Expense,Groceries,Groceries,7706.61,,Salary Account,No,Essential,Apollo Pharmacy,6000.0,Groceries transaction #1538,review
TXN101803,2025-01-21,Income,Investment,,63645.17,Bank Transfer,Salary Account,No,,Amazon,,Investment transaction #1803,
TXN101620,2025-03-14,Expense,Healthcare,Insurance Premium,₹2519.4,Credit Card,Credit Card A/C,Yes,Essential,Local Store,3000.0,Healthcare transaction #1620,
TXN100773,2025-04-04,Expense,Insurance,Vehicle,4720.37,UPI,Salary Account,Yes,Essential,Amazon,2000.0,Insurance transaction #773,
TXN102461,2024-09-24,Expense,Subscriptions,Memberships,2308.49,Credit Card,Credit Card A/C,Yes,Discretionary,Employer,1500.0,Subscriptions transaction #2461,reimbursable
TXN101035,2025-03-04,Expense,Groceries,Groceries,1915.99,Debit Card,Cash Wallet,Yes,Essential,Netflix,6000.0,Groceries transaction #1035,review
TXN101789,2025-12-05,Expense,Shopping,Home Goods,2075.04,Net Banking,Salary Account,Yes,Discretionary,Apollo Pharmacy,5000.0,Shopping transaction #1789,reimbursable
TXN100317,2024-10-10,Expense,Utilities,Water,7619.89,,Credit Card A/C,Yes,Essential,Swiggy,3000.0,Utilities transaction #317,
TXN100963,2024-11-26,Expense,Rent,Housing,₹3359.68,Credit Card,Credit Card A/C,Yes,Essential,Netflix,15000.0,Rent transaction #963,review
TXN100654,2024-05-12,Expense,Food,Snacks,6395.27,,Primary Savings,No,Discretionary,Zomato,8000.0,Food transaction #654,one-time
TXN101020,2024-07-03,Expense,Food,Groceries,2143.84,Net Banking,Cash Wallet,Yes,Discretionary,Swiggy,8000.0,Food transaction #1020,
TXN101249,2025-12-29,Expense,,,4842.36,Cash,Primary Savings,No,Discretionary,Swiggy,,Misc transaction #1249,reimbursable
TXN102409,,Expense,Shopping,Clothing,2953.21,UPI,Credit Card A/C,Yes,Discretionary,Swiggy,5000.0,Shopping transaction #2409,
TXN101859,2025-12-26,Expense,food,Snacks,4775.89,,Credit Card A/C,No,Discretionary,Swiggy,,food transaction #1859,review
TXN101692,2024-03-31,Expense,Healthcare,Pharmacy,4949.32,UPI,Credit Card A/C,No,Essential,Apollo Pharmacy,3000.0,Healthcare transaction #1692,reimbursable
TXN101233,2025-08-03,Income,Freelance,,73352.34,Bank Transfer,Salary Account,No,,Amazon,,Freelance transaction #1233,review
TXN101902,2024-11-04,Expense,,,1097.37,Debit Card,Salary Account,Yes,Discretionary,Freelance Client,,Misc transaction #1902,
TXN100955,2024-09-07,Expense,Subscriptions,SaaS Tools,5967.7,Credit Card,Cash Wallet,Yes,Discretionary,Freelance Client,1500.0,Subscriptions transaction #955,review
TXN101917,2025-08-18,Expense,,,3705.66,,Primary Savings,No,Discretionary,Amazon,,Misc transaction #1917,
TXN102400,2025-07-27,Expense,Groceries,Groceries,5970.97,Debit Card,Credit Card A/C,Yes,Essential,Swiggy,6000.0,Groceries transaction #2400,one-time
TXN101203,2025-12-14,Expense,Entertainment,Movies,7013.95,Cash,Salary Account,No,Discretionary,Amazon,2500.0,Entertainment transaction #1203,
TXN100901,2024-01-24,Expense,Insurance,Health,5103.71,UPI,Salary Account,Yes,Essential,Zomato,2000.0,Insurance transaction #901,review
TXN101670,2024-12-11,Expense,Rent,Housing,3274.77,Debit Card,Cash Wallet,Yes,Essential,Amazon,15000.0,Rent transaction #1670,reimbursable
TXN100513,2025-07-23,Expense,,,3714.75,Net Banking,Cash Wallet,Yes,Discretionary,Employer,,Misc transaction #513,one-time
TXN101336,2025-05-21,Expense,Education,Tuition,4113.39,Cash,Salary Account,No,Discretionary,Amazon,4000.0,Education transaction #1336,one-time
TXN100440,2024-08-11,Expense,Transport,Public Transit,₹169.79,Debit Card,Primary Savings,No,Discretionary,BESCOM,4000.0,Transport transaction #440,review
TXN100621,2025-10-01,Expense,food,Snacks,803.13,Debit Card,Credit Card A/C,Yes,Discretionary,Employer,,food transaction #621,
TXN101184,2025-09-05,Expense,Transport,Public Transit,5627.71,Cash,Cash Wallet,Yes,Discretionary,Freelance Client,4000.0,Transport transaction #1184,review
TXN100983,2024-12-14,Expense,Subscriptions,Memberships,3994.59,Credit Card,Cash Wallet,Yes,Discretionary,Landlord,1500.0,Subscriptions transaction #983,reimbursable
TXN101985,2024-04-25,Expense,Healthcare,Pharmacy,6271.03,Cash,Salary Account,Yes,Essential,Landlord,3000.0,Healthcare transaction #1985,review
TXN101400,2025-12-15,Income,Freelance,,78415.78,Bank Transfer,Salary Account,No,,Apollo Pharmacy,,Freelance transaction #1400,
TXN100205,2025-08-06,Expense,Healthcare,Insurance Premium,5494.53,Debit Card,Cash Wallet,No,Essential,Apollo Pharmacy,3000.0,Healthcare transaction #205,
TXN102279,2024-01-08,Expense,Food,Dining Out,4701.06,UPI,Salary Account,Yes,Discretionary,BESCOM,8000.0,Food transaction #2279,reimbursable
TXN101312,2025-10-08,Expense,Healthcare,Doctor Visit,1968.96,Cash,Primary Savings,No,Essential,Netflix,3000.0,Healthcare transaction #1312,one-time
TXN100056,2025-06-02,Expense,Food,Dining Out,889.03,Debit Card,Cash Wallet,Yes,Discretionary,Local Store,8000.0,Food transaction #56,review
TXN101708,2024-04-08,Expense,Transport,Fuel,5486.11,,Salary Account,Yes,Discretionary,Local Store,4000.0,Transport transaction #1708,review
TXN101408,2025-12-30,Expense,Groceries,Groceries,5280.3,UPI,Cash Wallet,Yes,Essential,Netflix,6000.0,Groceries transaction #1408,review
TXN100500,2025-12-23,Expense,Subscriptions,Streaming,740.04,Credit Card,Credit Card A/C,Yes,Discretionary,Apollo Pharmacy,1500.0,Subscriptions transaction #500,reimbursable
TXN101159,2025-12-19,Income,Bonus,,81315.93,Bank Transfer,Salary Account,No,,Amazon,,Bonus transaction #1159,review
TXN101977,2024-03-19,Expense,Food,Groceries,4239.4,Credit Card,Salary Account,No,Discretionary,BESCOM,8000.0,Food transaction #1977,
TXN101255,2024-08-30,Expense,food,Groceries,5905.2,Debit Card,Primary Savings,Yes,Discretionary,Employer,,food transaction #1255,one-time
TXN100531,2025-10-19,Expense,food,Groceries,3220.02,Debit Card,Cash Wallet,Yes,Discretionary,Local Store,,food transaction #531,
TXN100425,2024-08-28,Expense,Subscriptions,Memberships,₹1724.04,Cash,Primary Savings,Yes,Discretionary,Zomato,1500.0,Subscriptions transaction #425,reimbursable
TXN101674,2025-08-01,Expense,Food,Snacks,7498.49,Debit Card,Primary Savings,Yes,Discretionary,Apollo Pharmacy,8000.0,Food transaction #1674,
TXN100741,2025-04-20,Expense,Subscriptions,SaaS Tools,3892.21,Cash,Cash Wallet,Yes,Discretionary,Netflix,1500.0,Subscriptions transaction #741,reimbursable
TXN102220,2025-07-28,Expense,Subscriptions,Memberships,1061.89,,Credit Card A/C,Yes,Discretionary,,1500.0,Subscriptions transaction #2220,review
TXN102427,2024-03-13,Income,Freelance,,56788.9,Bank Transfer,Salary Account,No,,,,Freelance transaction #2427,reimbursable
TXN101334,2024-07-06,Expense,,,2002.79,Cash,Credit Card A/C,No,Discretionary,Landlord,,Misc transaction #1334,
TXN100589,2025-04-19,Expense,,,68387.39,,Cash Wallet,Yes,Discretionary,Freelance Client,,Misc transaction #589,
TXN100237,2025-09-26,Income,Investment,,86628.94,Bank Transfer,Salary Account,No,,Apollo Pharmacy,,Investment transaction #237,reimbursable
TXN101260,2024-08-21,Expense,Insurance,Vehicle,3327.64,,Credit Card A/C,Yes,Essential,BESCOM,2000.0,Insurance transaction #1260,review
TXN101450,2025-10-13,Expense,Entertainment,Events,4263.78,Cash,Cash Wallet,Yes,Discretionary,BESCOM,2500.0,Entertainment transaction #1450,reimbursable
TXN101164,2025-06-21,Expense,food,Groceries,1820.46,Cash,Primary Savings,Yes,Discretionary,Apollo Pharmacy,,food transaction #1164,reimbursable
TXN101173,2024-08-20,Expense,food,Groceries,2400.92,Debit Card,Credit Card A/C,No,Discretionary,Local Store,,food transaction #1173,reimbursable
TXN101605,2025-01-03,Expense,Utilities,Water,2134.35,Net Banking,Primary Savings,No,Essential,Uber,3000.0,Utilities transaction #1605,review
TXN100605,2024-08-19,Expense,Utilities,Water,603.39,Cash,Credit Card A/C,Yes,Essential,Amazon,3000.0,Utilities transaction #605,
TXN102450,2024-07-15,Expense,Food,Snacks,6278.36,Debit Card,Salary Account,No,Discretionary,Freelance Client,8000.0,Food transaction #2450,
TXN100175,2025-02-08,Expense,,,2359.1,Debit Card,Primary Savings,No,Discretionary,Apollo Pharmacy,,Misc transaction #175,
TXN101737,2024-08-20,Expense,Transport,Public Transit,1435.74,Debit Card,Credit Card A/C,No,Discretionary,,4000.0,Transport transaction #1737,
TXN101034,2024-08-07,Income,Salary,,54348.38,Bank Transfer,Salary Account,Yes,,Employer,,Salary transaction #1034,
TXN101213,2025-04-10,Expense,Education,Books,7554.89,,Primary Savings,No,Discretionary,BESCOM,4000.0,Education transaction #1213,one-time
TXN101783,2025-10-19,Expense,Food,Groceries,1425.68,Credit Card,Credit Card A/C,No,Discretionary,Swiggy,8000.0,Food transaction #1783,review
TXN101480,2025-12-24,Expense,Insurance,Health,4603.09,Cash,Credit Card A/C,Yes,Essential,Landlord,2000.0,Insurance transaction #1480,review
TXN101933,2024-03-31,Expense,Food,Dining Out,5961.0,,Salary Account,No,Discretionary,Apollo Pharmacy,8000.0,Food transaction #1933,
TXN101434,2024-05-15,Expense,Food,Snacks,4968.24,UPI,Primary Savings,Yes,Discretionary,Uber,8000.0,Food transaction #1434,
TXN101941,2024-08-27,Expense,Entertainment,Events,2335.63,Net Banking,Salary Account,Yes,Discretionary,Landlord,2500.0,Entertainment transaction #1941,one-time
TXN101390,2025-09-15,Expense,Entertainment,Events,2154.37,,Primary Savings,Yes,Discretionary,Freelance Client,2500.0,Entertainment transaction #1390,
TXN101341,2024-08-14,Expense,Groceries,Groceries,7345.12,Debit Card,Primary Savings,Yes,Essential,BESCOM,6000.0,Groceries transaction #1341,reimbursable
TXN101517,2024-11-23,Expense,Transport,Cab,353.53,,Credit Card A/C,Yes,Discretionary,Local Store,4000.0,Transport transaction #1517,
TXN102085,2025-04-27,Expense,Subscriptions,Memberships,7801.16,UPI,Cash Wallet,Yes,Discretionary,,1500.0,Subscriptions transaction #2085,reimbursable
TXN101695,2024-09-18,Expense,Healthcare,Pharmacy,1052.35,Cash,Primary Savings,Yes,Essential,Uber,3000.0,Healthcare transaction #1695,reimbursable
TXN102104,2024-05-03,Income,Freelance,,61064.92,Bank Transfer,Salary Account,No,,Employer,,Freelance transaction #2104,review
TXN100152,2025-11-14,Expense,food,Snacks,7136.09,Credit Card,Salary Account,No,Discretionary,Landlord,,food transaction #152,
TXN101582,2025-10-03,Expense,,,976.01,Cash,Cash Wallet,No,Discretionary,Zomato,,Misc transaction #1582,review
TXN100438,2025-03-29,Expense,Food,Groceries,6179.42,Net Banking,Salary Account,No,Discretionary,Local Store,8000.0,Food transaction #438,
TXN100211,2025-10-31,Expense,Insurance,Life,3065.15,Net Banking,Cash Wallet,Yes,Essential,Amazon,2000.0,Insurance transaction #211,
TXN102051,2025-11-04,Income,Gift,,26520.75,Bank Transfer,Salary Account,No,,Amazon,,Gift transaction #2051,
TXN102078,2025-02-22,Expense,Education,Books,7826.46,Credit Card,Credit Card A/C,Yes,Discretionary,Netflix,4000.0,Education transaction #2078,one-time
TXN100859,2024-05-16,Expense,,,7841.19,Credit Card,Primary Savings,Yes,Discretionary,Freelance Client,,Misc transaction #859,
TXN102349,2024-01-04,Expense,Subscriptions,Streaming,6634.26,UPI,Primary Savings,Yes,Discretionary,Uber,1500.0,Subscriptions transaction #2349,review
TXN100348,2025-02-06,Expense,,,2736.57,Cash,Primary Savings,Yes,Discretionary,Apollo Pharmacy,,Misc transaction #348,reimbursable
TXN101776,2025-02-09,Expense,Education,Courses,6342.18,,Credit Card A/C,Yes,Discretionary,Employer,4000.0,Education transaction #1776,reimbursable
TXN102141,2024-03-10,Expense,Food,Dining Out,7900.22,Credit Card,Credit Card A/C,No,Discretionary,Local Store,8000.0,Food transaction #2141,reimbursable
TXN101901,2024-04-23,Expense,Education,Courses,₹99.99,Debit Card,Credit Card A/C,Yes,Discretionary,Local Store,4000.0,Education transaction #1901,
TXN100883,2024-04-04,Expense,Rent,Housing,495.17,Cash,Salary Account,Yes,Essential,,15000.0,Rent transaction #883,
TXN102417,2024-01-28,Expense,Shopping,Electronics,7816.81,Cash,Cash Wallet,Yes,Discretionary,BESCOM,5000.0,Shopping transaction #2417,
TXN102455,2024-10-17,Expense,Entertainment,Events,6902.0,Cash,Credit Card A/C,Yes,Discretionary,Netflix,2500.0,Entertainment transaction #2455,reimbursable
TXN102385,2024-06-19,Expense,Utilities,Electricity,3423.3,Net Banking,Credit Card A/C,Yes,Essential,Landlord,3000.0,Utilities transaction #2385,one-time
TXN100264,,Expense,Utilities,Electricity,5409.26,UPI,Salary Account,Yes,Essential,Amazon,3000.0,Utilities transaction #264,
TXN100291,2024-08-14,Expense,food,Dining Out,5975.48,Credit Card,Credit Card A/C,No,Discretionary,Swiggy,,food transaction #291,review
TXN100253,2025-03-26,Expense,Transport,Public Transit,7363.16,Net Banking,Cash Wallet,Yes,Discretionary,Zomato,4000.0,Transport transaction #253,
TXN101623,2025-03-30,Expense,Food,Dining Out,7954.02,Cash,Credit Card A/C,Yes,Discretionary,Freelance Client,8000.0,Food transaction #1623,review
TXN102198,2025-12-02,Expense,Utilities,Electricity,407.6,Credit Card,Credit Card A/C,Yes,Essential,Swiggy,3000.0,Utilities transaction #2198,
TXN101178,2024-11-25,Income,Investment,,20024.75,Bank Transfer,Salary Account,No,,Netflix,,Investment transaction #1178,
TXN102443,2024-10-04,Expense,Insurance,Life,2272.11,Debit Card,Primary Savings,Yes,Essential,,2000.0,Insurance transaction #2443,
TXN100022,2024-10-19,Expense,Subscriptions,Memberships,3919.04,Credit Card,Credit Card A/C,Yes,Discretionary,BESCOM,1500.0,Subscriptions transaction #22,reimbursable
TXN101983,2025-03-08,Expense,food,Dining Out,7102.12,UPI,Salary Account,Yes,Discretionary,Local Store,,food transaction #1983,
TXN102216,2025-10-02,Expense,Transport,Cab,4423.66,,Credit Card A/C,Yes,Discretionary,Employer,4000.0,Transport transaction #2216,one-time
TXN100700,2024-10-11,Expense,Rent,Housing,6379.46,,Credit Card A/C,Yes,Essential,Landlord,15000.0,Rent transaction #700,
TXN100881,2025-12-12,Income,Salary,,30912.11,Bank Transfer,Salary Account,Yes,,Employer,,Salary transaction #881,
TXN100338,2025-12-07,Expense,,,7094.68,Credit Card,Primary Savings,Yes,Discretionary,,,Misc transaction #338,
TXN102137,,Expense,Groceries,Groceries,7286.32,Debit Card,Credit Card A/C,No,Essential,BESCOM,6000.0,Groceries transaction #2137,
TXN101430,2025-08-25,Expense,Transport,Fuel,1931.84,UPI,Primary Savings,No,Discretionary,Employer,4000.0,Transport transaction #1430,
TXN101925,2025-06-27,Expense,food,Dining Out,2631.86,Credit Card,Cash Wallet,Yes,Discretionary,Uber,,food transaction #1925,
TXN101282,2024-04-14,Expense,Subscriptions,Streaming,2914.52,Debit Card,Credit Card A/C,Yes,Discretionary,Zomato,1500.0,Subscriptions transaction #1282,one-time
TXN100227,2025-10-15,Expense,food,Groceries,2872.32,,Primary Savings,No,Discretionary,Uber,,food transaction #227,
TXN102486,2024-08-09,Expense,Education,Books,2501.2,Debit Card,Cash Wallet,Yes,Discretionary,BESCOM,4000.0,Education transaction #2486,
TXN101487,2025-12-12,Expense,Shopping,Electronics,6446.45,Credit Card,Cash Wallet,No,Discretionary,Landlord,5000.0,Shopping transaction #1487,
TXN100107,2025-12-04,Expense,food,Groceries,₹791.18,UPI,Credit Card A/C,Yes,Discretionary,Landlord,,food transaction #107,reimbursable
TXN101388,2024-07-20,Expense,Subscriptions,Streaming,5766.9,Net Banking,Credit Card A/C,Yes,Discretionary,Landlord,1500.0,Subscriptions transaction #1388,
TXN101404,2025-03-11,Expense,food,Groceries,5335.35,Credit Card,Credit Card A/C,No,Discretionary,Swiggy,,food transaction #1404,
TXN101451,2024-08-21,Expense,Entertainment,Events,2515.5,Credit Card,Cash Wallet,Yes,Discretionary,Landlord,2500.0,Entertainment transaction #1451,
TXN102355,2025-08-29,Expense,Shopping,Electronics,4142.05,,Primary Savings,Yes,Discretionary,Apollo Pharmacy,5000.0,Shopping transaction #2355,one-time
TXN100898,2024-04-21,Income,Salary,,84222.22,Bank Transfer,Salary Account,Yes,,Employer,,Salary transaction #898,
TXN101680,2024-04-12,Expense,Subscriptions,Streaming,3736.38,Net Banking,Primary Savings,Yes,Discretionary,Uber,1500.0,Subscriptions transaction #1680,
TXN101189,2024-04-11,Expense,Shopping,Clothing,6802.97,Debit Card,Credit Card A/C,No,Discretionary,Uber,5000.0,Shopping transaction #1189,one-time
TXN100857,2025-02-14,Expense,Transport,Fuel,90032.86,Net Banking,Primary Savings,No,Discretionary,Landlord,4000.0,Transport transaction #857,
TXN100592,2024-06-15,Expense,Rent,Housing,5561.6,Debit Card,Salary Account,Yes,Essential,Amazon,15000.0,Rent transaction #592,
TXN101634,2024-09-17,Expense,Entertainment,Streaming,₹475.22,Net Banking,Salary Account,No,Discretionary,,2500.0,Entertainment transaction #1634,
TXN102363,2024-12-14,Expense,food,Snacks,6693.12,UPI,Cash Wallet,No,Discretionary,Swiggy,,food transaction #2363,one-time
TXN101548,2025-12-20,Expense,,,7161.45,Credit Card,Credit Card A/C,No,Discretionary,Netflix,,Misc transaction #1548,review
TXN100030,2025-10-14,Expense,Rent,Housing,3450.11,UPI,Primary Savings,Yes,Essential,Zomato,15000.0,Rent transaction #30,
TXN100010,2025-11-27,Expense,food,Dining Out,7969.16,Net Banking,Credit Card A/C,Yes,Discretionary,Freelance Client,,food transaction #10,reimbursable
TXN101628,2024-05-29,Expense,food,Groceries,1588.72,,Cash Wallet,No,Discretionary,Landlord,,food transaction #1628,one-time
TXN100438,2025-03-29,Expense,Food,Groceries,6179.42,Net Banking,Salary Account,No,Discretionary,Local Store,8000.0,Food transaction #438,
TXN101366,2024-07-18,Expense,Transport,Cab,7071.17,Cash,Credit Card A/C,Yes,Discretionary,Amazon,4000.0,Transport transaction #1366,
TXN100971,2025-05-10,Expense,Transport,Public Transit,4921.44,Cash,Primary Savings,No,Discretionary,Swiggy,4000.0,Transport transaction #971,review
TXN100710,2024-10-23,Expense,Rent,Housing,7378.4,Debit Card,Credit Card A/C,Yes,Essential,Freelance Client,15000.0,Rent transaction #710,review
TXN101976,2025-11-02,Expense,Shopping,Electronics,3815.84,Net Banking,Cash Wallet,No,Discretionary,,5000.0,Shopping transaction #1976,one-time
TXN101482,2025-08-01,Income,Salary,,74060.97,Bank Transfer,Salary Account,Yes,,Employer,,Salary transaction #1482,
TXN102344,2025-01-25,Expense,,,1646.14,UPI,Primary Savings,Yes,Discretionary,Amazon,,Misc transaction #2344,reimbursable
TXN100669,2024-01-21,Expense,Groceries,Groceries,4576.97,Cash,Primary Savings,No,Essential,Amazon,6000.0,Groceries transaction #669,one-time
TXN100866,2025-09-09,Income,Bonus,,21450.11,Bank Transfer,Salary Account,No,,Amazon,,Bonus transaction #866,
TXN101192,2024-11-16,Expense,Insurance,Life,1657.09,,Cash Wallet,Yes,Essential,Uber,2000.0,Insurance transaction #1192,
TXN100845,2024-06-08,Expense,Food,Snacks,5442.57,Debit Card,Cash Wallet,Yes,Discretionary,Local Store,8000.0,Food transaction #845,
TXN100125,2025-06-20,Expense,Rent,Housing,2299.0,Cash,Credit Card A/C,Yes,Essential,Freelance Client,15000.0,Rent transaction #125,review
TXN100257,2025-06-24,Expense,Food,Dining Out,1099.26,Net Banking,Cash Wallet,No,Discretionary,Landlord,8000.0,Food transaction #257,
TXN102470,2024-09-07,Expense,Education,Courses,1246.79,Credit Card,Credit Card A/C,No,Discretionary,Freelance Client,4000.0,Education transaction #2470,review
TXN101968,2025-05-07,Expense,Insurance,Life,5795.15,Credit Card,Primary Savings,Yes,Essential,Apollo Pharmacy,2000.0,Insurance transaction #1968,reimbursable
TXN101926,2024-06-12,Expense,Transport,Cab,₹188.3,Debit Card,Primary Savings,Yes,Discretionary,Employer,4000.0,Transport transaction #1926,
TXN101337,2025-09-01,Income,Bonus,,47081.93,Bank Transfer,Salary Account,No,,Zomato,,Bonus transaction #1337,
TXN102015,2025-08-31,Income,Salary,,62383.92,Bank Transfer,Salary Account,Yes,,Employer,,Salary transaction #2015,review
TXN101160,2024-11-27,Income,Freelance,,32415.09,Bank Transfer,Salary Account,No,,Amazon,,Freelance transaction #1160,review
TXN101028,2025-06-04,Expense,Food,Snacks,7680.86,Net Banking,Salary Account,Yes,Discretionary,Apollo Pharmacy,8000.0,Food transaction #1028,
TXN101059,2025-07-08,Expense,Transport,Fuel,868.66,Credit Card,Credit Card A/C,Yes,Discretionary,Netflix,4000.0,Transport transaction #1059,reimbursable
TXN100198,2024-12-18,Expense,Insurance,Health,2583.94,Cash,Cash Wallet,Yes,Essential,Swiggy,2000.0,Insurance transaction #198,reimbursable
TXN100628,2024-11-17,Expense,food,Dining Out,5389.79,UPI,Cash Wallet,Yes,Discretionary,BESCOM,,food transaction #628,
TXN100409,2024-09-06,Expense,,,3712.73,Net Banking,Primary Savings,No,Discretionary,Zomato,,Misc transaction #409,
TXN102472,2025-02-01,Expense,Shopping,Electronics,5588.13,Net Banking,Cash Wallet,No,Discretionary,Netflix,5000.0,Shopping transaction #2472,
TXN101740,2024-06-08,Expense,Entertainment,Events,₹6597.83,Net Banking,Salary Account,Yes,Discretionary,,2500.0,Entertainment transaction #1740,review
TXN102269,2025-07-19,Income,Investment,,35396.64,Bank Transfer,Salary Account,No,,Amazon,,Investment transaction #2269,review
TXN101198,2024-09-26,Expense,Entertainment,Movies,2888.74,,Salary Account,No,Discretionary,,2500.0,Entertainment transaction #1198,
TXN100282,2025-05-29,Expense,Utilities,Electricity,4797.08,UPI,Credit Card A/C,Yes,Essential,Apollo Pharmacy,3000.0,Utilities transaction #282,
TXN102418,2024-01-04,Income,Gift,,35392.25,Bank Transfer,Salary Account,No,,Freelance Client,,Gift transaction #2418,one-time
TXN100839,2024-08-10,Expense,Insurance,Vehicle,331.66,Cash,Cash Wallet,Yes,Essential,Amazon,2000.0,Insurance transaction #839,
TXN101493,2024-12-08,Expense,Food,Groceries,3032.77,UPI,Credit Card A/C,Yes,Discretionary,Netflix,8000.0,Food transaction #1493,review
TXN101226,2024-09-24,Income,Salary,,47643.44,Bank Transfer,Salary Account,Yes,,Employer,,Salary transaction #1226,
TXN100639,2025-12-04,Expense,Entertainment,Streaming,3345.25,Credit Card,Cash Wallet,No,Discretionary,Employer,2500.0,Entertainment transaction #639,reimbursable
TXN101619,2024-12-21,Expense,Food,Groceries,5418.38,Credit Card,Salary Account,Yes,Discretionary,Swiggy,8000.0,Food transaction #1619,one-time
TXN100631,2025-01-18,Expense,food,Dining Out,3825.09,Credit Card,Credit Card A/C,Yes,Discretionary,Uber,,food transaction #631,
TXN101201,2024-01-23,Expense,Education,Tuition,2813.44,,Salary Account,Yes,Discretionary,Freelance Client,4000.0,Education transaction #1201,
TXN101299,2024-02-18,Expense,food,Snacks,6574.68,Net Banking,Salary Account,No,Discretionary,Freelance Client,,food transaction #1299,reimbursable
TXN102033,2024-09-25,Expense,Healthcare,Pharmacy,3032.65,Net Banking,Cash Wallet,No,Essential,Local Store,3000.0,Healthcare transaction #2033,one-time
TXN100412,2025-11-30,Expense,Transport,Cab,1917.15,Credit Card,Credit Card A/C,Yes,Discretionary,BESCOM,4000.0,Transport transaction #412,reimbursable
TXN100013,2024-09-02,Income,Gift,,86286.46,Bank Transfer,Salary Account,No,,Zomato,,Gift transaction #13,reimbursable
TXN100483,2025-12-13,Expense,Shopping,Electronics,248.05,Cash,Salary Account,No,Discretionary,Zomato,5000.0,Shopping transaction #483,review
TXN100297,2025-07-21,Expense,Subscriptions,Memberships,2288.11,Credit Card,Primary Savings,Yes,Discretionary,Amazon,1500.0,Subscriptions transaction #297,one-time
TXN101058,2024-12-19,Expense,Transport,Cab,7296.51,Cash,Credit Card A/C,No,Discretionary,Employer,4000.0,Transport transaction #1058,reimbursable
TXN100475,2024-01-31,Expense,Shopping,Electronics,5977.6,,Credit Card A/C,Yes,Discretionary,BESCOM,5000.0,Shopping transaction #475,reimbursable
TXN102224,2025-11-04,Income,Salary,,44813.92,Bank Transfer,Salary Account,Yes,,Employer,,Salary transaction #2224,
TXN101562,2025-06-25,Expense,Transport,Fuel,5986.85,Credit Card,Primary Savings,No,Discretionary,Employer,4000.0,Transport transaction #1562,
TXN101639,2024-06-03,Expense,Insurance,Vehicle,289.16,Credit Card,Salary Account,Yes,Essential,Swiggy,2000.0,Insurance transaction #1639,
TXN100656,2024-06-06,Income,Bonus,,76077.03,Bank Transfer,Salary Account,No,,,,Bonus transaction #656,review
TXN101141,2024-07-23,Expense,Groceries,Groceries,899.33,Credit Card,Salary Account,No,Essential,,6000.0,Groceries transaction #1141,one-time
TXN100536,2025-10-15,Income,Salary,,26047.05,Bank Transfer,Salary Account,Yes,,Employer,,Salary transaction #536,review
TXN100967,2025-04-16,Expense,food,Groceries,7890.08,UPI,Credit Card A/C,Yes,Discretionary,Netflix,,food transaction #967,
TXN102200,2024-08-22,Expense,Utilities,Water,7655.78,UPI,Credit Card A/C,No,Essential,Netflix,3000.0,Utilities transaction #2200,
TXN102446,2025-04-23,Income,Investment,,78157.26,Bank Transfer,Salary Account,No,,Swiggy,,Investment transaction #2446,
TXN101665,2025-12-18,Expense,Insurance,Life,4613.32,Debit Card,Credit Card A/C,Yes,Essential,,2000.0,Insurance transaction #1665,
TXN100602,2024-06-24,Expense,Education,Courses,834.55,Credit Card,Cash Wallet,No,Discretionary,,4000.0,Education transaction #602,
TXN101647,2025-12-26,Income,Freelance,,89074.71,Bank Transfer,Salary Account,No,,Amazon,,Freelance transaction #1647,
TXN101662,,Expense,Food,Dining Out,5149.77,UPI,Primary Savings,Yes,Discretionary,Employer,8000.0,Food transaction #1662,
TXN102025,2025-09-10,Expense,Groceries,Groceries,7046.0,UPI,Cash Wallet,No,Essential,Uber,6000.0,Groceries transaction #2025,
TXN100163,2025-02-06,Expense,Transport,Fuel,436.83,Debit Card,Cash Wallet,No,Discretionary,Netflix,4000.0,Transport transaction #163,one-time
TXN101135,2024-06-16,Expense,,,2471.9,Cash,Credit Card A/C,Yes,Discretionary,BESCOM,,Misc transaction #1135,
TXN101368,2025-09-23,Expense,Entertainment,Streaming,2101.76,Net Banking,Credit Card A/C,No,Discretionary,Landlord,2500.0,Entertainment transaction #1368,review
TXN101593,2024-01-27,Expense,Food,Dining Out,3812.54,UPI,Salary Account,Yes,Discretionary,Local Store,8000.0,Food transaction #1593,one-time
TXN101458,2025-10-08,Expense,Entertainment,Streaming,6936.87,UPI,Salary Account,No,Discretionary,BESCOM,2500.0,Entertainment transaction #1458,reimbursable
TXN100482,2025-03-08,Expense,Food,Snacks,1180.8,,Cash Wallet,Yes,Discretionary,,8000.0,Food transaction #482,reimbursable
TXN101244,2024-07-26,Expense,Transport,Cab,2935.37,Debit Card,Cash Wallet,No,Discretionary,Uber,4000.0,Transport transaction #1244,
TXN102076,2024-02-01,Expense,Healthcare,Doctor Visit,7542.15,UPI,Credit Card A/C,No,Essential,Swiggy,3000.0,Healthcare transaction #2076,reimbursable
TXN100130,2025-06-23,Income,Investment,,81347.49,Bank Transfer,Salary Account,No,,Employer,,Investment transaction #130,
TXN102065,2025-01-13,Expense,Subscriptions,SaaS Tools,₹7992.55,Credit Card,Salary Account,Yes,Discretionary,Local Store,1500.0,Subscriptions transaction #2065,one-time
TXN101063,2024-11-20,Expense,Groceries,Groceries,7566.64,Debit Card,Salary Account,No,Essential,Landlord,6000.0,Groceries transaction #1063,
TXN100233,2025-08-29,Expense,Food,Snacks,2262.84,,Primary Savings,Yes,Discretionary,Landlord,8000.0,Food transaction #233,one-time
TXN101362,2024-01-12,Expense,Rent,Housing,4100.58,,Credit Card A/C,Yes,Essential,Amazon,15000.0,Rent transaction #1362,reimbursable
TXN102031,2024-11-16,Expense,Utilities,Electricity,5822.6,Credit Card,Credit Card A/C,Yes,Essential,Amazon,3000.0,Utilities transaction #2031,reimbursable
TXN102210,2024-04-07,Expense,Shopping,Electronics,1686.16,,Salary Account,Yes,Discretionary,Swiggy,5000.0,Shopping transaction #2210,
TXN102155,2025-07-15,Income,Bonus,,20076.28,Bank Transfer,Salary Account,No,,,,Bonus transaction #2155,review
TXN100072,2024-02-10,Expense,Subscriptions,SaaS Tools,255.63,Credit Card,Primary Savings,Yes,Discretionary,Freelance Client,1500.0,Subscriptions transaction #72,
TXN100514,2025-01-28,Income,Freelance,,76974.1,Bank Transfer,Salary Account,No,,Employer,,Freelance transaction #514,reimbursable
TXN102074,2024-05-15,Income,Gift,,57810.23,Bank Transfer,Salary Account,No,,Freelance Client,,Gift transaction #2074,
TXN101539,2024-10-26,Expense,Rent,Housing,6775.41,,Salary Account,Yes,Essential,Uber,15000.0,Rent transaction #1539,
TXN101578,2024-07-20,Income,Gift,,50456.73,Bank Transfer,Salary Account,No,,Uber,,Gift transaction #1578,
TXN102157,2024-11-15,Expense,Transport,Fuel,3548.15,Cash,Cash Wallet,No,Discretionary,Landlord,4000.0,Transport transaction #2157,
TXN100012,2025-10-16,Expense,Transport,Fuel,₹1334.31,Net Banking,Primary Savings,No,Discretionary,Apollo Pharmacy,4000.0,Transport transaction #12,
TXN101471,2025-03-04,Income,Investment,,85364.45,Bank Transfer,Salary Account,No,,,,Investment transaction #1471,
TXN102313,2024-02-06,Expense,Insurance,Life,538.41,Credit Card,Primary Savings,Yes,Essential,Uber,2000.0,Insurance transaction #2313,
TXN102357,2025-08-02,Expense,Rent,Housing,3839.14,Cash,Salary Account,Yes,Essential,Local Store,15000.0,Rent transaction #2357,one-time
TXN102267,2025-09-14,Expense,Shopping,Clothing,5836.71,Cash,Credit Card A/C,No,Discretionary,Apollo Pharmacy,5000.0,Shopping transaction #2267,
TXN100208,,Expense,Insurance,Vehicle,5291.31,UPI,Primary Savings,Yes,Essential,Landlord,2000.0,Insurance transaction #208,reimbursable
TXN100303,2024-02-05,Expense,Education,Tuition,4981.17,UPI,Cash Wallet,Yes,Discretionary,Swiggy,4000.0,Education transaction #303,
TXN101600,2024-05-25,Expense,Entertainment,Events,6612.88,Cash,Credit Card A/C,Yes,Discretionary,Amazon,2500.0,Entertainment transaction #1600,
TXN100620,2025-05-23,Expense,,,6810.16,Credit Card,Credit Card A/C,No,Discretionary,Amazon,,Misc transaction #620,
TXN100865,2025-12-04,Expense,food,Groceries,1999.77,,Cash Wallet,Yes,Discretionary,,,food transaction #865,
TXN102150,2025-02-22,Expense,Groceries,Groceries,₹2178.86,Credit Card,Cash Wallet,Yes,Essential,Swiggy,6000.0,Groceries transaction #2150,review
TXN100565,2025-02-20,Expense,Rent,Housing,5198.74,UPI,Primary Savings,Yes,Essential,Apollo Pharmacy,15000.0,Rent transaction #565,one-time
TXN101533,2024-12-11,Expense,Subscriptions,Memberships,5075.77,,Cash Wallet,Yes,Discretionary,Uber,1500.0,Subscriptions transaction #1533,review
TXN100693,2025-12-06,Expense,Healthcare,Insurance Premium,6599.3,Credit Card,Salary Account,No,Essential,,3000.0,Healthcare transaction #693,reimbursable
TXN101882,2024-02-15,Expense,Shopping,Electronics,6891.48,,Primary Savings,Yes,Discretionary,Swiggy,5000.0,Shopping transaction #1882,
TXN102350,2024-09-07,Income,Gift,,50285.53,Bank Transfer,Salary Account,No,,BESCOM,,Gift transaction #2350,
TXN101668,2024-03-13,Income,Investment,,23178.28,Bank Transfer,Salary Account,No,,Uber,,Investment transaction #1668,one-time
TXN101015,2025-08-01,Expense,Groceries,Groceries,1013.88,Net Banking,Primary Savings,No,Essential,Freelance Client,6000.0,Groceries transaction #1015,
TXN102191,2024-01-30,Expense,Shopping,Home Goods,7465.95,UPI,Cash Wallet,Yes,Discretionary,Zomato,5000.0,Shopping transaction #2191,one-time
TXN101906,2024-12-25,Income,Salary,,29198.93,Bank Transfer,Salary Account,Yes,,Employer,,Salary transaction #1906,
TXN100340,2024-05-13,Expense,Healthcare,Pharmacy,3553.47,UPI,Credit Card A/C,No,Essential,Amazon,3000.0,Healthcare transaction #340,review
TXN102045,2024-08-26,Expense,Healthcare,Insurance Premium,98.3,Cash,Credit Card A/C,No,Essential,Swiggy,3000.0,Healthcare transaction #2045,
TXN101370,2025-02-18,Income,Gift,,41023.97,Bank Transfer,Salary Account,No,,Netflix,,Gift transaction #1370,
TXN100820,2025-10-29,Income,Freelance,,87597.67,Bank Transfer,Salary Account,No,,Zomato,,Freelance transaction #820,
TXN100153,2024-08-30,Expense,Food,Dining Out,2982.84,Net Banking,Salary Account,Yes,Discretionary,Zomato,8000.0,Food transaction #153,review
TXN101328,2025-03-19,Expense,Shopping,Clothing,5650.57,Credit Card,Primary Savings,No,Discretionary,Netflix,5000.0,Shopping transaction #1328,
TXN101060,2025-08-24,Expense,Shopping,Electronics,6834.53,Net Banking,Credit Card A/C,No,Discretionary,BESCOM,5000.0,Shopping transaction #1060,
TXN100811,2025-04-29,Expense,,,620.99,,Credit Card A/C,No,Discretionary,,,Misc transaction #811,reimbursable
TXN100042,2024-09-07,Expense,Groceries,Groceries,7094.79,Net Banking,Salary Account,No,Essential,Apollo Pharmacy,6000.0,Groceries transaction #42,review
TXN101240,2025-10-29,Expense,,,3326.34,Credit Card,Salary Account,No,Discretionary,Landlord,,Misc transaction #1240,reimbursable
TXN101418,2025-02-02,Expense,Insurance,Vehicle,3936.86,Debit Card,Cash Wallet,Yes,Essential,Amazon,2000.0,Insurance transaction #1418,
TXN100878,2025-03-07,Expense,Transport,Fuel,₹982.02,,Salary Account,No,Discretionary,,4000.0,Transport transaction #878,
TXN101949,2024-12-29,Expense,Groceries,Groceries,2104.05,Net Banking,Credit Card A/C,No,Essential,Landlord,6000.0,Groceries transaction #1949,
TXN102176,2025-03-26,Expense,Food,Dining Out,794.23,Cash,Salary Account,No,Discretionary,,8000.0,Food transaction #2176,
TXN101483,2024-06-28,Expense,food,Groceries,6466.27,Credit Card,Credit Card A/C,Yes,Discretionary,Local Store,,food transaction #1483,
TXN100359,2025-11-30,Income,Freelance,,71455.56,Bank Transfer,Salary Account,No,,Zomato,,Freelance transaction #359,reimbursable
TXN100055,2025-12-08,Expense,Transport,Fuel,2447.58,,Primary Savings,Yes,Discretionary,Uber,4000.0,Transport transaction #55,
TXN100879,2024-02-25,Expense,Insurance,Vehicle,6707.63,Credit Card,Primary Savings,Yes,Essential,Swiggy,2000.0,Insurance transaction #879,
TXN101318,2025-10-12,Expense,Shopping,Electronics,₹3518.51,,Cash Wallet,Yes,Discretionary,Zomato,5000.0,Shopping transaction #1318,review
TXN100026,2024-01-10,Expense,Groceries,Groceries,1744.58,Debit Card,Salary Account,No,Essential,Zomato,6000.0,Groceries transaction #26,
TXN100680,2025-05-25,Expense,food,Groceries,2710.13,Credit Card,Primary Savings,Yes,Discretionary,Apollo Pharmacy,,food transaction #680,
TXN101238,2025-04-08,Expense,Shopping,Electronics,2641.79,Cash,Salary Account,Yes,Discretionary,BESCOM,5000.0,Shopping transaction #1238,
TXN101513,2024-10-25,Expense,Utilities,Internet,5896.63,Net Banking,Primary Savings,Yes,Essential,Netflix,3000.0,Utilities transaction #1513,reimbursable
TXN100135,2024-04-03,Expense,Transport,Cab,7447.25,Cash,Primary Savings,No,Discretionary,Landlord,4000.0,Transport transaction #135,
TXN101534,2025-09-20,Expense,Education,Courses,₹4934.34,UPI,Primary Savings,No,Discretionary,Uber,4000.0,Education transaction #1534,
TXN101377,2024-02-10,Expense,Transport,Fuel,6602.32,Cash,Primary Savings,No,Discretionary,Employer,4000.0,Transport transaction #1377,
TXN102358,2025-01-24,Expense,Education,Courses,2986.39,,Primary Savings,No,Discretionary,Amazon,4000.0,Education transaction #2358,
TXN101000,2025-05-22,Income,Bonus,,46926.43,Bank Transfer,Salary Account,No,,Amazon,,Bonus transaction #1000,review
TXN101862,2025-08-20,Expense,Education,Tuition,5317.47,,Primary Savings,Yes,Discretionary,Netflix,4000.0,Education transaction #1862,reimbursable
TXN101064,2025-12-02,Income,Bonus,,₹65646.45,Bank Transfer,Salary Account,No,,Swiggy,,Bonus transaction #1064,one-time
TXN100396,2025-03-17,Expense,Entertainment,Movies,3460.2,Cash,Cash Wallet,No,Discretionary,Employer,2500.0,Entertainment transaction #396,review
TXN102474,2025-04-15,Expense,Food,Groceries,3752.56,Net Banking,Cash Wallet,No,Discretionary,Amazon,8000.0,Food transaction #2474,one-time
TXN100053,2025-11-16,Income,Freelance,,52552.38,Bank Transfer,Salary Account,No,,Netflix,,Freelance transaction #53,reimbursable
TXN100178,2025-07-17,Expense,Rent,Housing,7051.15,Cash,Cash Wallet,Yes,Essential,Freelance Client,15000.0,Rent transaction #178,
TXN100507,2025-08-10,Expense,food,Dining Out,2742.97,Cash,Primary Savings,Yes,Discretionary,Amazon,,food transaction #507,
TXN100300,2024-09-28,Income,Gift,,47126.9,Bank Transfer,Salary Account,No,,Uber,,Gift transaction #300,one-time
TXN101552,2024-05-21,Expense,Education,Tuition,1236.45,,Primary Savings,Yes,Discretionary,Uber,4000.0,Education transaction #1552,
TXN101663,2025-04-19,Expense,food,Snacks,1528.14,UPI,Primary Savings,No,Discretionary,BESCOM,,food transaction #1663,one-time
TXN102236,2024-09-28,Income,Salary,,86850.94,Bank Transfer,Salary Account,Yes,,Employer,,Salary transaction #2236,
TXN101001,2025-03-17,Expense,Insurance,Health,6115.82,UPI,Credit Card A/C,Yes,Essential,Netflix,2000.0,Insurance transaction #1001,
TXN100078,2024-10-25,Expense,Utilities,Water,7842.94,Credit Card,Cash Wallet,Yes,Essential,Local Store,3000.0,Utilities transaction #78,review
TXN100995,2024-10-26,Income,Bonus,,53509.1,Bank Transfer,Salary Account,No,,Zomato,,Bonus transaction #995,reimbursable
TXN100726,2025-09-17,Expense,food,Groceries,4496.1,Debit Card,Cash Wallet,No,Discretionary,Zomato,,food transaction #726,reimbursable
TXN100228,2024-04-10,Expense,Education,Tuition,4665.12,Net Banking,Salary Account,No,Discretionary,Uber,4000.0,Education transaction #228,reimbursable
TXN100818,2025-12-11,Expense,,,3102.48,,Cash Wallet,No,Discretionary,Employer,,Misc transaction #818,review
TXN101397,2025-07-01,Expense,food,Dining Out,2262.49,UPI,Credit Card A/C,Yes,Discretionary,Uber,,food transaction #1397,reimbursable
TXN100988,2024-07-28,Expense,Subscriptions,SaaS Tools,₹5323.52,UPI,Salary Account,Yes,Discretionary,Apollo Pharmacy,1500.0,Subscriptions transaction #988,reimbursable
TXN100029,2024-07-27,Expense,Utilities,Internet,₹7247.43,UPI,Primary Savings,No,Essential,Netflix,3000.0,Utilities transaction #29,
TXN101657,2024-03-17,Expense,,,7965.84,Debit Card,Credit Card A/C,No,Discretionary,Swiggy,,Misc transaction #1657,review
TXN100561,2025-04-21,Expense,Rent,Housing,2396.53,Credit Card,Salary Account,Yes,Essential,Employer,15000.0,Rent transaction #561,
TXN100225,2024-03-11,Expense,,,5400.17,Credit Card,Credit Card A/C,Yes,Discretionary,Netflix,,Misc transaction #225,one-time
TXN100005,2024-03-22,Expense,food,Dining Out,5103.69,Debit Card,Salary Account,No,Discretionary,Uber,,food transaction #5,review
TXN101227,2025-07-22,Expense,Transport,Fuel,₹333.78,Cash,Primary Savings,Yes,Discretionary,BESCOM,4000.0,Transport transaction #1227,
TXN100444,2025-12-24,Expense,Utilities,Internet,1558.72,Credit Card,Credit Card A/C,No,Essential,,3000.0,Utilities transaction #444,reimbursable
TXN100032,2024-02-10,Expense,Transport,Public Transit,867.21,Net Banking,Cash Wallet,Yes,Discretionary,BESCOM,4000.0,Transport transaction #32,
TXN100965,2025-04-17,Income,Gift,,₹21849.55,Bank Transfer,Salary Account,No,,Local Store,,Gift transaction #965,
TXN101681,2025-10-21,Income,Freelance,,₹66649.89,Bank Transfer,Salary Account,No,,Zomato,,Freelance transaction #1681,
TXN100893,2024-06-14,Income,Gift,,₹45432.98,Bank Transfer,Salary Account,No,,Zomato,,Gift transaction #893,one-time
TXN100668,2025-03-08,Income,Freelance,,83169.07,Bank Transfer,Salary Account,No,,,,Freelance transaction #668,one-time
TXN101358,2025-05-13,Expense,Food,Groceries,5125.71,Credit Card,Cash Wallet,Yes,Discretionary,Freelance Client,8000.0,Food transaction #1358,
TXN101406,2025-09-09,Expense,food,Dining Out,7798.38,Debit Card,Credit Card A/C,Yes,Discretionary,Swiggy,,food transaction #1406,
TXN102174,2025-12-31,Expense,Shopping,Electronics,4112.71,Cash,Salary Account,Yes,Discretionary,Uber,5000.0,Shopping transaction #2174,one-time
TXN101396,2024-09-02,Income,Investment,,87560.06,Bank Transfer,Salary Account,No,,Zomato,,Investment transaction #1396,reimbursable
TXN100151,2025-09-18,Expense,Healthcare,Pharmacy,6829.97,Cash,Salary Account,No,Essential,Zomato,3000.0,Healthcare transaction #151,
TXN102265,2025-02-16,Expense,Food,Dining Out,4442.77,Debit Card,Cash Wallet,No,Discretionary,Employer,8000.0,Food transaction #2265,
TXN100222,2025-08-31,Income,Investment,,62224.79,Bank Transfer,Salary Account,No,,,,Investment transaction #222,one-time
TXN102119,2024-02-20,Expense,Transport,Public Transit,6788.14,,Primary Savings,No,Discretionary,BESCOM,4000.0,Transport transaction #2119,
TXN100702,2024-07-03,Expense,Utilities,Electricity,5659.66,Net Banking,Cash Wallet,Yes,Essential,Landlord,3000.0,Utilities transaction #702,
TXN101666,2025-08-04,Expense,Shopping,Home Goods,1746.04,Cash,Credit Card A/C,Yes,Discretionary,Employer,5000.0,Shopping transaction #1666,
TXN101444,2024-02-03,Expense,,,5335.81,UPI,Primary Savings,Yes,Discretionary,Uber,,Misc transaction #1444,review
TXN100854,2024-07-25,Expense,Rent,Housing,3374.79,,Credit Card A/C,Yes,Essential,Landlord,15000.0,Rent transaction #854,one-time
TXN101832,2024-10-23,Expense,,,5319.91,Net Banking,Cash Wallet,Yes,Discretionary,Uber,,Misc transaction #1832,
TXN101586,2025-01-26,Expense,Rent,Housing,7622.74,Cash,Cash Wallet,Yes,Essential,Employer,15000.0,Rent transaction #1586,
TXN101525,2024-11-28,Income,Investment,,72919.15,Bank Transfer,Salary Account,No,,Freelance Client,,Investment transaction #1525,
TXN100113,2024-03-24,Expense,Insurance,Health,3564.25,Debit Card,Salary Account,Yes,Essential,Landlord,2000.0,Insurance transaction #113,
TXN102096,2025-02-03,Expense,food,Dining Out,4450.68,Net Banking,Primary Savings,No,Discretionary,Swiggy,,food transaction #2096,review
TXN101100,2024-07-07,Expense,Utilities,Internet,7069.26,Cash,Primary Savings,Yes,Essential,Employer,3000.0,Utilities transaction #1100,reimbursable
TXN100206,2024-05-23,Expense,Healthcare,Pharmacy,4359.99,,Primary Savings,Yes,Essential,Zomato,3000.0,Healthcare transaction #206,
TXN102159,2025-09-12,Expense,Insurance,Vehicle,5585.83,Debit Card,Primary Savings,Yes,Essential,Employer,2000.0,Insurance transaction #2159,
TXN101147,2025-06-25,Income,Gift,,46143.21,Bank Transfer,Salary Account,No,,Employer,,Gift transaction #1147,reimbursable
TXN101821,2025-12-18,Income,Bonus,,54510.58,Bank Transfer,Salary Account,No,,Zomato,,Bonus transaction #1821,review
TXN101410,2025-07-08,Income,Freelance,,61359.77,Bank Transfer,Salary Account,No,,Landlord,,Freelance transaction #1410,
TXN100889,2024-06-02,Income,Bonus,,53386.71,Bank Transfer,Salary Account,No,,Amazon,,Bonus transaction #889,one-time
TXN101265,2024-11-28,Expense,Shopping,Electronics,3741.92,Credit Card,Salary Account,No,Discretionary,Local Store,5000.0,Shopping transaction #1265,
TXN100899,2025-02-15,Expense,Entertainment,Streaming,3916.05,,Cash Wallet,Yes,Discretionary,Netflix,2500.0,Entertainment transaction #899,one-time
TXN100832,2025-12-31,Expense,Rent,Housing,5896.61,UPI,Credit Card A/C,Yes,Essential,,15000.0,Rent transaction #832,one-time
TXN101245,2025-07-29,Expense,Rent,Housing,4281.83,Net Banking,Cash Wallet,Yes,Essential,Swiggy,15000.0,Rent transaction #1245,review
TXN102426,2025-02-28,Income,Gift,,41356.18,Bank Transfer,Salary Account,No,,Local Store,,Gift transaction #2426,reimbursable
TXN101241,2025-03-18,Expense,Healthcare,Pharmacy,3118.47,,Salary Account,No,Essential,,3000.0,Healthcare transaction #1241,review
TXN101982,2025-07-16,Income,Investment,,32906.93,Bank Transfer,Salary Account,No,,Local Store,,Investment transaction #1982,
TXN100869,2025-10-04,Expense,Food,Groceries,2409.07,Net Banking,Cash Wallet,Yes,Discretionary,Amazon,8000.0,Food transaction #869,one-time
TXN101659,2024-01-19,Expense,Food,Groceries,1795.48,,Credit Card A/C,No,Discretionary,Netflix,8000.0,Food transaction #1659,
TXN100673,2025-06-03,Expense,Insurance,Health,6834.96,,Cash Wallet,Yes,Essential,Swiggy,2000.0,Insurance transaction #673,one-time
TXN101374,,Expense,Entertainment,Movies,4767.9,UPI,Primary Savings,Yes,Discretionary,Zomato,2500.0,Entertainment transaction #1374,reimbursable
TXN101676,2024-12-02,Expense,Subscriptions,SaaS Tools,479.17,,Salary Account,Yes,Discretionary,Swiggy,1500.0,Subscriptions transaction #1676,reimbursable
TXN102209,2024-10-23,Expense,Food,Dining Out,341.51,Debit Card,Primary Savings,No,Discretionary,Uber,8000.0,Food transaction #2209,
TXN100139,2024-10-25,Expense,Groceries,Groceries,3361.71,,Primary Savings,No,Essential,Zomato,6000.0,Groceries transaction #139,reimbursable
TXN100489,2024-05-28,Expense,Insurance,Vehicle,2422.61,UPI,Primary Savings,Yes,Essential,Zomato,2000.0,Insurance transaction #489,review
TXN100913,2025-11-20,Expense,Shopping,Clothing,1269.33,Debit Card,Credit Card A/C,No,Discretionary,Swiggy,5000.0,Shopping transaction #913,
TXN101615,2025-08-17,Expense,Food,Dining Out,7989.19,,Credit Card A/C,No,Discretionary,Local Store,8000.0,Food transaction #1615,one-time
TXN101671,2025-07-15,Expense,Subscriptions,SaaS Tools,7451.04,Net Banking,Salary Account,Yes,Discretionary,Landlord,1500.0,Subscriptions transaction #1671,
TXN101898,2025-05-02,Expense,Food,Groceries,1984.99,Debit Card,Primary Savings,Yes,Discretionary,Apollo Pharmacy,8000.0,Food transaction #1898,
TXN102178,2024-08-20,Expense,,,441.3,Cash,Cash Wallet,Yes,Discretionary,Uber,,Misc transaction #2178,reimbursable
TXN100812,2025-02-07,Income,Investment,,72658.65,Bank Transfer,Salary Account,No,,Employer,,Investment transaction #812,review
TXN100214,2025-12-30,Expense,food,Dining Out,1961.75,Cash,Credit Card A/C,No,Discretionary,,,food transaction #214,review
TXN101943,2024-02-14,Expense,Rent,Housing,5269.27,Debit Card,Primary Savings,Yes,Essential,,15000.0,Rent transaction #1943,
TXN100314,2024-08-07,Expense,Insurance,Life,₹2189.21,Cash,Primary Savings,Yes,Essential,Freelance Client,2000.0,Insurance transaction #314,review
TXN100416,2024-01-09,Income,Freelance,,46559.96,Bank Transfer,Salary Account,No,,Zomato,,Freelance transaction #416,
TXN101029,2024-10-15,Expense,Groceries,Groceries,4191.11,Cash,Credit Card A/C,Yes,Essential,,6000.0,Groceries transaction #1029,one-time
TXN102086,2025-08-30,Expense,Utilities,Water,₹7774.22,UPI,Primary Savings,No,Essential,Landlord,3000.0,Utilities transaction #2086,review
TXN102101,2024-11-30,Expense,Groceries,Groceries,2938.25,UPI,Salary Account,No,Essential,Zomato,6000.0,Groceries transaction #2101,
TXN100136,2025-01-18,Expense,Entertainment,Movies,5217.19,Credit Card,Salary Account,Yes,Discretionary,Netflix,2500.0,Entertainment transaction #136,
TXN100746,2025-10-21,Income,Investment,,84862.41,Bank Transfer,Salary Account,No,,Zomato,,Investment transaction #746,reimbursable
TXN101474,2025-02-11,Expense,food,Groceries,5495.02,UPI,Credit Card A/C,Yes,Discretionary,Zomato,,food transaction #1474,
TXN101122,2024-02-06,Expense,Rent,Housing,7047.36,Net Banking,Credit Card A/C,Yes,Essential,,15000.0,Rent transaction #1122,
TXN100793,,Expense,Groceries,Groceries,5398.8,UPI,Primary Savings,Yes,Essential,Netflix,6000.0,Groceries transaction #793,reimbursable
TXN100035,2024-08-21,Expense,Insurance,Life,2264.89,UPI,Credit Card A/C,Yes,Essential,Uber,2000.0,Insurance transaction #35,reimbursable
TXN100025,2024-09-24,Expense,Subscriptions,SaaS Tools,3196.5,,Credit Card A/C,Yes,Discretionary,Apollo Pharmacy,1500.0,Subscriptions transaction #25,
TXN100657,2025-09-09,Income,Salary,,78243.7,Bank Transfer,Salary Account,Yes,,Employer,,Salary transaction #657,one-time
TXN101402,2024-11-18,Expense,food,Groceries,4777.46,Net Banking,Primary Savings,Yes,Discretionary,Apollo Pharmacy,,food transaction #1402,review
TXN100449,2024-08-01,Expense,food,Dining Out,₹532.57,Net Banking,Cash Wallet,No,Discretionary,,,food transaction #449,reimbursable
TXN101401,2025-10-19,Expense,Food,Groceries,79.59,Debit Card,Primary Savings,No,Discretionary,Freelance Client,8000.0,Food transaction #1401,
TXN101258,2024-07-16,Expense,Transport,Public Transit,4863.39,Credit Card,Cash Wallet,No,Discretionary,,4000.0,Transport transaction #1258,
TXN100751,2024-01-10,Expense,Insurance,Health,3382.22,,Cash Wallet,Yes,Essential,,2000.0,Insurance transaction #751,
TXN101270,2025-10-07,Expense,Groceries,Groceries,4812.97,Net Banking,Credit Card A/C,No,Essential,,6000.0,Groceries transaction #1270,
TXN100655,2024-04-01,Income,Freelance,,31405.85,Bank Transfer,Salary Account,No,,Local Store,,Freelance transaction #655,review
TXN101449,2024-01-27,Income,Salary,,20195.69,Bank Transfer,Salary Account,Yes,,Employer,,Salary transaction #1449,
TXN101052,2025-10-29,Expense,Healthcare,Insurance Premium,4460.72,,Primary Savings,Yes,Essential,Local Store,3000.0,Healthcare transaction #1052,
TXN100244,2024-10-10,Expense,Rent,Housing,5705.59,Credit Card,Cash Wallet,Yes,Essential,Apollo Pharmacy,15000.0,Rent transaction #244,review
TXN102151,2024-02-19,Expense,Subscriptions,Memberships,7865.8,Debit Card,Primary Savings,Yes,Discretionary,BESCOM,1500.0,Subscriptions transaction #2151,reimbursable
TXN100276,2025-04-18,Income,Freelance,,28501.73,Bank Transfer,Salary Account,No,,Amazon,,Freelance transaction #276,
TXN102158,2024-04-26,Expense,food,Snacks,5915.62,,Salary Account,Yes,Discretionary,Amazon,,food transaction #2158,
TXN100588,2025-07-23,Expense,Groceries,Groceries,6666.66,Debit Card,Cash Wallet,Yes,Essential,Netflix,6000.0,Groceries transaction #588,reimbursable
TXN100970,2024-06-05,Expense,food,Snacks,₹1674.13,Cash,Primary Savings,No,Discretionary,Local Store,,food transaction #970,one-time
TXN101947,2024-09-03,Income,Bonus,,72327.7,Bank Transfer,Salary Account,No,,Employer,,Bonus transaction #1947,reimbursable
TXN102186,2024-01-25,Expense,Transport,Cab,3105.19,Cash,Credit Card A/C,No,Discretionary,Swiggy,4000.0,Transport transaction #2186,review
TXN102228,2024-10-19,Expense,Transport,Public Transit,6274.83,Cash,Cash Wallet,Yes,Discretionary,Uber,4000.0,Transport transaction #2228,review
TXN101759,2025-03-05,Expense,Shopping,Electronics,7925.33,Debit Card,Credit Card A/C,Yes,Discretionary,Amazon,5000.0,Shopping transaction #1759,review
TXN101323,2024-08-07,Income,Bonus,,58712.28,Bank Transfer,Salary Account,No,,Freelance Client,,Bonus transaction #1323,
TXN100167,2025-06-15,Expense,Groceries,Groceries,4923.89,Credit Card,Cash Wallet,No,Essential,Employer,6000.0,Groceries transaction #167,reimbursable
TXN100927,2025-06-07,Expense,Shopping,Electronics,7024.15,Net Banking,Credit Card A/C,No,Discretionary,Amazon,5000.0,Shopping transaction #927,one-time
TXN100024,2024-03-10,Expense,Transport,Cab,7127.78,Credit Card,Primary Savings,Yes,Discretionary,Local Store,4000.0,Transport transaction #24,
TXN100806,2024-11-16,Expense,Groceries,Groceries,4740.98,Credit Card,Cash Wallet,No,Essential,Uber,6000.0,Groceries transaction #806,
TXN100443,2025-10-22,Expense,,,5878.85,UPI,Cash Wallet,No,Discretionary,,,Misc transaction #443,one-time
TXN101779,2025-03-08,Expense,Rent,Housing,5852.17,Credit Card,Salary Account,Yes,Essential,BESCOM,15000.0,Rent transaction #1779,reimbursable
TXN100150,2024-11-17,Expense,Transport,Fuel,1529.08,Net Banking,Cash Wallet,Yes,Discretionary,Netflix,4000.0,Transport transaction #150,
TXN102373,2025-09-03,Expense,Education,Courses,6117.11,Debit Card,Credit Card A/C,Yes,Discretionary,Uber,4000.0,Education transaction #2373,
TXN102142,2025-09-05,Expense,Utilities,Water,5451.61,Net Banking,Cash Wallet,No,Essential,Employer,3000.0,Utilities transaction #2142,one-time
TXN100754,2025-09-09,Expense,Rent,Housing,7705.81,Debit Card,Salary Account,Yes,Essential,BESCOM,15000.0,Rent transaction #754,one-time
TXN101047,2025-08-13,Expense,Utilities,Water,7736.75,Net Banking,Credit Card A/C,No,Essential,Netflix,3000.0,Utilities transaction #1047,
TXN100780,2025-04-04,Expense,Transport,Cab,3875.31,Debit Card,Cash Wallet,No,Discretionary,Swiggy,4000.0,Transport transaction #780,reimbursable
TXN100900,2024-05-29,Expense,Entertainment,Events,4828.57,Cash,Primary Savings,No,Discretionary,Local Store,2500.0,Entertainment transaction #900,
TXN100864,2025-04-15,Expense,Rent,Housing,7549.67,Credit Card,Credit Card A/C,Yes,Essential,Amazon,15000.0,Rent transaction #864,one-time
TXN101952,2024-01-04,Expense,,,6095.6,,Salary Account,No,Discretionary,Zomato,,Misc transaction #1952,
TXN101197,2025-03-25,Expense,Education,Tuition,1529.16,Net Banking,Cash Wallet,No,Discretionary,,4000.0,Education transaction #1197,
TXN100100,2024-09-06,Expense,,,595.45,Net Banking,Salary Account,Yes,Discretionary,BESCOM,,Misc transaction #100,reimbursable
TXN101049,2024-08-17,Expense,Food,Dining Out,3604.33,Cash,Primary Savings,No,Discretionary,Uber,8000.0,Food transaction #1049,
TXN101627,2024-02-18,Income,Bonus,,37812.53,Bank Transfer,Salary Account,No,,Freelance Client,,Bonus transaction #1627,
TXN101271,2025-01-13,Expense,Healthcare,Pharmacy,2991.57,Credit Card,Salary Account,No,Essential,,3000.0,Healthcare transaction #1271,
TXN101758,2025-04-20,Expense,Utilities,Internet,3510.3,Cash,Credit Card A/C,No,Essential,Employer,3000.0,Utilities transaction #1758,
TXN102277,2024-06-30,Expense,Entertainment,Events,1449.94,Cash,Cash Wallet,Yes,Discretionary,Apollo Pharmacy,2500.0,Entertainment transaction #2277,one-time
TXN101378,2025-09-19,Expense,food,Dining Out,2116.86,,Primary Savings,No,Discretionary,Employer,,food transaction #1378,one-time
TXN100766,2025-10-18,Expense,Insurance,Life,2501.18,UPI,Primary Savings,Yes,Essential,Amazon,2000.0,Insurance transaction #766,
TXN100750,2024-11-16,Expense,Shopping,Home Goods,3537.51,Net Banking,Primary Savings,No,Discretionary,Swiggy,5000.0,Shopping transaction #750,review
TXN100962,2025-04-29,Expense,Transport,Public Transit,3409.38,UPI,Credit Card A/C,No,Discretionary,Employer,4000.0,Transport transaction #962,review
TXN102305,2024-10-03,Expense,Subscriptions,SaaS Tools,6139.2,Cash,Primary Savings,Yes,Discretionary,Local Store,1500.0,Subscriptions transaction #2305,review
TXN100168,2025-05-16,Expense,Utilities,Water,2978.44,,Primary Savings,No,Essential,Employer,3000.0,Utilities transaction #168,review
TXN100073,2025-04-26,Expense,Healthcare,Doctor Visit,4703.37,,Cash Wallet,Yes,Essential,Apollo Pharmacy,3000.0,Healthcare transaction #73,review
TXN101576,2024-04-20,Expense,Subscriptions,Streaming,1604.11,UPI,Cash Wallet,Yes,Discretionary,Apollo Pharmacy,1500.0,Subscriptions transaction #1576,review
TXN101883,2025-09-20,Expense,,,2593.21,Debit Card,Primary Savings,Yes,Discretionary,Uber,,Misc transaction #1883,
TXN102166,2024-09-22,Income,Bonus,,49450.35,Bank Transfer,Salary Account,No,,Uber,,Bonus transaction #2166,
TXN101138,2024-11-06,Expense,Utilities,Water,6642.39,Debit Card,Cash Wallet,No,Essential,Local Store,3000.0,Utilities transaction #1138,
TXN100992,2025-07-16,Income,Bonus,,28259.48,Bank Transfer,Salary Account,No,,Employer,,Bonus transaction #992,
TXN102053,2025-10-17,Expense,food,Dining Out,1244.27,Credit Card,Cash Wallet,Yes,Discretionary,Freelance Client,,food transaction #2053,
TXN101499,2025-04-09,Expense,Rent,Housing,7448.36,Credit Card,Credit Card A/C,Yes,Essential,Local Store,15000.0,Rent transaction #1499,
TXN101905,2024-03-21,Expense,Groceries,Groceries,241.65,,Salary Account,No,Essential,Uber,6000.0,Groceries transaction #1905,reimbursable
TXN101093,2025-10-11,Income,Bonus,,55144.31,Bank Transfer,Salary Account,No,,Apollo Pharmacy,,Bonus transaction #1093,
TXN101384,2024-11-27,Expense,Entertainment,Events,3407.67,Debit Card,Salary Account,Yes,Discretionary,Swiggy,2500.0,Entertainment transaction #1384,one-time
TXN101738,2024-12-28,Expense,Transport,Cab,4082.84,UPI,Cash Wallet,No,Discretionary,Zomato,4000.0,Transport transaction #1738,one-time
TXN102247,2024-08-11,Expense,Shopping,Home Goods,7728.2,Credit Card,Cash Wallet,Yes,Discretionary,Local Store,5000.0,Shopping transaction #2247,
TXN101503,2024-04-06,Expense,Utilities,Electricity,1678.88,Debit Card,Primary Savings,No,Essential,Apollo Pharmacy,3000.0,Utilities transaction #1503,one-time
TXN101631,2024-03-03,Expense,food,Snacks,7700.41,UPI,Credit Card A/C,No,Discretionary,,,food transaction #1631,reimbursable
TXN102102,2025-01-17,Expense,Education,Books,113479.47,Net Banking,Cash Wallet,Yes,Discretionary,Uber,4000.0,Education transaction #2102,
TXN100266,2024-11-23,Expense,food,Snacks,4041.23,UPI,Salary Account,Yes,Discretionary,Landlord,,food transaction #266,
TXN101033,2025-11-20,Expense,Healthcare,Pharmacy,1537.48,Cash,Credit Card A/C,Yes,Essential,BESCOM,3000.0,Healthcare transaction #1033,reimbursable
TXN101829,2025-07-29,Income,Gift,,52009.9,Bank Transfer,Salary Account,No,,Freelance Client,,Gift transaction #1829,
TXN101844,2025-09-03,Expense,Shopping,Electronics,6792.42,Credit Card,Salary Account,No,Discretionary,Amazon,5000.0,Shopping transaction #1844,
TXN102107,2024-02-14,Income,Bonus,,44417.18,Bank Transfer,Salary Account,No,,Apollo Pharmacy,,Bonus transaction #2107,
TXN102240,2024-09-21,Expense,Subscriptions,SaaS Tools,2126.01,Credit Card,Primary Savings,Yes,Discretionary,BESCOM,1500.0,Subscriptions transaction #2240,
TXN102214,2024-11-07,Expense,Shopping,Electronics,2418.69,Cash,Cash Wallet,Yes,Discretionary,Swiggy,5000.0,Shopping transaction #2214,one-time
TXN100144,2024-12-31,Expense,Food,Snacks,1039.58,Debit Card,Cash Wallet,No,Discretionary,,8000.0,Food transaction #144,
TXN100331,2024-05-06,Expense,Healthcare,Insurance Premium,5576.78,,Primary Savings,No,Essential,Local Store,3000.0,Healthcare transaction #331,
TXN101973,2025-03-17,Expense,Healthcare,Insurance Premium,7172.57,,Primary Savings,No,Essential,Landlord,3000.0,Healthcare transaction #1973,one-time
TXN100247,2024-10-17,Expense,Groceries,Groceries,3908.44,Debit Card,Primary Savings,Yes,Essential,Zomato,6000.0,Groceries transaction #247,
TXN100373,2024-02-12,Income,Gift,,47585.72,Bank Transfer,Salary Account,No,,Landlord,,Gift transaction #373,review
TXN100380,2025-10-03,Income,Salary,,82447.36,Bank Transfer,Salary Account,Yes,,Employer,,Salary transaction #380,reimbursable
TXN100320,2025-07-25,Expense,food,Dining Out,₹2106.28,Net Banking,Salary Account,No,Discretionary,Freelance Client,,food transaction #320,review
TXN100636,2024-06-13,Expense,Education,Courses,₹4836.82,Net Banking,Credit Card A/C,No,Discretionary,,4000.0,Education transaction #636,review
TXN101587,,Expense,Transport,Public Transit,4147.34,Net Banking,Credit Card A/C,Yes,Discretionary,Employer,4000.0,Transport transaction #1587,review
TXN101331,2025-10-06,Expense,Utilities,Water,1861.35,Debit Card,Salary Account,Yes,Essential,Uber,3000.0,Utilities transaction #1331,
TXN102416,2024-06-27,Expense,food,Dining Out,4115.3,UPI,Cash Wallet,No,Discretionary,BESCOM,,food transaction #2416,one-time
TXN101214,2024-07-11,Expense,Food,Dining Out,7859.65,Cash,Primary Savings,Yes,Discretionary,Freelance Client,8000.0,Food transaction #1214,reimbursable
TXN100430,,Expense,Rent,Housing,4210.36,Credit Card,Credit Card A/C,Yes,Essential,Netflix,15000.0,Rent transaction #430,one-time
TXN101010,2024-02-15,Expense,Entertainment,Movies,3578.31,Net Banking,Primary Savings,Yes,Discretionary,BESCOM,2500.0,Entertainment transaction #1010,review
TXN100191,2025-04-28,Income,Bonus,,32598.69,Bank Transfer,Salary Account,No,,Swiggy,,Bonus transaction #191,review
TXN102254,2024-01-06,Income,Bonus,,₹48642.47,Bank Transfer,Salary Account,No,,Employer,,Bonus transaction #2254,
TXN101175,2025-06-21,Income,Gift,,45385.93,Bank Transfer,Salary Account,No,,BESCOM,,Gift transaction #1175,
TXN100435,,Income,Bonus,,₹70897.49,Bank Transfer,Salary Account,No,,BESCOM,,Bonus transaction #435,
TXN102324,2025-12-28,Income,Investment,,28804.74,Bank Transfer,Salary Account,No,,Landlord,,Investment transaction #2324,
TXN101690,2025-10-04,Expense,Groceries,Groceries,1809.51,Debit Card,Primary Savings,Yes,Essential,Amazon,6000.0,Groceries transaction #1690,
TXN101942,2025-07-03,Income,Bonus,,48360.61,Bank Transfer,Salary Account,No,,Amazon,,Bonus transaction #1942,
TXN101280,2025-07-19,Expense,Rent,Housing,3031.48,UPI,Cash Wallet,Yes,Essential,Freelance Client,15000.0,Rent transaction #1280,reimbursable
TXN101899,2024-02-05,Expense,Rent,Housing,1673.34,Cash,Primary Savings,Yes,Essential,,15000.0,Rent transaction #1899,review
TXN101186,2024-09-05,Expense,Transport,Public Transit,2162.75,,Cash Wallet,No,Discretionary,Employer,4000.0,Transport transaction #1186,one-time
TXN101016,2024-07-18,Expense,Utilities,Electricity,6402.1,Debit Card,Salary Account,No,Essential,Uber,3000.0,Utilities transaction #1016,
TXN102232,2024-10-26,Expense,food,Snacks,7917.12,UPI,Cash Wallet,Yes,Discretionary,BESCOM,,food transaction #2232,
TXN100687,2024-05-09,Expense,Education,Books,₹4117.79,Debit Card,Credit Card A/C,Yes,Discretionary,Amazon,4000.0,Education transaction #687,reimbursable
TXN101565,2024-05-17,Expense,Utilities,Water,6727.93,Net Banking,Salary Account,No,Essential,Uber,3000.0,Utilities transaction #1565,
TXN100638,2025-12-31,Expense,Insurance,Life,5501.74,Debit Card,Cash Wallet,Yes,Essential,Apollo Pharmacy,2000.0,Insurance transaction #638,
TXN100569,2024-02-11,Expense,Rent,Housing,6199.93,Credit Card,Credit Card A/C,Yes,Essential,BESCOM,15000.0,Rent transaction #569,review
TXN100933,2024-11-04,Expense,,,684.15,Debit Card,Cash Wallet,Yes,Discretionary,Local Store,,Misc transaction #933,one-time
TXN101407,2024-08-25,Income,Investment,,78902.7,Bank Transfer,Salary Account,No,,Landlord,,Investment transaction #1407,
TXN101169,2025-08-16,Expense,Food,Snacks,3110.99,UPI,Salary Account,Yes,Discretionary,Amazon,8000.0,Food transaction #1169,
TXN101360,2024-05-29,Expense,food,Dining Out,2836.91,Cash,Cash Wallet,Yes,Discretionary,Employer,,food transaction #1360,reimbursable
TXN100533,2025-09-17,Expense,Utilities,Water,6428.42,Debit Card,Cash Wallet,No,Essential,Freelance Client,3000.0,Utilities transaction #533,reimbursable
TXN101822,2025-01-14,Expense,Rent,Housing,7477.94,Net Banking,Primary Savings,Yes,Essential,Freelance Client,15000.0,Rent transaction #1822,
TXN100196,2024-08-10,Expense,,,4055.97,Debit Card,Salary Account,No,Discretionary,Employer,,Misc transaction #196,
TXN101802,2024-09-07,Expense,Subscriptions,Streaming,1420.27,Net Banking,Credit Card A/C,Yes,Discretionary,Freelance Client,1500.0,Subscriptions transaction #1802,one-time
TXN100495,2024-12-24,Expense,Insurance,Life,1649.44,Debit Card,Credit Card A/C,Yes,Essential,Zomato,2000.0,Insurance transaction #495,
TXN100936,2024-11-07,Income,Investment,,68154.51,Bank Transfer,Salary Account,No,,Local Store,,Investment transaction #936,
TXN100979,2024-08-30,Income,Freelance,,70971.42,Bank Transfer,Salary Account,No,,Local Store,,Freelance transaction #979,
TXN102075,2024-06-12,Expense,Insurance,Vehicle,7273.3,Debit Card,Salary Account,Yes,Essential,Amazon,2000.0,Insurance transaction #2075,
TXN101301,2025-05-21,Expense,Shopping,Electronics,737.24,Debit Card,Salary Account,No,Discretionary,Uber,5000.0,Shopping transaction #1301,reimbursable
TXN101813,2024-10-11,Expense,Education,Courses,4133.81,Credit Card,Primary Savings,Yes,Discretionary,Amazon,4000.0,Education transaction #1813,one-time
TXN101655,2024-04-02,Expense,Rent,Housing,4836.88,UPI,Primary Savings,Yes,Essential,Landlord,15000.0,Rent transaction #1655,reimbursable
TXN100395,2025-11-06,Income,Gift,,57750.02,Bank Transfer,Salary Account,No,,Amazon,,Gift transaction #395,review
TXN101705,2024-05-14,Income,Bonus,,54861.89,Bank Transfer,Salary Account,No,,Swiggy,,Bonus transaction #1705,
TXN100147,2024-12-27,Expense,Shopping,Electronics,6342.25,UPI,Primary Savings,No,Discretionary,Uber,5000.0,Shopping transaction #147,
TXN100797,2025-12-17,Expense,Transport,Cab,5505.17,Cash,Cash Wallet,Yes,Discretionary,Amazon,4000.0,Transport transaction #797,
TXN101750,2024-07-08,Income,Salary,,₹76784.24,Bank Transfer,Salary Account,Yes,,Employer,,Salary transaction #1750,
TXN100623,2025-04-09,Expense,Education,Courses,5041.36,Net Banking,Salary Account,No,Discretionary,BESCOM,4000.0,Education transaction #623,one-time
TXN102028,2025-08-06,Expense,Food,Groceries,2382.7,Net Banking,Credit Card A/C,Yes,Discretionary,Local Store,8000.0,Food transaction #2028,reimbursable
TXN101009,2025-08-16,Expense,Education,Tuition,7616.05,Debit Card,Credit Card A/C,Yes,Discretionary,Freelance Client,4000.0,Education transaction #1009,reimbursable
TXN101518,2025-01-12,Income,Investment,,81811.43,Bank Transfer,Salary Account,No,,Freelance Client,,Investment transaction #1518,one-time
TXN100910,2024-01-17,Expense,Shopping,Clothing,6026.23,Net Banking,Primary Savings,No,Discretionary,Landlord,5000.0,Shopping transaction #910,
TXN101622,2024-04-20,Expense,Education,Books,3981.55,Net Banking,Salary Account,Yes,Discretionary,Zomato,4000.0,Education transaction #1622,
TXN100895,2025-11-27,Income,Investment,,55873.55,Bank Transfer,Salary Account,No,,Employer,,Investment transaction #895,review
TXN101473,2024-02-17,Expense,food,Groceries,3440.8,UPI,Primary Savings,Yes,Discretionary,Amazon,,food transaction #1473,one-time
TXN102399,2025-01-17,Expense,Food,Dining Out,456.39,Credit Card,Primary Savings,Yes,Discretionary,Freelance Client,8000.0,Food transaction #2399,
TXN101361,2025-05-03,Income,Bonus,,24742.9,Bank Transfer,Salary Account,No,,Uber,,Bonus transaction #1361,
TXN100106,2024-08-08,Expense,Transport,Cab,3655.32,Cash,Primary Savings,No,Discretionary,Local Store,4000.0,Transport transaction #106,
TXN100350,2024-04-16,Expense,Groceries,Groceries,3108.07,Net Banking,Salary Account,No,Essential,Local Store,6000.0,Groceries transaction #350,one-time
TXN101547,2025-03-13,Expense,Insurance,Vehicle,2460.43,Net Banking,Salary Account,Yes,Essential,BESCOM,2000.0,Insurance transaction #1547,
TXN100650,2025-04-13,Expense,Subscriptions,Streaming,793.94,Debit Card,Salary Account,Yes,Discretionary,Swiggy,1500.0,Subscriptions transaction #650,reimbursable
TXN100389,2025-11-22,Expense,Transport,Public Transit,6675.25,UPI,Salary Account,Yes,Discretionary,Swiggy,4000.0,Transport transaction #389,review
TXN101472,2025-06-16,Expense,Subscriptions,Streaming,5062.3,Debit Card,Salary Account,Yes,Discretionary,Apollo Pharmacy,1500.0,Subscriptions transaction #1472,review
TXN101117,2025-01-29,Income,Bonus,,87030.24,Bank Transfer,Salary Account,No,,,,Bonus transaction #1117,reimbursable
TXN100554,2025-09-17,Expense,Groceries,Groceries,₹4915.8,UPI,Credit Card A/C,No,Essential,Local Store,6000.0,Groceries transaction #554,
TXN100299,2025-05-06,Expense,Food,Groceries,2369.9,UPI,Cash Wallet,Yes,Discretionary,Netflix,8000.0,Food transaction #299,review
TXN100170,2024-08-21,Expense,Groceries,Groceries,5050.75,Net Banking,Cash Wallet,Yes,Essential,Freelance Client,6000.0,Groceries transaction #170,review
TXN101276,2024-07-23,Expense,Insurance,Life,₹4800.82,UPI,Credit Card A/C,Yes,Essential,,2000.0,Insurance transaction #1276,reimbursable
TXN100415,2025-03-09,Expense,Education,Courses,3180.05,,Salary Account,No,Discretionary,Zomato,4000.0,Education transaction #415,review
TXN100764,2025-09-13,Income,Investment,,28690.6,Bank Transfer,Salary Account,No,,,,Investment transaction #764,
TXN100428,2024-12-31,Expense,Entertainment,Streaming,6973.64,Debit Card,Cash Wallet,Yes,Discretionary,,2500.0,Entertainment transaction #428,one-time
TXN100186,2025-09-12,Expense,Subscriptions,Memberships,6070.94,,Salary Account,Yes,Discretionary,BESCOM,1500.0,Subscriptions transaction #186,
TXN101839,2024-02-01,Income,Freelance,,49940.88,Bank Transfer,Salary Account,No,,,,Freelance transaction #1839,
TXN101914,2024-01-15,Expense,Entertainment,Movies,6102.83,UPI,Primary Savings,Yes,Discretionary,Amazon,2500.0,Entertainment transaction #1914,
TXN101889,2024-03-28,Expense,Subscriptions,Memberships,₹3721.51,UPI,Credit Card A/C,Yes,Discretionary,Netflix,1500.0,Subscriptions transaction #1889,review
TXN100630,2024-08-29,Expense,Transport,Fuel,1752.16,Debit Card,Cash Wallet,No,Discretionary,Netflix,4000.0,Transport transaction #630,reimbursable
TXN100950,2024-12-06,Expense,Rent,Housing,3451.98,UPI,Salary Account,Yes,Essential,Netflix,15000.0,Rent transaction #950,
TXN100162,2024-12-01,Expense,Subscriptions,SaaS Tools,1316.77,Net Banking,Cash Wallet,Yes,Discretionary,Apollo Pharmacy,1500.0,Subscriptions transaction #162,
TXN100413,2024-12-30,Expense,food,Groceries,5422.71,,Cash Wallet,Yes,Discretionary,Landlord,,food transaction #413,
TXN101073,2025-08-04,Expense,food,Snacks,750.89,UPI,Salary Account,Yes,Discretionary,Swiggy,,food transaction #1073,
TXN102143,2024-07-16,Expense,Education,Courses,6857.71,Cash,Salary Account,Yes,Discretionary,Local Store,4000.0,Education transaction #2143,reimbursable
TXN102146,,Income,Freelance,,37833.6,Bank Transfer,Salary Account,No,,Local Store,,Freelance transaction #2146,one-time
TXN102017,2025-08-17,Expense,Transport,Fuel,6695.83,,Primary Savings,Yes,Discretionary,,4000.0,Transport transaction #2017,review
TXN101030,2025-03-18,Expense,food,Groceries,5866.49,UPI,Credit Card A/C,Yes,Discretionary,,,food transaction #1030,
TXN100876,2025-05-24,Expense,Healthcare,Insurance Premium,₹1879.41,UPI,Cash Wallet,Yes,Essential,,3000.0,Healthcare transaction #876,
TXN100817,2025-10-09,Expense,Entertainment,Movies,706.96,Cash,Salary Account,Yes,Discretionary,Employer,2500.0,Entertainment transaction #817,
TXN100822,2024-03-27,Expense,Education,Books,₹4378.2,Cash,Primary Savings,Yes,Discretionary,Netflix,4000.0,Education transaction #822,
TXN102255,2025-05-12,Income,Freelance,,20539.54,Bank Transfer,Salary Account,No,,Local Store,,Freelance transaction #2255,
TXN100872,2024-02-14,Expense,Rent,Housing,4816.91,,Cash Wallet,Yes,Essential,Swiggy,15000.0,Rent transaction #872,reimbursable
TXN100245,2025-02-28,Expense,food,Snacks,6162.63,Cash,Credit Card A/C,No,Discretionary,Apollo Pharmacy,,food transaction #245,
TXN100229,2025-12-08,Expense,Entertainment,Movies,2398.69,UPI,Primary Savings,Yes,Discretionary,Uber,2500.0,Entertainment transaction #229,
TXN100906,2024-02-07,Expense,Transport,Cab,6206.36,Net Banking,Cash Wallet,Yes,Discretionary,Uber,4000.0,Transport transaction #906,review
TXN102056,2024-01-16,Expense,Education,Courses,1958.86,UPI,Cash Wallet,Yes,Discretionary,Freelance Client,4000.0,Education transaction #2056,one-time
TXN100896,2025-02-27,Expense,Utilities,Internet,7820.58,UPI,Salary Account,Yes,Essential,Swiggy,3000.0,Utilities transaction #896,
TXN102235,2025-05-02,Expense,Shopping,Electronics,₹1680.69,,Credit Card A/C,Yes,Discretionary,Netflix,5000.0,Shopping transaction #2235,review
TXN102451,2025-01-22,Expense,Rent,Housing,1570.96,Debit Card,Salary Account,Yes,Essential,BESCOM,15000.0,Rent transaction #2451,
TXN101753,2025-08-02,Expense,Healthcare,Pharmacy,3439.58,Cash,Salary Account,Yes,Essential,Employer,3000.0,Healthcare transaction #1753,one-time
TXN102479,2024-01-14,Expense,Food,Dining Out,6850.96,Net Banking,Primary Savings,Yes,Discretionary,Amazon,8000.0,Food transaction #2479,reimbursable
TXN102153,2024-04-22,Expense,Shopping,Home Goods,154.8,Debit Card,Primary Savings,No,Discretionary,BESCOM,5000.0,Shopping transaction #2153,review
TXN100791,2025-01-18,Expense,Rent,Housing,4045.78,UPI,Cash Wallet,Yes,Essential,Employer,15000.0,Rent transaction #791,
TXN102237,,Income,Investment,,83609.68,Bank Transfer,Salary Account,No,,Zomato,,Investment transaction #2237,
TXN101910,2024-11-03,Income,Bonus,,59989.64,Bank Transfer,Salary Account,No,,,,Bonus transaction #1910,
TXN101327,2025-05-05,Expense,,,3281.93,,Salary Account,Yes,Discretionary,Employer,,Misc transaction #1327,
TXN102308,2024-07-28,Expense,Transport,Cab,5421.78,Cash,Primary Savings,Yes,Discretionary,,4000.0,Transport transaction #2308,review
TXN102192,2025-04-08,Expense,Groceries,Groceries,3340.21,UPI,Primary Savings,Yes,Essential,Uber,6000.0,Groceries transaction #2192,
TXN101651,2025-09-21,Income,Salary,,45969.7,Bank Transfer,Salary Account,Yes,,Employer,,Salary transaction #1651,one-time
TXN100698,2024-12-11,Expense,Healthcare,Insurance Premium,1105.84,Credit Card,Cash Wallet,No,Essential,Freelance Client,3000.0,Healthcare transaction #698,
TXN100890,2024-03-21,Expense,food,Snacks,1764.4,,Salary Account,Yes,Discretionary,Landlord,,food transaction #890,review
TXN101717,2024-08-13,Expense,Entertainment,Movies,5775.32,Debit Card,Cash Wallet,Yes,Discretionary,Uber,2500.0,Entertainment transaction #1717,
TXN100894,2024-09-21,Expense,Utilities,Water,1166.56,UPI,Cash Wallet,Yes,Essential,Uber,3000.0,Utilities transaction #894,reimbursable
TXN101151,2024-01-20,Income,Investment,,49900.48,Bank Transfer,Salary Account,No,,Netflix,,Investment transaction #1151,
TXN101446,2025-01-15,Income,Gift,,21808.89,Bank Transfer,Salary Account,No,,Swiggy,,Gift transaction #1446,review
TXN100057,2024-10-03,Expense,Education,Books,6614.59,Net Banking,Credit Card A/C,No,Discretionary,BESCOM,4000.0,Education transaction #57,one-time
TXN101979,2025-01-14,Expense,Healthcare,Doctor Visit,7751.26,UPI,Cash Wallet,Yes,Essential,Amazon,3000.0,Healthcare transaction #1979,reimbursable
TXN101922,2025-02-26,Expense,Healthcare,Doctor Visit,4619.3,Net Banking,Credit Card A/C,No,Essential,Employer,3000.0,Healthcare transaction #1922,one-time
TXN101057,2024-07-11,Expense,food,Snacks,802.98,Net Banking,Cash Wallet,Yes,Discretionary,Zomato,,food transaction #1057,
TXN102330,2024-12-23,Expense,Healthcare,Insurance Premium,7884.37,UPI,Cash Wallet,Yes,Essential,Freelance Client,3000.0,Healthcare transaction #2330,
TXN102291,2024-07-16,Income,Salary,,85727.18,Bank Transfer,Salary Account,Yes,,Employer,,Salary transaction #2291,
TXN100092,2024-10-29,Expense,Shopping,Clothing,6302.78,Debit Card,Credit Card A/C,Yes,Discretionary,Netflix,5000.0,Shopping transaction #92,
TXN101234,2025-05-02,Expense,Insurance,Health,4947.59,Cash,Salary Account,Yes,Essential,Freelance Client,2000.0,Insurance transaction #1234,review
TXN101013,2025-08-28,Income,Gift,,34803.58,Bank Transfer,Salary Account,No,,Uber,,Gift transaction #1013,reimbursable
TXN101700,2025-07-01,Expense,Subscriptions,Memberships,583.99,Cash,Salary Account,Yes,Discretionary,Landlord,1500.0,Subscriptions transaction #1700,
TXN100947,2024-09-01,Income,Salary,,39282.16,Bank Transfer,Salary Account,Yes,,Employer,,Salary transaction #947,one-time
TXN101793,2025-05-20,Income,Freelance,,29947.35,Bank Transfer,Salary Account,No,,Apollo Pharmacy,,Freelance transaction #1793,
TXN101109,2025-08-07,Expense,Rent,Housing,2848.6,Credit Card,Cash Wallet,Yes,Essential,Employer,15000.0,Rent transaction #1109,review
TXN100190,2024-01-23,Expense,Food,Snacks,630.58,Cash,Credit Card A/C,Yes,Discretionary,Landlord,8000.0,Food transaction #190,
TXN102087,2024-03-21,Expense,,,7166.82,Cash,Credit Card A/C,No,Discretionary,,,Misc transaction #2087,
TXN101531,2024-01-07,Expense,Rent,Housing,4237.93,Debit Card,Cash Wallet,Yes,Essential,Swiggy,15000.0,Rent transaction #1531,reimbursable
TXN101996,2024-05-15,Income,Gift,,21865.66,Bank Transfer,Salary Account,No,,Employer,,Gift transaction #1996,review
TXN101954,2024-07-21,Expense,Transport,Fuel,3382.84,UPI,Primary Savings,Yes,Discretionary,Netflix,4000.0,Transport transaction #1954,review
TXN100723,2025-10-02,Income,Bonus,,50236.43,Bank Transfer,Salary Account,No,,Amazon,,Bonus transaction #723,
TXN102111,2025-02-21,Expense,Transport,Cab,3388.99,Credit Card,Credit Card A/C,No,Discretionary,Amazon,4000.0,Transport transaction #2111,review
TXN102281,2025-10-25,Expense,food,Dining Out,6741.41,Cash,Credit Card A/C,No,Discretionary,Zomato,,food transaction #2281,reimbursable
TXN100676,2025-01-02,Expense,Entertainment,Events,6632.19,Net Banking,Primary Savings,Yes,Discretionary,Uber,2500.0,Entertainment transaction #676,
TXN100105,2025-07-15,Expense,Shopping,Home Goods,3657.04,Net Banking,Cash Wallet,Yes,Discretionary,,5000.0,Shopping transaction #105,reimbursable
TXN102499,2025-02-21,Expense,Education,Books,2537.25,Cash,Cash Wallet,No,Discretionary,BESCOM,4000.0,Education transaction #2499,
TXN101963,2024-01-18,Expense,,,4014.42,Debit Card,Salary Account,No,Discretionary,Landlord,,Misc transaction #1963,one-time
TXN100902,2025-04-07,Expense,Education,Courses,2112.61,UPI,Primary Savings,No,Discretionary,Uber,4000.0,Education transaction #902,
TXN102301,2025-01-15,Expense,Rent,Housing,2377.02,Cash,Cash Wallet,Yes,Essential,Landlord,15000.0,Rent transaction #2301,review
TXN101432,2024-03-31,Expense,Transport,Public Transit,3445.49,Debit Card,Credit Card A/C,No,Discretionary,Landlord,4000.0,Transport transaction #1432,
TXN100774,2024-08-30,Expense,,,681.15,Credit Card,Credit Card A/C,No,Discretionary,Netflix,,Misc transaction #774,review
TXN101232,2024-06-22,Expense,Entertainment,Streaming,₹7217.08,,Salary Account,Yes,Discretionary,Local Store,2500.0,Entertainment transaction #1232,one-time
TXN100858,2024-08-13,Expense,Utilities,Internet,1830.24,Net Banking,Salary Account,No,Essential,Amazon,3000.0,Utilities transaction #858,
TXN101428,2025-02-26,Expense,Subscriptions,Streaming,7918.71,Net Banking,Cash Wallet,Yes,Discretionary,,1500.0,Subscriptions transaction #1428,
TXN102029,2025-08-04,Income,Bonus,,32106.96,Bank Transfer,Salary Account,No,,Landlord,,Bonus transaction #2029,
TXN102127,2024-03-12,Expense,Transport,Fuel,5747.14,Cash,Credit Card A/C,Yes,Discretionary,BESCOM,4000.0,Transport transaction #2127,one-time
TXN100989,2025-12-20,Expense,,,7849.4,Cash,Primary Savings,No,Discretionary,Swiggy,,Misc transaction #989,
TXN100497,2024-07-17,Expense,Entertainment,Events,3822.28,UPI,Salary Account,No,Discretionary,Swiggy,2500.0,Entertainment transaction #497,reimbursable
TXN102493,2024-12-04,Expense,Education,Courses,2794.04,Net Banking,Salary Account,Yes,Discretionary,Landlord,4000.0,Education transaction #2493,reimbursable
TXN101607,2024-09-21,Expense,Groceries,Groceries,7653.59,,Primary Savings,No,Essential,Apollo Pharmacy,6000.0,Groceries transaction #1607,
TXN102135,2025-06-02,Expense,Groceries,Groceries,162.94,Debit Card,Salary Account,Yes,Essential,Local Store,6000.0,Groceries transaction #2135,
TXN101989,2024-11-07,Expense,Transport,Public Transit,5006.26,,Credit Card A/C,Yes,Discretionary,Apollo Pharmacy,4000.0,Transport transaction #1989,reimbursable
TXN100064,2024-05-09,Expense,,,6988.12,Net Banking,Credit Card A/C,No,Discretionary,Apollo Pharmacy,,Misc transaction #64,
TXN101814,2024-01-22,Expense,Subscriptions,Streaming,545.98,Debit Card,Salary Account,Yes,Discretionary,,1500.0,Subscriptions transaction #1814,reimbursable
TXN100274,2024-04-02,Expense,Insurance,Health,5590.18,UPI,Salary Account,Yes,Essential,Uber,2000.0,Insurance transaction #274,
TXN100725,2025-04-02,Expense,food,Groceries,3050.29,,Primary Savings,Yes,Discretionary,Amazon,,food transaction #725,
TXN101679,2024-07-06,Expense,Entertainment,Events,4726.19,Cash,Credit Card A/C,Yes,Discretionary,Apollo Pharmacy,2500.0,Entertainment transaction #1679,one-time
TXN101149,2024-03-30,Expense,Healthcare,Insurance Premium,1567.56,UPI,Cash Wallet,No,Essential,Apollo Pharmacy,3000.0,Healthcare transaction #1149,review
TXN102201,2025-01-17,Expense,Utilities,Internet,1233.09,UPI,Primary Savings,No,Essential,,3000.0,Utilities transaction #2201,reimbursable
TXN101363,2025-04-16,Expense,Entertainment,Streaming,6419.73,Net Banking,Primary Savings,No,Discretionary,Apollo Pharmacy,2500.0,Entertainment transaction #1363,review
TXN100410,2025-11-24,Expense,,,7645.79,Net Banking,Primary Savings,No,Discretionary,BESCOM,,Misc transaction #410,review
TXN100830,2024-06-28,Expense,Utilities,Internet,3942.47,Net Banking,Credit Card A/C,No,Essential,Landlord,3000.0,Utilities transaction #830,
TXN100912,2025-10-22,Expense,Subscriptions,SaaS Tools,76225.07,Credit Card,Credit Card A/C,Yes,Discretionary,Netflix,1500.0,Subscriptions transaction #912,one-time
TXN102092,2024-12-12,Income,Bonus,,39773.92,Bank Transfer,Salary Account,No,,Local Store,,Bonus transaction #2092,
TXN100390,2025-06-08,Income,Gift,,30280.56,Bank Transfer,Salary Account,No,,Swiggy,,Gift transaction #390,one-time
TXN102268,2025-01-15,Expense,Food,Groceries,1194.02,Cash,Primary Savings,Yes,Discretionary,Local Store,8000.0,Food transaction #2268,reimbursable
TXN102188,2024-06-18,Income,Salary,,48314.26,Bank Transfer,Salary Account,Yes,,Employer,,Salary transaction #2188,
TXN101373,2024-02-01,Expense,Entertainment,Movies,3917.83,Cash,Cash Wallet,Yes,Discretionary,Local Store,2500.0,Entertainment transaction #1373,
TXN100722,2025-08-08,Expense,Subscriptions,Streaming,3419.37,UPI,Salary Account,Yes,Discretionary,BESCOM,1500.0,Subscriptions transaction #722,review
TXN100261,,Income,Freelance,,28361.01,Bank Transfer,Salary Account,No,,,,Freelance transaction #261,one-time
TXN100898,2024-04-21,Income,Salary,,84222.22,Bank Transfer,Salary Account,Yes,,Employer,,Salary transaction #898,
TXN102243,2024-05-18,Expense,Healthcare,Insurance Premium,1334.5,Net Banking,Primary Savings,No,Essential,Zomato,3000.0,Healthcare transaction #2243,one-time
TXN102163,2024-01-24,Expense,Rent,Housing,5813.22,Credit Card,Cash Wallet,Yes,Essential,Zomato,15000.0,Rent transaction #2163,reimbursable
TXN100718,2024-10-11,Expense,Healthcare,Pharmacy,5295.72,Net Banking,Salary Account,Yes,Essential,Employer,3000.0,Healthcare transaction #718,
TXN102067,2024-09-19,Expense,Education,Books,7691.91,Net Banking,Salary Account,Yes,Discretionary,Local Store,4000.0,Education transaction #2067,one-time
TXN102444,,Expense,food,Groceries,4142.29,,Primary Savings,No,Discretionary,Local Store,,food transaction #2444,reimbursable
TXN100935,2025-03-22,Expense,food,Groceries,6507.64,Net Banking,Primary Savings,Yes,Discretionary,Netflix,,food transaction #935,
TXN100420,2025-06-13,Expense,Entertainment,Streaming,4519.0,Net Banking,Primary Savings,No,Discretionary,Zomato,2500.0,Entertainment transaction #420,
TXN102197,2025-01-23,Expense,Groceries,Groceries,5160.62,Net Banking,Credit Card A/C,No,Essential,Employer,6000.0,Groceries transaction #2197,one-time
TXN100009,2025-08-21,Expense,Groceries,Groceries,7978.74,Credit Card,Cash Wallet,Yes,Essential,Amazon,6000.0,Groceries transaction #9,
TXN101937,2024-03-02,Expense,Entertainment,Movies,7800.99,UPI,Credit Card A/C,No,Discretionary,Netflix,2500.0,Entertainment transaction #1937,
TXN101119,2025-01-07,Expense,Education,Tuition,3457.28,UPI,Primary Savings,Yes,Discretionary,Netflix,4000.0,Education transaction #1119,
TXN102482,2025-10-25,Expense,Healthcare,Insurance Premium,100438.3,,Cash Wallet,No,Essential,Freelance Client,3000.0,Healthcare transaction #2482,one-time
TXN100534,2024-07-18,Expense,Insurance,Vehicle,₹2540.5,UPI,Primary Savings,Yes,Essential,Zomato,2000.0,Insurance transaction #534,
TXN100548,2024-05-24,Expense,Food,Dining Out,4966.06,Credit Card,Salary Account,Yes,Discretionary,Swiggy,8000.0,Food transaction #548,
TXN101584,2024-11-20,Expense,Food,Dining Out,4039.6,Net Banking,Credit Card A/C,No,Discretionary,Local Store,8000.0,Food transaction #1584,one-time
TXN100298,2024-06-06,Income,Salary,,49932.42,Bank Transfer,Salary Account,Yes,,Employer,,Salary transaction #298,reimbursable
TXN102170,2024-04-21,Expense,Insurance,Vehicle,5074.68,Debit Card,Primary Savings,Yes,Essential,Landlord,2000.0,Insurance transaction #2170,
TXN101385,2024-12-08,Income,Freelance,,36801.64,Bank Transfer,Salary Account,No,,Employer,,Freelance transaction #1385,
TXN102434,2024-07-05,Expense,Shopping,Clothing,₹4358.9,Credit Card,Credit Card A/C,No,Discretionary,Netflix,5000.0,Shopping transaction #2434,reimbursable
TXN101675,2025-11-13,Expense,food,Groceries,712.51,UPI,Cash Wallet,No,Discretionary,Zomato,,food transaction #1675,
TXN101391,2024-01-05,Expense,Food,Groceries,3621.54,Cash,Primary Savings,No,Discretionary,Amazon,8000.0,Food transaction #1391,
TXN100088,2024-03-16,Expense,Entertainment,Events,7698.13,,Credit Card A/C,No,Discretionary,Netflix,2500.0,Entertainment transaction #88,one-time
TXN101643,2025-08-26,Expense,Food,Dining Out,6275.16,Net Banking,Salary Account,Yes,Discretionary,Uber,8000.0,Food transaction #1643,reimbursable
TXN100097,2025-12-14,Expense,Shopping,Home Goods,1278.46,Cash,Primary Savings,No,Discretionary,Employer,5000.0,Shopping transaction #97,
TXN102099,2025-01-07,Expense,Utilities,Water,7670.71,UPI,Salary Account,Yes,Essential,Zomato,3000.0,Utilities transaction #2099,one-time
TXN102396,2024-05-24,Expense,food,Snacks,4052.19,Credit Card,Salary Account,Yes,Discretionary,Zomato,,food transaction #2396,reimbursable
TXN100509,2025-12-17,Expense,Entertainment,Streaming,1625.27,,Primary Savings,No,Discretionary,Employer,2500.0,Entertainment transaction #509,review
TXN102259,2024-07-17,Expense,,,7424.78,Credit Card,Salary Account,Yes,Discretionary,Local Store,,Misc transaction #2259,review
TXN100703,2025-05-18,Expense,Food,Dining Out,₹3348.74,Net Banking,Credit Card A/C,No,Discretionary,Netflix,8000.0,Food transaction #703,reimbursable
TXN101969,2024-01-17,Expense,Healthcare,Doctor Visit,6732.27,Net Banking,Credit Card A/C,No,Essential,Freelance Client,3000.0,Healthcare transaction #1969,reimbursable
TXN101045,2024-03-16,Expense,Subscriptions,Memberships,167.2,Net Banking,Salary Account,Yes,Discretionary,Zomato,1500.0,Subscriptions transaction #1045,
TXN101506,2024-08-25,Expense,Education,Courses,6792.2,Credit Card,Credit Card A/C,No,Discretionary,Amazon,4000.0,Education transaction #1506,one-time
TXN100939,2025-11-06,Expense,Transport,Public Transit,7775.53,UPI,Salary Account,Yes,Discretionary,Freelance Client,4000.0,Transport transaction #939,
TXN101429,2025-01-14,Income,Investment,,20818.85,Bank Transfer,Salary Account,No,,Employer,,Investment transaction #1429,review
TXN101808,2024-01-01,Income,Bonus,,32436.3,Bank Transfer,Salary Account,No,,Landlord,,Bonus transaction #1808,review
TXN101911,2025-02-06,Expense,Subscriptions,Memberships,1619.17,Debit Card,Salary Account,Yes,Discretionary,Netflix,1500.0,Subscriptions transaction #1911,
TXN102491,2024-11-21,Expense,food,Dining Out,4994.91,Net Banking,Credit Card A/C,Yes,Discretionary,,,food transaction #2491,
TXN100607,2025-01-07,Expense,Entertainment,Movies,7925.76,UPI,Salary Account,No,Discretionary,,2500.0,Entertainment transaction #607,reimbursable
TXN101070,2024-10-11,Expense,Transport,Public Transit,182.56,,Credit Card A/C,Yes,Discretionary,Employer,4000.0,Transport transaction #1070,
TXN102412,2025-12-01,Expense,Subscriptions,Memberships,3351.43,Credit Card,Cash Wallet,Yes,Discretionary,BESCOM,1500.0,Subscriptions transaction #2412,
TXN100296,2024-02-01,Expense,Insurance,Life,3501.89,UPI,Primary Savings,Yes,Essential,Uber,2000.0,Insurance transaction #296,review
TXN100049,2024-08-13,Expense,Utilities,Water,3141.41,,Cash Wallet,Yes,Essential,Apollo Pharmacy,3000.0,Utilities transaction #49,reimbursable
TXN101511,2025-08-31,Expense,Education,Tuition,5470.8,Credit Card,Cash Wallet,No,Discretionary,Landlord,4000.0,Education transaction #1511,
TXN100224,2024-04-26,Expense,Transport,Public Transit,1480.42,Net Banking,Primary Savings,No,Discretionary,,4000.0,Transport transaction #224,review
TXN101774,2025-07-09,Expense,Food,Groceries,1509.36,Cash,Salary Account,Yes,Discretionary,Amazon,8000.0,Food transaction #1774,one-time
TXN101243,2025-06-27,Expense,Food,Snacks,569.6,UPI,Primary Savings,Yes,Discretionary,Uber,8000.0,Food transaction #1243,
TXN101921,2025-08-10,Expense,Utilities,Electricity,1553.44,Debit Card,Primary Savings,Yes,Essential,Uber,3000.0,Utilities transaction #1921,
TXN100850,2024-02-23,Expense,Entertainment,Movies,2277.27,Net Banking,Primary Savings,No,Discretionary,Swiggy,2500.0,Entertainment transaction #850,
TXN101785,2024-01-17,Income,Freelance,,87032.83,Bank Transfer,Salary Account,No,,Freelance Client,,Freelance transaction #1785,
TXN101225,2025-07-03,Expense,Subscriptions,SaaS Tools,5734.44,,Cash Wallet,Yes,Discretionary,Netflix,1500.0,Subscriptions transaction #1225,reimbursable
TXN100562,2025-02-25,Expense,Healthcare,Pharmacy,6704.06,Debit Card,Primary Savings,No,Essential,,3000.0,Healthcare transaction #562,one-time
TXN100604,2025-12-22,Expense,Subscriptions,Streaming,3975.02,Cash,Credit Card A/C,Yes,Discretionary,Apollo Pharmacy,1500.0,Subscriptions transaction #604,one-time
TXN100442,2024-03-02,Income,Freelance,,69092.97,Bank Transfer,Salary Account,No,,Zomato,,Freelance transaction #442,reimbursable
TXN101598,2025-11-05,Expense,Shopping,Clothing,409.08,Net Banking,Cash Wallet,No,Discretionary,Employer,5000.0,Shopping transaction #1598,review
TXN101024,2024-03-26,Expense,Food,Snacks,5407.56,Cash,Cash Wallet,No,Discretionary,Apollo Pharmacy,8000.0,Food transaction #1024,
TXN100187,2025-06-22,Expense,Subscriptions,SaaS Tools,4535.14,UPI,Salary Account,Yes,Discretionary,Employer,1500.0,Subscriptions transaction #187,reimbursable
TXN100406,2024-03-29,Expense,,,5373.81,Cash,Salary Account,Yes,Discretionary,,,Misc transaction #406,reimbursable
TXN101172,2025-04-12,Expense,Insurance,Health,₹2139.76,Debit Card,Cash Wallet,Yes,Essential,Freelance Client,2000.0,Insurance transaction #1172,
TXN102410,2024-03-23,Expense,,,690.0,Debit Card,Credit Card A/C,No,Discretionary,Netflix,,Misc transaction #2410,one-time
TXN100461,2024-03-25,Expense,Subscriptions,Streaming,2137.34,Cash,Cash Wallet,Yes,Discretionary,,1500.0,Subscriptions transaction #461,reimbursable
TXN100670,2025-03-01,Expense,Subscriptions,Memberships,4456.72,Debit Card,Primary Savings,Yes,Discretionary,Apollo Pharmacy,1500.0,Subscriptions transaction #670,review
TXN101957,2024-12-26,Expense,Utilities,Water,208.39,Cash,Credit Card A/C,Yes,Essential,Local Store,3000.0,Utilities transaction #1957,reimbursable
TXN100714,2025-07-23,Expense,Subscriptions,SaaS Tools,₹4328.15,,Primary Savings,Yes,Discretionary,Landlord,1500.0,Subscriptions transaction #714,review
TXN101350,2024-03-09,Expense,food,Snacks,5254.24,,Salary Account,No,Discretionary,Landlord,,food transaction #1350,
TXN100424,2025-10-30,Expense,Utilities,Internet,2206.42,Cash,Credit Card A/C,No,Essential,Local Store,3000.0,Utilities transaction #424,
TXN102091,2025-02-12,Expense,Utilities,Internet,5962.76,,Cash Wallet,Yes,Essential,Swiggy,3000.0,Utilities transaction #2091,review
TXN100635,2025-02-20,Expense,Utilities,Electricity,7526.94,Cash,Cash Wallet,No,Essential,,3000.0,Utilities transaction #635,
TXN100528,2024-05-09,Expense,,,1103.68,Debit Card,Credit Card A/C,No,Discretionary,Amazon,,Misc transaction #528,reimbursable
TXN102266,2025-07-11,Expense,Rent,Housing,4841.81,Cash,Primary Savings,Yes,Essential,,15000.0,Rent transaction #2266,reimbursable
TXN101765,2025-09-18,Income,Gift,,84960.21,Bank Transfer,Salary Account,No,,Employer,,Gift transaction #1765,review
TXN102472,2025-02-01,Expense,Shopping,Electronics,5588.13,Net Banking,Cash Wallet,No,Discretionary,Netflix,5000.0,Shopping transaction #2472,
TXN101276,2024-07-23,Expense,Insurance,Life,₹4800.82,UPI,Credit Card A/C,Yes,Essential,,2000.0,Insurance transaction #1276,reimbursable
TXN101498,2024-09-26,Income,Gift,,₹67224.27,Bank Transfer,Salary Account,No,,Netflix,,Gift transaction #1498,
TXN100609,2024-04-20,Income,Bonus,,54809.16,Bank Transfer,Salary Account,No,,Freelance Client,,Bonus transaction #609,review
TXN100485,2025-01-22,Expense,Food,Groceries,4545.66,,Salary Account,Yes,Discretionary,Swiggy,8000.0,Food transaction #485,one-time
TXN101478,2024-05-07,Income,Investment,,₹51607.37,Bank Transfer,Salary Account,No,,,,Investment transaction #1478,reimbursable
TXN101085,2025-04-16,Income,Freelance,,34028.46,Bank Transfer,Salary Account,No,,Swiggy,,Freelance transaction #1085,
TXN102129,2024-02-04,Expense,Shopping,Electronics,274.8,Cash,Primary Savings,Yes,Discretionary,Landlord,5000.0,Shopping transaction #2129,
TXN101704,2024-01-14,Income,Freelance,,88507.29,Bank Transfer,Salary Account,No,,Netflix,,Freelance transaction #1704,
TXN100324,2024-01-05,Expense,Transport,Fuel,1309.56,UPI,Salary Account,No,Discretionary,Freelance Client,4000.0,Transport transaction #324,one-time
TXN100019,2025-11-20,Expense,Insurance,Life,5839.3,UPI,Salary Account,Yes,Essential,BESCOM,2000.0,Insurance transaction #19,one-time
TXN100838,2024-09-12,Expense,,,₹2356.01,Cash,Credit Card A/C,No,Discretionary,BESCOM,,Misc transaction #838,one-time
TXN102021,2025-02-04,Expense,Subscriptions,Memberships,2864.21,UPI,Credit Card A/C,Yes,Discretionary,BESCOM,1500.0,Subscriptions transaction #2021,one-time
TXN101673,2025-03-30,Expense,Subscriptions,Streaming,3619.44,Debit Card,Credit Card A/C,Yes,Discretionary,Zomato,1500.0,Subscriptions transaction #1673,
TXN101340,2024-08-13,Expense,Shopping,Clothing,188.65,Credit Card,Primary Savings,No,Discretionary,Apollo Pharmacy,5000.0,Shopping transaction #1340,one-time
TXN102082,2025-09-28,Expense,Groceries,Groceries,4149.31,Credit Card,Salary Account,No,Essential,Amazon,6000.0,Groceries transaction #2082,
TXN101790,2024-03-19,Expense,food,Groceries,7835.65,UPI,Cash Wallet,Yes,Discretionary,BESCOM,,food transaction #1790,reimbursable
TXN101612,2024-02-15,Expense,food,Dining Out,5477.99,UPI,Salary Account,No,Discretionary,BESCOM,,food transaction #1612,review
TXN101522,2024-04-15,Expense,Rent,Housing,5460.21,Debit Card,Salary Account,Yes,Essential,Landlord,15000.0,Rent transaction #1522,one-time
TXN100800,2025-05-31,Income,Bonus,,75777.45,Bank Transfer,Salary Account,No,,Netflix,,Bonus transaction #800,one-time
TXN101579,2025-04-02,Expense,Shopping,Home Goods,285.99,UPI,Primary Savings,No,Discretionary,BESCOM,5000.0,Shopping transaction #1579,
TXN100096,2025-05-19,Income,Freelance,,82108.15,Bank Transfer,Salary Account,No,,Swiggy,,Freelance transaction #96,review
TXN102494,2024-08-13,Expense,,,779.01,,Primary Savings,Yes,Discretionary,BESCOM,,Misc transaction #2494,
TXN100474,2024-11-21,Income,Gift,,86402.11,Bank Transfer,Salary Account,No,,Zomato,,Gift transaction #474,
TXN101788,2025-07-03,Expense,Healthcare,Pharmacy,3779.83,Credit Card,Credit Card A/C,Yes,Essential,Swiggy,3000.0,Healthcare transaction #1788,reimbursable
TXN100366,2025-06-30,Income,Salary,,34754.7,Bank Transfer,Salary Account,Yes,,Employer,,Salary transaction #366,review
TXN101897,,Income,Investment,,33761.57,Bank Transfer,Salary Account,No,,Landlord,,Investment transaction #1897,one-time
TXN101721,2025-02-06,Expense,Subscriptions,Memberships,3089.35,UPI,Cash Wallet,Yes,Discretionary,BESCOM,1500.0,Subscriptions transaction #1721,
TXN101909,2025-03-24,Expense,Education,Courses,920.81,UPI,Cash Wallet,No,Discretionary,Employer,4000.0,Education transaction #1909,one-time
TXN100760,2024-10-07,Expense,Education,Books,580.61,,Salary Account,No,Discretionary,Local Store,4000.0,Education transaction #760,
TXN100918,2024-07-17,Expense,Transport,Public Transit,6299.08,Debit Card,Primary Savings,No,Discretionary,Zomato,4000.0,Transport transaction #918,review
TXN101425,2025-08-04,Expense,Healthcare,Pharmacy,5874.32,,Cash Wallet,No,Essential,,3000.0,Healthcare transaction #1425,review
TXN100392,2024-06-23,Expense,Shopping,Home Goods,4682.04,Credit Card,Credit Card A/C,Yes,Discretionary,,5000.0,Shopping transaction #392,reimbursable
TXN101769,2024-02-14,Expense,Utilities,Internet,2332.17,,Cash Wallet,No,Essential,Uber,3000.0,Utilities transaction #1769,
TXN100506,2025-06-10,Income,Gift,,44522.27,Bank Transfer,Salary Account,No,,Uber,,Gift transaction #506,
TXN100434,2025-09-24,Expense,Subscriptions,Memberships,₹2599.12,Credit Card,Primary Savings,Yes,Discretionary,Landlord,1500.0,Subscriptions transaction #434,
TXN102047,2024-04-25,Expense,,,7828.24,Cash,Primary Savings,No,Discretionary,Employer,,Misc transaction #2047,reimbursable
TXN101831,2025-06-15,Expense,Entertainment,Movies,4673.12,Net Banking,Primary Savings,No,Discretionary,Netflix,2500.0,Entertainment transaction #1831,
TXN101585,2025-10-16,Expense,food,Groceries,3540.19,UPI,Cash Wallet,No,Discretionary,Employer,,food transaction #1585,one-time
TXN100132,2025-09-17,Expense,Subscriptions,SaaS Tools,1951.39,Cash,Salary Account,Yes,Discretionary,Uber,1500.0,Subscriptions transaction #132,one-time
TXN101588,2024-09-27,Expense,Shopping,Home Goods,₹1754.02,UPI,Cash Wallet,Yes,Discretionary,Zomato,5000.0,Shopping transaction #1588,
TXN102498,2024-10-30,Income,Bonus,,57297.67,Bank Transfer,Salary Account,No,,Freelance Client,,Bonus transaction #2498,reimbursable
TXN100031,2025-07-12,Income,Investment,,60775.67,Bank Transfer,Salary Account,No,,Swiggy,,Investment transaction #31,
TXN102169,2025-07-17,Expense,Shopping,Clothing,6896.89,UPI,Cash Wallet,No,Discretionary,Zomato,5000.0,Shopping transaction #2169,review
TXN101375,2025-03-14,Expense,food,Snacks,7935.11,UPI,Cash Wallet,Yes,Discretionary,Amazon,,food transaction #1375,
TXN101326,2025-02-08,Income,Investment,,47354.34,Bank Transfer,Salary Account,No,,Employer,,Investment transaction #1326,
TXN101112,2025-01-27,Expense,Shopping,Electronics,5109.51,Net Banking,Salary Account,Yes,Discretionary,Employer,5000.0,Shopping transaction #1112,reimbursable
TXN101349,2024-10-27,Income,Bonus,,39495.94,Bank Transfer,Salary Account,No,,Swiggy,,Bonus transaction #1349,reimbursable
TXN100255,2025-12-08,Income,Investment,,34381.2,Bank Transfer,Salary Account,No,,Employer,,Investment transaction #255,
TXN100892,2025-09-17,Expense,Rent,Housing,₹168.79,Debit Card,Primary Savings,Yes,Essential,Apollo Pharmacy,15000.0,Rent transaction #892,
TXN102407,2024-01-10,Expense,Groceries,Groceries,5626.24,Credit Card,Cash Wallet,Yes,Essential,Apollo Pharmacy,6000.0,Groceries transaction #2407,
TXN100051,2024-12-11,Expense,Shopping,Electronics,6663.8,Debit Card,Primary Savings,No,Discretionary,Amazon,5000.0,Shopping transaction #51,
TXN100875,2024-07-05,Expense,Entertainment,Streaming,3876.24,Cash,Credit Card A/C,Yes,Discretionary,Freelance Client,2500.0,Entertainment transaction #875,reimbursable
TXN100938,2025-05-04,Expense,Utilities,Water,₹3887.52,UPI,Credit Card A/C,No,Essential,,3000.0,Utilities transaction #938,
TXN101126,2025-10-25,Expense,Education,Books,7182.21,UPI,Primary Savings,No,Discretionary,BESCOM,4000.0,Education transaction #1126,
TXN101219,2025-04-13,Expense,Transport,Public Transit,5726.57,Cash,Salary Account,Yes,Discretionary,Amazon,4000.0,Transport transaction #1219,review
TXN100124,2025-05-28,Expense,Food,Dining Out,7198.06,Debit Card,Primary Savings,Yes,Discretionary,Amazon,8000.0,Food transaction #124,one-time
TXN102452,2025-06-23,Expense,Groceries,Groceries,4086.46,Debit Card,Credit Card A/C,Yes,Essential,Netflix,6000.0,Groceries transaction #2452,one-time
TXN101071,2025-11-11,Expense,Insurance,Vehicle,1583.87,Net Banking,Salary Account,Yes,Essential,,2000.0,Insurance transaction #1071,
TXN100433,2025-12-11,Expense,Utilities,Internet,6480.03,Cash,Salary Account,Yes,Essential,Swiggy,3000.0,Utilities transaction #433,one-time
TXN100674,2025-03-02,Expense,Insurance,Vehicle,6377.98,Credit Card,Salary Account,Yes,Essential,Netflix,2000.0,Insurance transaction #674,one-time
TXN102408,2025-10-25,Expense,Healthcare,Pharmacy,233.92,Credit Card,Primary Savings,No,Essential,,3000.0,Healthcare transaction #2408,one-time
TXN101099,2025-09-15,Expense,Insurance,Life,7843.12,UPI,Credit Card A/C,Yes,Essential,Freelance Client,2000.0,Insurance transaction #1099,
TXN102262,2024-09-25,Expense,Education,Books,₹2338.3,,Salary Account,Yes,Discretionary,Swiggy,4000.0,Education transaction #2262,reimbursable
TXN102347,2025-12-24,Expense,Healthcare,Doctor Visit,1977.41,Cash,Cash Wallet,Yes,Essential,Landlord,3000.0,Healthcare transaction #2347,
TXN101608,2024-03-22,Expense,Shopping,Home Goods,881.46,Credit Card,Credit Card A/C,Yes,Discretionary,Local Store,5000.0,Shopping transaction #1608,reimbursable
